--
-- PostgreSQL database dump
--

-- Dumped from database version 13.3
-- Dumped by pg_dump version 13.3

SET statement_timeout = 0;
SET lock_timeout = 0;
SET idle_in_transaction_session_timeout = 0;
SET client_encoding = 'UTF8';
SET standard_conforming_strings = on;
SELECT pg_catalog.set_config('search_path', '', false);
SET check_function_bodies = false;
SET xmloption = content;
SET client_min_messages = warning;
SET row_security = off;

SET default_tablespace = '';

SET default_table_access_method = heap;

--
-- Name: bu_exercise_urls; Type: TABLE; Schema: public; Owner: postgres
--

CREATE TABLE public.bu_exercise_urls (
    url character varying(100) NOT NULL,
    hidden_url character varying(100) NOT NULL,
    exercise integer NOT NULL
);


ALTER TABLE public.bu_exercise_urls OWNER TO postgres;

--
-- Name: error_categories; Type: TABLE; Schema: public; Owner: postgres
--

CREATE TABLE public.error_categories (
    name character varying(25) NOT NULL,
    id integer NOT NULL
);


ALTER TABLE public.error_categories OWNER TO postgres;

--
-- Name: error_grading_group; Type: TABLE; Schema: public; Owner: postgres
--

CREATE TABLE public.error_grading_group (
    id integer NOT NULL
);


ALTER TABLE public.error_grading_group OWNER TO postgres;

--
-- Name: error_gradings; Type: TABLE; Schema: public; Owner: postgres
--

CREATE TABLE public.error_gradings (
    grading_group integer NOT NULL,
    grading_level integer NOT NULL,
    grading_category integer NOT NULL,
    minus_points numeric NOT NULL
);


ALTER TABLE public.error_gradings OWNER TO postgres;

--
-- Name: exercise; Type: TABLE; Schema: public; Owner: postgres
--

CREATE TABLE public.exercise (
    id integer NOT NULL,
    query character varying(1000) NOT NULL,
    gradings integer,
    points numeric
);


ALTER TABLE public.exercise OWNER TO postgres;

--
-- Name: exercise_urls; Type: TABLE; Schema: public; Owner: postgres
--

CREATE TABLE public.exercise_urls (
    url character varying(100) NOT NULL,
    hidden_url character varying(100) NOT NULL,
    exercise integer NOT NULL
);


ALTER TABLE public.exercise_urls OWNER TO postgres;

--
-- Name: sortings; Type: TABLE; Schema: public; Owner: postgres
--

CREATE TABLE public.sortings (
    xpath character varying(50) NOT NULL,
    exercise integer NOT NULL
);


ALTER TABLE public.sortings OWNER TO postgres;

--
-- Name: xmldocs; Type: TABLE; Schema: public; Owner: postgres
--

CREATE TABLE public.xmldocs (
    id integer NOT NULL,
    doc xml,
    filename character varying(20)
);


ALTER TABLE public.xmldocs OWNER TO postgres;

--
-- Data for Name: bu_exercise_urls; Type: TABLE DATA; Schema: public; Owner: postgres
--

COPY public.bu_exercise_urls (url, hidden_url, exercise) FROM stdin;
http://etutor.dke.uni-linz.ac.at/etutor/XML?id=2	http://etutor.dke.uni-linz.ac.at/etutor/XML?id=2_enc	13043
http://etutor.dke.uni-linz.ac.at/etutor/XML?id=1	http://etutor.dke.uni-linz.ac.at/etutor/XML?id=1_enc	13059
http://etutor.dke.uni-linz.ac.at/etutor/XML?id=1	http://etutor.dke.uni-linz.ac.at/etutor/XML?id=1010	13055
http://etutor.dke.uni-linz.ac.at/etutor/XML?id=1	http://etutor.dke.uni-linz.ac.at/etutor/XML?id=1009	13061
http://etutor.dke.uni-linz.ac.at/etutor/XML?id=5001	http://etutor.dke.uni-linz.ac.at/etutor/XML?id=5002	14316
http://etutor.dke.uni-linz.ac.at/etutor/XML?id=2	http://etutor.dke.uni-linz.ac.at/etutor/XML?id=2_enc	13044
http://etutor.dke.uni-linz.ac.at/etutor/XML?id=2	http://etutor.dke.uni-linz.ac.at/etutor/XML?id=2_enc	13047
http://etutor.dke.uni-linz.ac.at/etutor/XML?id=1	http://etutor.dke.uni-linz.ac.at/etutor/XML?id=1_enc	13053
http://etutor.dke.uni-linz.ac.at/etutor/XML?id=1	http://etutor.dke.uni-linz.ac.at/etutor/XML?id=1_enc	13060
http://etutor.dke.uni-linz.ac.at/etutor/XML?id=1	http://etutor.dke.uni-linz.ac.at/etutor/XML?id=1009	13056
http://etutor.dke.uni-linz.ac.at/etutor/XML?id=1	http://etutor.dke.uni-linz.ac.at/etutor/XML?id=1009	13057
http://etutor.dke.uni-linz.ac.at/etutor/XML?id=1	http://etutor.dke.uni-linz.ac.at/etutor/XML?id=1009	13062
http://etutor.dke.uni-linz.ac.at/etutor/XML?id=1	http://etutor.dke.uni-linz.ac.at/etutor/XML?id=1_enc	13054
http://etutor.dke.uni-linz.ac.at/etutor/XML?id=1	http://etutor.dke.uni-linz.ac.at/etutor/XML?id=1_enc	14267
http://etutor.dke.uni-linz.ac.at/etutor/XML?id=1	http://etutor.dke.uni-linz.ac.at/etutor/XML?id=1_enc	14268
http://etutor.dke.uni-linz.ac.at/etutor/XML?id=1	http://etutor.dke.uni-linz.ac.at/etutor/XML?id=1_enc	14269
http://etutor.dke.uni-linz.ac.at/etutor/XML?id=1	http://etutor.dke.uni-linz.ac.at/etutor/XML?id=1_enc	14270
http://etutor.dke.uni-linz.ac.at/etutor/XML?id=1	http://etutor.dke.uni-linz.ac.at/etutor/XML?id=1_enc	14272
http://etutor.dke.uni-linz.ac.at/etutor/XML?id=1	http://etutor.dke.uni-linz.ac.at/etutor/XML?id=1_enc	14273
http://etutor.dke.uni-linz.ac.at/etutor/XML?id=5001	http://etutor.dke.uni-linz.ac.at/etutor/XML?id=5002	14311
http://etutor.dke.uni-linz.ac.at/etutor/XML?id=1	http://etutor.dke.uni-linz.ac.at/etutor/XML?id=1_enc	14275
http://etutor.dke.uni-linz.ac.at/etutor/XML?id=1	http://etutor.dke.uni-linz.ac.at/etutor/XML?id=1_enc	14274
http://etutor.dke.uni-linz.ac.at/etutor/XML?id=5001	http://etutor.dke.uni-linz.ac.at/etutor/XML?id=5002	14308
http://etutor.dke.uni-linz.ac.at/etutor/XML?id=5001	http://etutor.dke.uni-linz.ac.at/etutor/XML?id=5002	14309
http://etutor.dke.uni-linz.ac.at/etutor/XML?id=5001	http://etutor.dke.uni-linz.ac.at/etutor/XML?id=5002	14314
http://etutor.dke.uni-linz.ac.at/etutor/XML?id=5001	http://etutor.dke.uni-linz.ac.at/etutor/XML?id=5002	14312
http://etutor.dke.uni-linz.ac.at/etutor/XML?id=5001	http://etutor.dke.uni-linz.ac.at/etutor/XML?id=5002	14313
http://etutor.dke.uni-linz.ac.at/etutor/XML?id=5001	http://etutor.dke.uni-linz.ac.at/etutor/XML?id=5001	14318
http://etutor.dke.uni-linz.ac.at/etutor/XML?id=5001	http://etutor.dke.uni-linz.ac.at/etutor/XML?id=5002	14320
http://etutor.dke.uni-linz.ac.at/etutor/XML?id=1	http://etutor.dke.uni-linz.ac.at/etutor/XML?id=1009	14271
http://etutor.dke.uni-linz.ac.at/etutor/XML?id=1	http://etutor.dke.uni-linz.ac.at/etutor/XML?id=1009	13058
http://etutor.dke.uni-linz.ac.at/etutor/XML?id=5001	http://etutor.dke.uni-linz.ac.at/etutor/XML?id=5002	14315
http://etutor.dke.uni-linz.ac.at/etutor/XML?id=5001	http://etutor.dke.uni-linz.ac.at/etutor/XML?id=5002	14307
http://etutor.dke.uni-linz.ac.at/etutor/XML?id=5001	http://etutor.dke.uni-linz.ac.at/etutor/XML?id=5002	14310
http://etutor.dke.uni-linz.ac.at/etutor/XML?id=2	http://etutor.dke.uni-linz.ac.at/etutor/XML?id=2_enc	13045
http://etutor.dke.uni-linz.ac.at/etutor/XML?id=1	http://etutor.dke.uni-linz.ac.at/etutor/XML?id=1009 \t	14319
http://etutor.dke.uni-linz.ac.at/etutor/XML?id=1	http://etutor.dke.uni-linz.ac.at/etutor/XML?id=1_enc	14321
http://etutor.dke.uni-linz.ac.at/etutor/XML?id=1	http://etutor.dke.uni-linz.ac.at/etutor/XML?id=1_enc	14322
http://etutor.dke.uni-linz.ac.at/etutor/XML?id=1	http://etutor.dke.uni-linz.ac.at/etutor/XML?id=1_enc	14323
http://etutor.dke.uni-linz.ac.at/etutor/XML?id=1	http://etutor.dke.uni-linz.ac.at/etutor/XML?id=1_enc	14324
http://etutor.dke.uni-linz.ac.at/etutor/XML?id=1	http://etutor.dke.uni-linz.ac.at/etutor/XML?id=1_enc	14325
http://etutor.dke.uni-linz.ac.at/etutor/XML?id=2	http://etutor.dke.uni-linz.ac.at/etutor/XML?id=2_enc	13046
\.


--
-- Data for Name: error_categories; Type: TABLE DATA; Schema: public; Owner: postgres
--

COPY public.error_categories (name, id) FROM stdin;
missing-node	1
redundant-node	2
displaced-node	3
missing-attribute	4
redundant-attribute	5
incorrect-value	6
\.


--
-- Data for Name: error_grading_group; Type: TABLE DATA; Schema: public; Owner: postgres
--

COPY public.error_grading_group (id) FROM stdin;
1
2
3
\.


--
-- Data for Name: error_gradings; Type: TABLE DATA; Schema: public; Owner: postgres
--

COPY public.error_gradings (grading_group, grading_level, grading_category, minus_points) FROM stdin;
1	1	1	0.5
1	2	2	1
1	3	3	0.5
1	3	4	0.5
1	2	5	0.5
1	1	6	1
2	1	1	0.5
2	2	2	0.5
2	3	3	0.5
2	3	4	0.5
2	2	5	0.5
2	1	6	0.5
\.


--
-- Data for Name: exercise; Type: TABLE DATA; Schema: public; Owner: postgres
--

COPY public.exercise (id, query, gradings, points) FROM stdin;
13043	let $db := doc('http://etutor.dke.uni-linz.ac.at/etutor/XML?id=2')/db,\r\n    $personen := $db/person,\r\n    $wohnungen := $db/wohnung,\r\n    $mietet := $db/mietet\r\nreturn for $w in $wohnungen[gross > 50],\r\n           $p in $personen[stand eq 'verheiratet'],\r\n           $m in $mietet[(@mieternr eq $p/@nr) and (@wohnnr eq $w/@nr)]\r\n       order by $w/@nr\r\n       return <NichtSingleWohnung>{$w/@nr}{$p/name}{$w/gross}</NichtSingleWohnung>	\N	1
14316	let $d := doc('http://etutor.dke.uni-linz.ac.at/etutor/XML?id=5001')/Bilanzen\r\nlet $b02 := $d/Bilanz[@jahr=2002]\r\nlet $b03 := $d/Bilanz[@jahr=2003]\r\n\r\nfor $p02 in $b02/Aktiva//*, $p03 in $b03/Aktiva//*\r\nwhere local-name($p02)=local-name($p03) and not(empty($p02/*)) and not(empty($p03/*))\r\nreturn  <position name="{node-name($p02)}">\r\n        {\r\n        for $v in $p02//*[@summe], $w in $p03//*[@summe]\r\n        let $s02 := data($v/@summe)\r\n        let $s03 := data($w/@summe)\r\n        where local-name($v)=local-name($w)\r\n        return <position name="{node-name($v)}"> { \r\n\t\t(\r\n                  <j2002>{$s02}</j2002>,\r\n                  <j2003>{$s03}</j2003>,\r\n                  <diff>{$s03 - $s02}</diff>\r\n                )\r\n                }\r\n              </position>\r\n        }\r\n\t</position>\r\n	\N	1
13053	let $hk := doc('http://etutor.dke.uni-linz.ac.at/etutor/XML?id=1')/handelskette\r\nreturn <filialenLinz>\r\n  {for $f in $hk/filialen/filiale[plz eq "4040"]\r\n   return <filiale>{$f/inhName, $f/strasse, $f/plz}</filiale>}\r\n</filialenLinz>	\N	1
13059	let $hk := doc('http://etutor.dke.uni-linz.ac.at/etutor/XML?id=1')/handelskette\r\nfor $k in $hk/kunden/kunde\r\nlet $linzFil := $hk/filialen/filiale[plz = "4040"]\r\nwhere empty($hk/rechnungen/rechnung[kundeNr = $k/@kundeNr and filNr = $linzFil/@filNr])\r\norder by $k/name\r\nreturn $k	\N	1
13044	let $db := doc('http://etutor.dke.uni-linz.ac.at/etutor/XML?id=2')/db, \r\n    $personen := $db/person, $wohnungen := $db/wohnung,\r\n    $mietet := $db/mietet\r\nreturn for $b in distinct-values($wohnungen/bezirk)\r\n       where empty(\r\n          for $w in $wohnungen[bezirk eq $b]\r\n          where empty($mietet[(@wohnnr eq $w/@nr) and\r\n                              (bis eq "31.12.2099")])\r\n          return $w)\r\n       order by $b\r\n       return <Bezirk>{$b}</Bezirk>	\N	1
13060	let $hk := doc('http://etutor.dke.uni-linz.ac.at/etutor/XML?id=1')/handelskette\r\nfor $fil in $hk/filialen/filiale\r\nlet $katFil := (\r\n    let $prod := $fil/sortiment/prodInSortiment\r\n    for $prodK in distinct-values($hk/produkte/produkt[@ean = $prod/ean]/kategorie)\r\n    return ($prodK))\r\nlet $prods := $hk/produkte/produkt\r\nwhere every $kat in distinct-values($prods/kategorie)\r\n    satisfies (some $k in $katFil satisfies $k = $kat)\r\nreturn <filiale filialeNr="{$fil/@filNr}"> {\r\n    for $kateg in distinct-values($prods/kategorie)\r\n    return <prodGruppe val="{$kateg}"> {\r\n        for $allePrInKat in $hk/produkte/produkt[kategorie = $kateg]/@ean\r\n        for $p2 in $fil/sortiment/prodInSortiment\r\n        where data($p2/ean) = $allePrInKat\r\n        return $p2/ean }\r\n    </prodGruppe> }\r\n</filiale>	\N	1
13054	let $hk := doc('http://etutor.dke.uni-linz.ac.at/etutor/XML?id=1')/handelskette\r\nfor $billigprodukt in $hk/produkte/produkt[ekPreis < 100]\r\nlet $f := $hk/filialen/filiale[sortiment/prodInSortiment/ean = $billigprodukt/@ean]\r\nlet $bestand := $f/sortiment/prodInSortiment[ean = $billigprodukt/@ean]/bestand\r\nlet $prodbez := $billigprodukt/bezeichnung\r\nreturn <bProdukt ekPreis="{data($billigprodukt/ekPreis)}">\r\n\t\t {$prodbez}\r\n\t\t <dsBestand>{avg($bestand)}</dsBestand>\r\n       </bProdukt>	\N	1
13055	let $hk := doc('http://etutor.dke.uni-linz.ac.at/etutor/XML?id=1')/handelskette\r\nfor $p in $hk/produkte/produkt\r\nwhere not(some $pif in $hk/filialen/filiale/sortiment/prodInSortiment satisfies $p/@ean eq $pif/ean)\r\norder by $p/@ean\r\nreturn $p	\N	1
13062	let $hk := doc('http://etutor.dke.uni-linz.ac.at/etutor/XML?id=1')/handelskette\r\nfor $f in $hk/filialen/filiale\r\nwhere some $ps in $f/sortiment/prodInSortiment satisfies \r\n    $ps/vkPreis < 0.8*$hk/produkte/produkt[@ean eq $ps/ean]/listPreis\r\nreturn\r\n  <filiale>{$f/@filNr,\r\n    for $ps in $f/sortiment/prodInSortiment\r\n    let $listPreis := $hk/produkte/produkt[@ean eq $ps/ean]/listPreis\r\n    where $ps/vkPreis < 0.8 * $listPreis\r\n    return <produkt ean="{$ps/ean}" vkPreis="{$ps/vkPreis}" listPreis="{$listPreis}"/>}\r\n  </filiale>	\N	1
13045	let $db := doc('http://etutor.dke.uni-linz.ac.at/etutor/XML?id=2')/db, \r\n    $personen := $db/person, $wohnungen := $db/wohnung,\r\n    $mietet := $db/mietet\r\nreturn let $ma := $mietet[bis eq '31.12.2099']\r\n       let $qms := (for $m in $ma, $w in $wohnungen[@nr eq $m/@wohnnr]\r\n                    return ($m/preis div $w/gross))\r\nreturn\r\n <mietstatistik>\r\n  <anzahl>{count($ma)}</anzahl>\r\n  <sum-preis>{sum($ma/preis)}</sum-preis>\r\n  <qm-preis>{avg($qms)}</qm-preis>\r\n </mietstatistik>\r\n	\N	1
13056	let $hk := doc('http://etutor.dke.uni-linz.ac.at/etutor/XML?id=1')/handelskette\r\nfor $bon in distinct-values($hk/kunden/kunde/bonStufe)\r\nreturn <bstufe val="{$bon}">\r\n  { for $k in $hk/kunden/kunde[bonStufe = $bon]\r\n    return <name kundeNr="{data($k/@kundeNr)}">\r\n      {data($k/name)}\r\n    </name>\r\n  } \r\n</bstufe>	\N	1
13061	let $hk := doc('http://etutor.dke.uni-linz.ac.at/etutor/XML?id=1')/handelskette\r\nlet $minAnzahlProd := min(\r\n  for $f in $hk/filialen/filiale\r\n  return (count($f/sortiment/prodInSortiment))\r\n)\r\nfor $fil in $hk/filialen/filiale\r\nwhere count($fil/sortiment/prodInSortiment) = $minAnzahlProd\r\nreturn <filiale prodAnzahl="{$minAnzahlProd}">{$fil/@filNr}</filiale>	\N	1
13046	let $db := doc('http://etutor.dke.uni-linz.ac.at/etutor/XML?id=2')/db, \r\n    $personen := $db/person, $wohnungen := $db/wohnung,\r\n    $mietet := $db/mietet\r\nreturn let $gesamtflaeche := sum($wohnungen/gross)\r\n       for $en in distinct-values($wohnungen/@eigentuemer)\r\n       let $p := $personen[@nr eq $en],\r\n           $w := $wohnungen[@eigentuemer eq $en]\r\n       order by sum($w/gross)\r\n       return\r\n <vermieterstatistik anzahl="{count($w)}">{$p/@nr}{$p/name}\r\n  <sum-gross>{sum($w/gross)}</sum-gross>\r\n  <anteil>{sum($w/gross)*100 div $gesamtflaeche}</anteil>\r\n </vermieterstatistik>\r\n	\N	1
13057	let $hk := doc('http://etutor.dke.uni-linz.ac.at/etutor/XML?id=1')/handelskette\r\nfor $kat in distinct-values($hk/produkte/produkt/kategorie)\r\nlet $prod := $hk/produkte/produkt[kategorie = $kat]\r\nlet $price := $hk/filialen/filiale/sortiment/prodInSortiment[ean = $prod/@ean]/vkPreis\r\nreturn <kategorie val="{$kat}">{avg($price)}</kategorie>	\N	1
13058	let $hk := doc('http://etutor.dke.uni-linz.ac.at/etutor/XML?id=1')/handelskette\r\nfor $k in $hk/kunden/kunde\r\nlet $re := $hk/rechnungen/rechnung[kundeNr = $k/@kundeNr]\r\nlet $umsatzPos := (\r\n    for $rPos in $hk/rechnungen/rechnung[kundeNr = $k/@kundeNr]/rposition\r\n\treturn ($rPos/einzelPreis * $rPos/menge))\r\nlet $umsatz := sum($umsatzPos)\r\norder by $umsatz descending\r\nreturn <kunde umsatz="{$umsatz}">{$k/@kundeNr}</kunde>	\N	1
14267	let $hk := doc('http://etutor.dke.uni-linz.ac.at/etutor/XML?id=1')/handelskette return <kundenBonB> {for $k in $hk/kunden/kunde[bonStufe eq "B"] return $k} </kundenBonB>	\N	1
13047	let $db := doc('http://etutor.dke.uni-linz.ac.at/etutor/XML?id=2')/db, \r\n    $personen := $db/person, $wohnungen := $db/wohnung,\r\n    $mietet := $db/mietet\r\nreturn for $b in distinct-values($wohnungen/bezirk)\r\n       let $anzahl := count($wohnungen[bezirk eq $b])\r\n       where empty(for $w in $wohnungen[bezirk eq $b],\r\n                       $m in $mietet[(@wohnnr eq $w/@nr) and \r\n                                     (bis eq "31.12.2099")]\r\n                   return $m)\r\n       order by $b\r\n       return <unbelegterbezirk nr="{$b}" anzahlwohnungen="{$anzahl}"/>\r\n	\N	1
14268	let $hk := doc('http://etutor.dke.uni-linz.ac.at/etutor/XML?id=1')/handelskette for $et in $hk/produkte/produkt[kategorie eq "Ersatz"] return <ersatzteil><ean>{data($et/@ean)}</ean>    {$et/bezeichnung} </ersatzteil>	\N	1
14269	let $hk := doc('http://etutor.dke.uni-linz.ac.at/etutor/XML?id=1')/handelskette let $fil5020 := $hk/filialen/filiale[plz eq "5020"]/@filNr for $k in $hk/kunden/kunde where not(some $r in $hk/rechnungen/rechnung[kundeNr eq $k/@kundeNr]   satisfies $r/filNr = $fil5020) order by $k/name return $k	\N	1
14270	let $hk := doc('http://etutor.dke.uni-linz.ac.at/etutor/XML?id=1')/handelskette let $pg := distinct-values($hk/produkte/produkt/kategorie) for $kat in $pg let $prodInKat := $hk/produkte/produkt[kategorie eq $kat] return <kategorie kname="{$kat}">     <anzahl>{count($prodInKat)}</anzahl> <avgEkPreis>{avg($prodInKat/ekPreis)}</avgEkPreis> </kategorie>	\N	1
14271	let $hk := doc('http://etutor.dke.uni-linz.ac.at/etutor/XML?id=1')/handelskette\r\nlet $bs := distinct-values($hk/kunden/kunde/bonStufe)\r\nfor $bStufe in $bs\r\nlet $kdNrBs := $hk/kunden//kunde[bonStufe eq $bStufe]/@kundeNr,\r\n    $kdCnt := count(distinct-values($kdNrBs))\r\nlet $rPosten :=\r\n    (for $r in $hk/rechnungen/rechnung[kundeNr = $kdNrBs]/rposition\r\n    return ($r/einzelPreis * $r/menge))\r\norder by $bStufe\r\nreturn <bStufe val="{$bStufe}">\r\n    <umsGesamt>{sum($rPosten)}</umsGesamt>\r\n    <umsProKunde>{sum($rPosten) div $kdCnt}</umsProKunde>\r\n</bStufe>	\N	1
14272	let $hk := doc('http://etutor.dke.uni-linz.ac.at/etutor/XML?id=1')/handelskette let $prodAudio := $hk/produkte/produkt[kategorie eq "Audio"]/@ean for $k in $hk/kunden/kunde where not(some $r in $hk/rechnungen/rechnung[kundeNr eq $k/@kundeNr] satisfies $r/rposition/ean = $prodAudio) order by $k/name return <kundeNr>{data($k/@kundeNr)}</kundeNr>	\N	1
14273	let $hk := doc('http://etutor.dke.uni-linz.ac.at/etutor/XML?id=1')/handelskette for $filiale in $hk/filialen/filiale where some $b in $filiale/sortiment/prodInSortiment/bestand satisfies $b < 4 return <bestellung>{$filiale/@filNr, for $prod in $filiale/sortiment/prodInSortiment[bestand < 4] order by $prod/ean return <ean val="{$prod/ean}" bestellmenge="{10 - $prod/bestand}"/>} </bestellung>	\N	1
14274	let $hk := doc('http://etutor.dke.uni-linz.ac.at/etutor/XML?id=1')/handelskette for $fil in $hk/filialen/filiale let $re := $hk/rechnungen/rechnung[bezahlt="N" and filNr=$fil/@filNr] let $anz := count($re) let $offenPos := (for $rPos in $hk/rechnungen/rechnung [bezahlt="N" and filNr=$fil/@filNr]/rposition return ($rPos/einzelPreis * $rPos/menge)) return <filiale anzahlOffen="{$anz}">{$fil/@filNr} {sum($offenPos) } </filiale> \r\n	\N	1
14275	let $hk := doc('http://etutor.dke.uni-linz.ac.at/etutor/XML?id=1')/handelskette let $fil := $hk/filialen/filiale for $prod in $hk/produkte/produkt where every $f in $fil satisfies(some $ean in $f/sortiment/prodInSortiment/ean satisfies ($ean = $prod/@ean)) return <produkt>{$prod/@ean, $prod/bezeichnung, $prod/kategorie}</produkt>	\N	1
14307	let $d := doc('http://etutor.dke.uni-linz.ac.at/etutor/XML?id=5001')/Bilanzen\r\nlet $sa := $d//Sachanlagen\r\nreturn $sa	\N	1
14308	let $d := doc('http://etutor.dke.uni-linz.ac.at/etutor/XML?id=5001')/Bilanzen\r\nlet $sa := $d//Sachanlagen\r\nfor $s in $sa \r\nreturn <Sachgueter vermoegen="{$s/@summe}"/>\r\n	\N	1
14309	let $d := doc('http://etutor.dke.uni-linz.ac.at/etutor/XML?id=5001')/Bilanzen\r\nlet $sa := $d//Sachanlagen\r\nfor $s in $sa \r\nreturn <Sachanlagen>\r\n          <summe>{data($s/@summe)}</summe>\r\n       </Sachanlagen>\r\n	\N	1
14310	let $d := doc('http://etutor.dke.uni-linz.ac.at/etutor/XML?id=5001')/Bilanzen\r\nlet $lfvm := $d/Bilanz[@jahr=2003]/Aktiva/LangfristigesVermoegen/*\r\nfor $v in $lfvm\r\norder by xs:float($v/@summe) descending\r\nreturn $v	\N	1
14311	let $d := doc('http://etutor.dke.uni-linz.ac.at/etutor/XML?id=5001')/Bilanzen\r\nlet $akt := $d/Bilanz[@jahr=2003]/Aktiva//*[@summe>200000]\r\nreturn sum($akt/@summe)\r\n	\N	1
14312	let $d := doc('http://etutor.dke.uni-linz.ac.at/etutor/XML?id=5001')/Bilanzen\r\nfor $v in $d//*\r\nwhere empty($v/*)\r\nreturn $v\r\n	\N	1
14313	let $d := doc('http://etutor.dke.uni-linz.ac.at/etutor/XML?id=5001')/Bilanzen\r\nlet $bilanzen := $d/Bilanz\r\nfor $b in $bilanzen\r\nlet $akt := $b/Aktiva//*[@summe]\r\nreturn <aktiva jahr="{$b/@jahr}" summe="{sum($akt/@summe)}"/>\r\n	\N	1
14314	let $d := doc('http://etutor.dke.uni-linz.ac.at/etutor/XML?id=5001')/Bilanzen\r\nlet $b02 := $d/Bilanz[@jahr=2002]\r\nfor $p02 in $b02/Aktiva//*\r\nreturn  node-name($p02) \r\n	\N	1
14315	let $d := doc('http://etutor.dke.uni-linz.ac.at/etutor/XML?id=5001')/Bilanzen\r\nlet $drei := $d//Bilanz[@jahr=2003]//LangfristigesVermoegen\r\nlet $zwei := $d//Bilanz[@jahr=2002]//LangfristigesVermoegen\r\n\r\nfor $x in $drei/*\r\nfor $xx in $zwei/*\r\n\r\nlet $res := <d>{string($x/@summe)}</d> - <d>{string($xx/@summe)}</d>\r\nlet $name := <g><f>{name($x)}</f></g>\r\nlet $str := <positionsdifferenz name='{string($name)}'>{$res}</positionsdifferenz>\r\nwhere name($x) = name($xx)\r\nreturn $str\r\n	\N	1
14318	let $db := doc('http://etutor.dke.uni-linz.ac.at/etutor/XML?id=5001')\r\nreturn $db	\N	1
14320	let $d := doc('http://etutor.dke.uni-linz.ac.at/etutor/XML?id=5001')/Bilanzen\r\nlet $b02 := $d/Bilanz[@jahr=2002]\r\nlet $b03 := $d/Bilanz[@jahr=2003]\r\n\r\nfor $p02 in $b02/Aktiva//*, $p03 in $b03/Aktiva//*\r\nwhere local-name($p02)=local-name($p03) and not(empty($p02/*)) and not(empty($p03/*))\r\nreturn  <position name="{node-name($p02)}">\r\n        {\r\n        for $v in $p02//*[@summe], $w in $p03//*[@summe]\r\n        let $s02 := data($v/@summe)\r\n        let $s03 := data($w/@summe)\r\n        where local-name($v)=local-name($w)\r\n        return <position name="{node-name($v)}"> { \r\n\t\t(\r\n                  <j2002>{$s02}</j2002>,\r\n                  <j2003>{$s03}</j2003>,\r\n                  <diff>{$s03 - $s02}</diff>\r\n                )\r\n                }\r\n              </position>\r\n        }\r\n\t</position>\r\n	\N	1
14321	let $d := doc('http://etutor.dke.uni-linz.ac.at/etutor/XML?id=1')/handelskette\r\nlet $i := $d//inhName\r\nreturn $i	\N	1
14322	let $d := doc('http://etutor.dke.uni-linz.ac.at/etutor/XML?id=1')/handelskette\r\nlet $p := $d/filialen/filiale[@filNr=1]/sortiment/prodInSortiment[vkPreis>5000]\r\nreturn sum($p/vkPreis)	\N	1
14323	let $d := doc('http://etutor.dke.uni-linz.ac.at/etutor/XML?id=1')/handelskette\r\nlet $kn := $d//kunde\r\nfor $k in $kn \r\nreturn <customer customerNo="{$k/@kundeNr}"/>	\N	1
14324	let $d := doc('http://etutor.dke.uni-linz.ac.at/etutor/XML?id=1')/handelskette\r\nlet $sa := $d//kunde\r\nfor $s in $sa \r\nreturn <kunde>\r\n          <nummer>{data($s/@kundeNr)}</nummer>\r\n       </kunde>	\N	1
14325	let $d := doc('http://etutor.dke.uni-linz.ac.at/etutor/XML?id=1')/handelskette\r\nlet $pis := $d/filialen/filiale[@filNr=1]/sortiment/*\r\nfor $p in $pis\r\norder by xs:float($p/vkPreis) descending\r\nreturn $p	\N	1
14319	let $hk := doc('http://etutor.dke.uni-linz.ac.at/etutor/XML?id=1')/handelskette\r\nlet $bs := distinct-values($hk/kunden/kunde/bonStufe)\r\nfor $bStufe in $bs\r\nlet $kdNrBs := $hk/kunden//kunde[bonStufe eq $bStufe]/@kundeNr,\r\n    $kdCnt := count(distinct-values($kdNrBs))\r\nlet $rPosten :=\r\n    (for $r in $hk/rechnungen/rechnung[kundeNr = $kdNrBs]/rposition\r\n    return ($r/einzelPreis * $r/menge))\r\norder by $bStufe\r\nreturn <bStufe val="{$bStufe}">\r\n    <umsGesamt>{sum($rPosten)}</umsGesamt>\r\n    <umsProKunde>{sum($rPosten) div $kdCnt}</umsProKunde>\r\n</bStufe>	\N	1
\.


--
-- Data for Name: exercise_urls; Type: TABLE DATA; Schema: public; Owner: postgres
--

COPY public.exercise_urls (url, hidden_url, exercise) FROM stdin;
http://etutor.dke.uni-linz.ac.at/etutor/XML?id=1	http://etutor.dke.uni-linz.ac.at/etutor/XML?id=1_enc	13059
http://etutor.dke.uni-linz.ac.at/etutor/XML?id=1	http://etutor.dke.uni-linz.ac.at/etutor/XML?id=1010	13055
http://etutor.dke.uni-linz.ac.at/etutor/XML?id=1	http://etutor.dke.uni-linz.ac.at/etutor/XML?id=1009	13061
http://etutor.dke.uni-linz.ac.at/etutor/XML?id=5001	http://etutor.dke.uni-linz.ac.at/etutor/XML?id=5002	14316
http://etutor.dke.uni-linz.ac.at/etutor/XML?id=2	http://etutor.dke.uni-linz.ac.at/etutor/XML?id=2_enc	13044
http://etutor.dke.uni-linz.ac.at/etutor/XML?id=1	http://etutor.dke.uni-linz.ac.at/etutor/XML?id=1009	13058
http://etutor.dke.uni-linz.ac.at/etutor/XML?id=2	http://etutor.dke.uni-linz.ac.at/etutor/XML?id=2_enc	13047
http://etutor.dke.uni-linz.ac.at/etutor/XML?id=1	http://etutor.dke.uni-linz.ac.at/etutor/XML?id=1_enc	13053
http://etutor.dke.uni-linz.ac.at/etutor/XML?id=1	http://etutor.dke.uni-linz.ac.at/etutor/XML?id=1_enc	13060
http://etutor.dke.uni-linz.ac.at/etutor/XML?id=1	http://etutor.dke.uni-linz.ac.at/etutor/XML?id=1009	13056
http://etutor.dke.uni-linz.ac.at/etutor/XML?id=1	http://etutor.dke.uni-linz.ac.at/etutor/XML?id=1009	13062
http://etutor.dke.uni-linz.ac.at/etutor/XML?id=1	http://etutor.dke.uni-linz.ac.at/etutor/XML?id=1_enc	13054
http://etutor.dke.uni-linz.ac.at/etutor/XML?id=1	http://etutor.dke.uni-linz.ac.at/etutor/XML?id=1_enc	14267
http://etutor.dke.uni-linz.ac.at/etutor/XML?id=1	http://etutor.dke.uni-linz.ac.at/etutor/XML?id=1_enc	14268
http://etutor.dke.uni-linz.ac.at/etutor/XML?id=1	http://etutor.dke.uni-linz.ac.at/etutor/XML?id=1_enc	14269
http://etutor.dke.uni-linz.ac.at/etutor/XML?id=1	http://etutor.dke.uni-linz.ac.at/etutor/XML?id=1_enc	14270
http://etutor.dke.uni-linz.ac.at/etutor/XML?id=1	http://etutor.dke.uni-linz.ac.at/etutor/XML?id=1_enc	14272
http://etutor.dke.uni-linz.ac.at/etutor/XML?id=1	http://etutor.dke.uni-linz.ac.at/etutor/XML?id=1_enc	14273
http://etutor.dke.uni-linz.ac.at/etutor/XML?id=5001	http://etutor.dke.uni-linz.ac.at/etutor/XML?id=5002	14311
http://etutor.dke.uni-linz.ac.at/etutor/XML?id=1	http://etutor.dke.uni-linz.ac.at/etutor/XML?id=1_enc	14275
http://etutor.dke.uni-linz.ac.at/etutor/XML?id=1	http://etutor.dke.uni-linz.ac.at/etutor/XML?id=1_enc	14274
http://etutor.dke.uni-linz.ac.at/etutor/XML?id=5001	http://etutor.dke.uni-linz.ac.at/etutor/XML?id=5002	14308
http://etutor.dke.uni-linz.ac.at/etutor/XML?id=5001	http://etutor.dke.uni-linz.ac.at/etutor/XML?id=5002	14309
http://etutor.dke.uni-linz.ac.at/etutor/XML?id=5001	http://etutor.dke.uni-linz.ac.at/etutor/XML?id=5002	14314
http://etutor.dke.uni-linz.ac.at/etutor/XML?id=5001	http://etutor.dke.uni-linz.ac.at/etutor/XML?id=5002	14312
http://etutor.dke.uni-linz.ac.at/etutor/XML?id=5001	http://etutor.dke.uni-linz.ac.at/etutor/XML?id=5002	14313
http://etutor.dke.uni-linz.ac.at/etutor/XML?id=5001	http://etutor.dke.uni-linz.ac.at/etutor/XML?id=5001	14318
http://etutor.dke.uni-linz.ac.at/etutor/XML?id=5001	http://etutor.dke.uni-linz.ac.at/etutor/XML?id=5002	14320
http://etutor.dke.uni-linz.ac.at/etutor/XML?id=1	http://etutor.dke.uni-linz.ac.at/etutor/XML?id=1009	14271
http://etutor.dke.uni-linz.ac.at/etutor/XML?id=5001	http://etutor.dke.uni-linz.ac.at/etutor/XML?id=5002	14315
http://etutor.dke.uni-linz.ac.at/etutor/XML?id=5001	http://etutor.dke.uni-linz.ac.at/etutor/XML?id=5002	14307
http://etutor.dke.uni-linz.ac.at/etutor/XML?id=5001	http://etutor.dke.uni-linz.ac.at/etutor/XML?id=5002	14310
http://etutor.dke.uni-linz.ac.at/etutor/XML?id=2	http://etutor.dke.uni-linz.ac.at/etutor/XML?id=2_enc	13045
http://etutor.dke.uni-linz.ac.at/etutor/XML?id=2	http://etutor.dke.uni-linz.ac.at/etutor/XML?id=2_enc	13043
http://etutor.dke.uni-linz.ac.at/etutor/XML?id=1	http://etutor.dke.uni-linz.ac.at/etutor/XML?id=1009 \t	14319
http://etutor.dke.uni-linz.ac.at/etutor/XML?id=1	http://etutor.dke.uni-linz.ac.at/etutor/XML?id=1009	13057
http://etutor.dke.uni-linz.ac.at/etutor/XML?id=1	http://etutor.dke.uni-linz.ac.at/etutor/XML?id=1_enc	14321
http://etutor.dke.uni-linz.ac.at/etutor/XML?id=1	http://etutor.dke.uni-linz.ac.at/etutor/XML?id=1_enc	14322
http://etutor.dke.uni-linz.ac.at/etutor/XML?id=1	http://etutor.dke.uni-linz.ac.at/etutor/XML?id=1_enc	14323
http://etutor.dke.uni-linz.ac.at/etutor/XML?id=1	http://etutor.dke.uni-linz.ac.at/etutor/XML?id=1_enc	14324
http://etutor.dke.uni-linz.ac.at/etutor/XML?id=1	http://etutor.dke.uni-linz.ac.at/etutor/XML?id=1_enc	14325
http://etutor.dke.uni-linz.ac.at/etutor/XML?id=2	http://etutor.dke.uni-linz.ac.at/etutor/XML?id=2_enc	13046
\.


--
-- Data for Name: sortings; Type: TABLE DATA; Schema: public; Owner: postgres
--

COPY public.sortings (xpath, exercise) FROM stdin;
//Bezirk	13044
//unbelegterbezirk	13047
//produkt	13055
//kunde	13059
//kunde	13058
//NichtSingleWohnung	13043
//*	14310
/prodInSortiment/vkPreis	14325
//vkPreis	14325
//vermieterstatistik	13046
\.


--
-- Data for Name: xmldocs; Type: TABLE DATA; Schema: public; Owner: postgres
--

COPY public.xmldocs (id, doc, filename) FROM stdin;
1	<handelskette>\n\t<produkte>\n\t\t<produkt ean="0-666-4567-2-22">\n\t\t\t<bezeichnung>Autoschampoo</bezeichnung>\n\t\t\t<kategorie>Pflege</kategorie>\n\t\t\t<ekPreis>35</ekPreis>\n\t\t\t<listPreis>69</listPreis>\n\t\t</produkt>\n\t\t<produkt ean="0-777-4997-2-43">\n\t\t\t<bezeichnung>Glanzpolitur</bezeichnung>\n\t\t\t<kategorie>Pflege</kategorie>\n\t\t\t<ekPreis>70</ekPreis>\n\t\t\t<listPreis>119</listPreis>\n\t\t</produkt>\n\t\t<produkt ean="0-456-4887-3-22">\n\t\t\t<bezeichnung>Kaltwachs</bezeichnung>\n\t\t\t<kategorie>Pflege</kategorie>\n\t\t\t<ekPreis>90</ekPreis>\n\t\t\t<listPreis>199</listPreis>\n\t\t</produkt>\n\t\t<produkt ean="0-55-48567-16-2">\n\t\t\t<bezeichnung>Armaturenreiniger</bezeichnung>\n\t\t\t<kategorie>Pflege</kategorie>\n\t\t\t<ekPreis>115</ekPreis>\n\t\t\t<listPreis>333</listPreis>\n\t\t</produkt>\n\t\t<produkt ean="1-626-7767-2-99">\n\t\t\t<bezeichnung>Scheibenwischer</bezeichnung>\n\t\t\t<kategorie>Ersatz</kategorie>\n\t\t\t<ekPreis>390</ekPreis>\n\t\t\t<listPreis>400</listPreis>\n\t\t</produkt>\n\t\t<produkt ean="1-256-7700-2-00">\n\t\t\t<bezeichnung>Sportlenkrad</bezeichnung>\n\t\t\t<kategorie>Ersatz</kategorie>\n\t\t\t<ekPreis>1300</ekPreis>\n\t\t\t<listPreis>1999</listPreis>\n\t\t</produkt>\n\t\t<produkt ean="1-333-7788-2-31">\n\t\t\t<bezeichnung>Gaspedal</bezeichnung>\n\t\t\t<kategorie>Ersatz</kategorie>\n\t\t\t<ekPreis>800</ekPreis>\n\t\t\t<listPreis>960</listPreis>\n\t\t</produkt>\n\t\t<produkt ean="2-446-7240-9-15">\n\t\t\t<bezeichnung>Rennsitz</bezeichnung>\n\t\t\t<kategorie>Ersatz</kategorie>\n\t\t\t<ekPreis>18900</ekPreis>\n\t\t\t<listPreis>22999</listPreis>\n\t\t</produkt>\n\t\t<produkt ean="0-596-4628-0-00">\n\t\t\t<bezeichnung>Wagenheber</bezeichnung>\n\t\t\t<kategorie>Ersatz</kategorie>\n\t\t\t<ekPreis>890</ekPreis>\n\t\t\t<listPreis>1299</listPreis>\n\t\t</produkt>\n\t\t<produkt ean="9-396-7510-9-00">\n\t\t\t<bezeichnung>Chromfelge</bezeichnung>\n\t\t\t<kategorie>Ersatz</kategorie>\n\t\t\t<ekPreis>9000</ekPreis>\n\t\t\t<listPreis>12980</listPreis>\n\t\t</produkt>\n\t\t<produkt ean="3-211-1000-2-00">\n\t\t\t<bezeichnung>Sonnenschutz</bezeichnung>\n\t\t\t<kategorie>Ersatz</kategorie>\n\t\t\t<ekPreis>160</ekPreis>\n\t\t\t<listPreis>250</listPreis>\n\t\t</produkt>\n\t\t<produkt ean="7-2881-760-3-70">\n\t\t\t<bezeichnung>Schraubantenne</bezeichnung>\n\t\t\t<kategorie>Audio</kategorie>\n\t\t\t<ekPreis>965</ekPreis>\n\t\t\t<listPreis>1300</listPreis>\n\t\t</produkt>\n\t\t<produkt ean="5-2671-955-5-55">\n\t\t\t<bezeichnung>Autoradio</bezeichnung>\n\t\t\t<kategorie>Audio</kategorie>\n\t\t\t<ekPreis>5555</ekPreis>\n\t\t\t<listPreis>6800</listPreis>\n\t\t</produkt>\n\t\t<produkt ean="1-4444-652-8-88">\n\t\t\t<bezeichnung>CD-Wechsler</bezeichnung>\n\t\t\t<kategorie>Audio</kategorie>\n\t\t\t<ekPreis>2345</ekPreis>\n\t\t\t<listPreis>3999</listPreis>\n\t\t</produkt>\n\t\t<produkt ean="3-1111-654-3-99">\n\t\t\t<bezeichnung>Lautsprecher</bezeichnung>\n\t\t\t<kategorie>Audio</kategorie>\n\t\t\t<ekPreis>999</ekPreis>\n\t\t\t<listPreis>1599</listPreis>\n\t\t</produkt>\n\t\t<produkt ean="3-5674-904-5-13">\n\t\t\t<bezeichnung>Subwoofer</bezeichnung>\n\t\t\t<kategorie>Audio</kategorie>\n\t\t\t<ekPreis>1749</ekPreis>\n\t\t\t<listPreis>2279</listPreis>\n\t\t</produkt>\n\t\t<produkt ean="6-581-1766-3-45">\n\t\t\t<bezeichnung>Telefonhalter</bezeichnung>\n\t\t\t<kategorie>Sonstiges</kategorie>\n\t\t\t<ekPreis>130</ekPreis>\n\t\t\t<listPreis>225</listPreis>\n\t\t</produkt>\n\t\t<produkt ean="6-231-4777-3-15">\n\t\t\t<bezeichnung>Lenkradueberzug</bezeichnung>\n\t\t\t<kategorie>Sonstiges</kategorie>\n\t\t\t<ekPreis>125</ekPreis>\n\t\t\t<listPreis>529</listPreis>\n\t\t</produkt>\n\t\t<produkt ean="4-1161-730-3-88">\n\t\t\t<bezeichnung>Warndreieck</bezeichnung>\n\t\t\t<kategorie>Sonstiges</kategorie>\n\t\t\t<ekPreis>350</ekPreis>\n\t\t\t<listPreis>499</listPreis>\n\t\t</produkt>\n\t\t<produkt ean="0-4381-880-7-00">\n\t\t\t<bezeichnung>Verbandskasten DIN</bezeichnung>\n\t\t\t<kategorie>Sonstiges</kategorie>\n\t\t\t<ekPreis>965</ekPreis>\n\t\t\t<listPreis>999</listPreis>\n\t\t</produkt>\n\t\t<produkt ean="5-6661-000-0-00">\n\t\t\t<bezeichnung>Abschleppseil</bezeichnung>\n\t\t\t<kategorie>Sonstiges</kategorie>\n\t\t\t<ekPreis>225</ekPreis>\n\t\t\t<listPreis>475</listPreis>\n\t\t</produkt>\n\t</produkte>\n\t<filialen>\n\t\t<filiale filNr="1">\n\t\t\t<inhName>Leitner</inhName>\n\t\t\t<strasse>Strubergasse 3</strasse>\n\t\t\t<plz>4040</plz>\n\t\t\t<sortiment>\n\t\t\t\t<prodInSortiment>\n\t\t\t\t\t<ean>0-666-4567-2-22</ean>\n\t\t\t\t\t<vkPreis>69</vkPreis>\n\t\t\t\t\t<preisRed>0</preisRed>\n\t\t\t\t\t<bestand>100</bestand>\n\t\t\t\t</prodInSortiment>\n\t\t\t\t<prodInSortiment>\n\t\t\t\t\t<ean>0-777-4997-2-43</ean>\n\t\t\t\t\t<vkPreis>120</vkPreis>\n\t\t\t\t\t<preisRed>30</preisRed>\n\t\t\t\t\t<bestand>150</bestand>\n\t\t\t\t</prodInSortiment>\n\t\t\t\t<prodInSortiment>\n\t\t\t\t\t<ean>0-456-4887-3-22</ean>\n\t\t\t\t\t<vkPreis>229</vkPreis>\n\t\t\t\t\t<preisRed>0</preisRed>\n\t\t\t\t\t<bestand>130</bestand>\n\t\t\t\t</prodInSortiment>\n\t\t\t\t<prodInSortiment>\n\t\t\t\t\t<ean>1-626-7767-2-99</ean>\n\t\t\t\t\t<vkPreis>420</vkPreis>\n\t\t\t\t\t<preisRed>10</preisRed>\n\t\t\t\t\t<bestand>100</bestand>\n\t\t\t\t</prodInSortiment>\n\t\t\t\t<prodInSortiment>\n\t\t\t\t\t<ean>1-333-7788-2-31</ean>\n\t\t\t\t\t<vkPreis>999</vkPreis>\n\t\t\t\t\t<preisRed>0</preisRed>\n\t\t\t\t\t<bestand>30</bestand>\n\t\t\t\t</prodInSortiment>\n\t\t\t\t<prodInSortiment>\n\t\t\t\t\t<ean>9-396-7510-9-00</ean>\n\t\t\t\t\t<vkPreis>13000</vkPreis>\n\t\t\t\t\t<preisRed>1000</preisRed>\n\t\t\t\t\t<bestand>15</bestand>\n\t\t\t\t</prodInSortiment>\n\t\t\t\t<prodInSortiment>\n\t\t\t\t\t<ean>5-2671-955-5-55</ean>\n\t\t\t\t\t<vkPreis>7000</vkPreis>\n\t\t\t\t\t<preisRed>0</preisRed>\n\t\t\t\t\t<bestand>12</bestand>\n\t\t\t\t</prodInSortiment>\n\t\t\t\t<prodInSortiment>\n\t\t\t\t\t<ean>3-1111-654-3-99</ean>\n\t\t\t\t\t<vkPreis>1700</vkPreis>\n\t\t\t\t\t<preisRed>0</preisRed>\n\t\t\t\t\t<bestand>7</bestand>\n\t\t\t\t</prodInSortiment>\n\t\t\t\t<prodInSortiment>\n\t\t\t\t\t<ean>6-231-4777-3-15</ean>\n\t\t\t\t\t<vkPreis>500</vkPreis>\n\t\t\t\t\t<preisRed>0</preisRed>\n\t\t\t\t\t<bestand>35</bestand>\n\t\t\t\t</prodInSortiment>\n\t\t\t\t<prodInSortiment>\n\t\t\t\t\t<ean>5-6661-000-0-00</ean>\n\t\t\t\t\t<vkPreis>450</vkPreis>\n\t\t\t\t\t<preisRed>0</preisRed>\n\t\t\t\t\t<bestand>11</bestand>\n\t\t\t\t</prodInSortiment>\n\t\t\t\t<prodInSortiment>\n\t\t\t\t\t<ean>0-4381-880-7-00</ean>\n\t\t\t\t\t<vkPreis>1250</vkPreis>\n\t\t\t\t\t<preisRed>250</preisRed>\n\t\t\t\t\t<bestand>85</bestand>\n\t\t\t\t</prodInSortiment>\n\t\t\t\t<prodInSortiment>\n\t\t\t\t\t<ean>4-1161-730-3-88</ean>\n\t\t\t\t\t<vkPreis>500</vkPreis>\n\t\t\t\t\t<preisRed>0</preisRed>\n\t\t\t\t\t<bestand>25</bestand>\n\t\t\t\t</prodInSortiment>\n\t\t\t\t<prodInSortiment>\n\t\t\t\t\t<ean>6-581-1766-3-45</ean>\n\t\t\t\t\t<vkPreis>200</vkPreis>\n\t\t\t\t\t<preisRed>0</preisRed>\n\t\t\t\t\t<bestand>40</bestand>\n\t\t\t\t</prodInSortiment>\n\t\t\t\t<prodInSortiment>\n\t\t\t\t\t<ean>1-4444-652-8-88</ean>\n\t\t\t\t\t<vkPreis>4500</vkPreis>\n\t\t\t\t\t<preisRed>0</preisRed>\n\t\t\t\t\t<bestand>4</bestand>\n\t\t\t\t</prodInSortiment>\n\t\t\t\t<prodInSortiment>\n\t\t\t\t\t<ean>7-2881-760-3-70</ean>\n\t\t\t\t\t<vkPreis>1500</vkPreis>\n\t\t\t\t\t<preisRed>0</preisRed>\n\t\t\t\t\t<bestand>23</bestand>\n\t\t\t\t</prodInSortiment>\n\t\t\t\t<prodInSortiment>\n\t\t\t\t\t<ean>2-446-7240-9-15</ean>\n\t\t\t\t\t<vkPreis>22500</vkPreis>\n\t\t\t\t\t<preisRed>0</preisRed>\n\t\t\t\t\t<bestand>7</bestand>\n\t\t\t\t</prodInSortiment>\n\t\t\t\t<prodInSortiment>\n\t\t\t\t\t<ean>1-256-7700-2-00</ean>\n\t\t\t\t\t<vkPreis>1999</vkPreis>\n\t\t\t\t\t<preisRed>0</preisRed>\n\t\t\t\t\t<bestand>30</bestand>\n\t\t\t\t</prodInSortiment>\n\t\t\t\t<prodInSortiment>\n\t\t\t\t\t<ean>0-55-48567-16-2</ean>\n\t\t\t\t\t<vkPreis>300</vkPreis>\n\t\t\t\t\t<preisRed>0</preisRed>\n\t\t\t\t\t<bestand>100</bestand>\n\t\t\t\t</prodInSortiment>\n\t\t\t</sortiment>\n\t\t</filiale>\n\t\t<filiale filNr="2">\n\t\t\t<inhName>Schraubner</inhName>\n\t\t\t<strasse>Blattallee 7</strasse>\n\t\t\t<plz>4040</plz>\n\t\t\t<sortiment>\n\t\t\t\t<prodInSortiment>\n\t\t\t\t\t<ean>0-666-4567-2-22</ean>\n\t\t\t\t\t<vkPreis>69</vkPreis>\n\t\t\t\t\t<preisRed>0</preisRed>\n\t\t\t\t\t<bestand>90</bestand>\n\t\t\t\t</prodInSortiment>\n\t\t\t\t<prodInSortiment>\n\t\t\t\t\t<ean>0-55-48567-16-2</ean>\n\t\t\t\t\t<vkPreis>390</vkPreis>\n\t\t\t\t\t<preisRed>0</preisRed>\n\t\t\t\t\t<bestand>100</bestand>\n\t\t\t\t</prodInSortiment>\n\t\t\t\t<prodInSortiment>\n\t\t\t\t\t<ean>1-256-7700-2-00</ean>\n\t\t\t\t\t<vkPreis>1900</vkPreis>\n\t\t\t\t\t<preisRed>0</preisRed>\n\t\t\t\t\t<bestand>40</bestand>\n\t\t\t\t</prodInSortiment>\n\t\t\t\t<prodInSortiment>\n\t\t\t\t\t<ean>9-396-7510-9-00</ean>\n\t\t\t\t\t<vkPreis>14000</vkPreis>\n\t\t\t\t\t<preisRed>0</preisRed>\n\t\t\t\t\t<bestand>25</bestand>\n\t\t\t\t</prodInSortiment>\n\t\t\t\t<prodInSortiment>\n\t\t\t\t\t<ean>5-2671-955-5-55</ean>\n\t\t\t\t\t<vkPreis>6800</vkPreis>\n\t\t\t\t\t<preisRed>250</preisRed>\n\t\t\t\t\t<bestand>9</bestand>\n\t\t\t\t</prodInSortiment>\n\t\t\t\t<prodInSortiment>\n\t\t\t\t\t<ean>3-1111-654-3-99</ean>\n\t\t\t\t\t<vkPreis>1500</vkPreis>\n\t\t\t\t\t<preisRed>125</preisRed>\n\t\t\t\t\t<bestand>1</bestand>\n\t\t\t\t</prodInSortiment>\n\t\t\t\t<prodInSortiment>\n\t\t\t\t\t<ean>5-6661-000-0-00</ean>\n\t\t\t\t\t<vkPreis>400</vkPreis>\n\t\t\t\t\t<preisRed>0</preisRed>\n\t\t\t\t\t<bestand>1</bestand>\n\t\t\t\t</prodInSortiment>\n\t\t\t\t<prodInSortiment>\n\t\t\t\t\t<ean>0-4381-880-7-00</ean>\n\t\t\t\t\t<vkPreis>1220</vkPreis>\n\t\t\t\t\t<preisRed>0</preisRed>\n\t\t\t\t\t<bestand>5</bestand>\n\t\t\t\t</prodInSortiment>\n\t\t\t\t<prodInSortiment>\n\t\t\t\t\t<ean>4-1161-730-3-88</ean>\n\t\t\t\t\t<vkPreis>500</vkPreis>\n\t\t\t\t\t<preisRed>11</preisRed>\n\t\t\t\t\t<bestand>8</bestand>\n\t\t\t\t</prodInSortiment>\n\t\t\t\t<prodInSortiment>\n\t\t\t\t\t<ean>6-231-4777-3-15</ean>\n\t\t\t\t\t<vkPreis>530</vkPreis>\n\t\t\t\t\t<preisRed>0</preisRed>\n\t\t\t\t\t<bestand>0</bestand>\n\t\t\t\t</prodInSortiment>\n\t\t\t\t<prodInSortiment>\n\t\t\t\t\t<ean>6-581-1766-3-45</ean>\n\t\t\t\t\t<vkPreis>230</vkPreis>\n\t\t\t\t\t<preisRed>0</preisRed>\n\t\t\t\t\t<bestand>44</bestand>\n\t\t\t\t</prodInSortiment>\n\t\t\t\t<prodInSortiment>\n\t\t\t\t\t<ean>1-4444-652-8-88</ean>\n\t\t\t\t\t<vkPreis>4000</vkPreis>\n\t\t\t\t\t<preisRed>0</preisRed>\n\t\t\t\t\t<bestand>3</bestand>\n\t\t\t\t</prodInSortiment>\n\t\t\t\t<prodInSortiment>\n\t\t\t\t\t<ean>7-2881-760-3-70</ean>\n\t\t\t\t\t<vkPreis>1300</vkPreis>\n\t\t\t\t\t<preisRed>0</preisRed>\n\t\t\t\t\t<bestand>9</bestand>\n\t\t\t\t</prodInSortiment>\n\t\t\t\t<prodInSortiment>\n\t\t\t\t\t<ean>2-446-7240-9-15</ean>\n\t\t\t\t\t<vkPreis>21999</vkPreis>\n\t\t\t\t\t<preisRed>0</preisRed>\n\t\t\t\t\t<bestand>0</bestand>\n\t\t\t\t</prodInSortiment>\n\t\t\t\t<prodInSortiment>\n\t\t\t\t\t<ean>1-626-7767-2-99</ean>\n\t\t\t\t\t<vkPreis>400</vkPreis>\n\t\t\t\t\t<preisRed>0</preisRed>\n\t\t\t\t\t<bestand>110</bestand>\n\t\t\t\t</prodInSortiment>\n\t\t\t\t<prodInSortiment>\n\t\t\t\t\t<ean>0-456-4887-3-22</ean>\n\t\t\t\t\t<vkPreis>200</vkPreis>\n\t\t\t\t\t<preisRed>0</preisRed>\n\t\t\t\t\t<bestand>120</bestand>\n\t\t\t\t</prodInSortiment>\n\t\t\t\t<prodInSortiment>\n\t\t\t\t\t<ean>0-777-4997-2-43</ean>\n\t\t\t\t\t<vkPreis>125</vkPreis>\n\t\t\t\t\t<preisRed>0</preisRed>\n\t\t\t\t\t<bestand>155</bestand>\n\t\t\t\t</prodInSortiment>\n\t\t\t</sortiment>\n\t\t</filiale>\n\t\t<filiale filNr="3">\n\t\t\t<inhName>Rathgeb</inhName>\n\t\t\t<strasse>Hauptstrasse 22</strasse>\n\t\t\t<plz>5020</plz>\n\t\t\t<sortiment>\n\t\t\t\t<prodInSortiment>\n\t\t\t\t\t<ean>0-666-4567-2-22</ean>\n\t\t\t\t\t<vkPreis>90</vkPreis>\n\t\t\t\t\t<preisRed>0</preisRed>\n\t\t\t\t\t<bestand>85</bestand>\n\t\t\t\t</prodInSortiment>\n\t\t\t\t<prodInSortiment>\n\t\t\t\t\t<ean>9-396-7510-9-00</ean>\n\t\t\t\t\t<vkPreis>13800</vkPreis>\n\t\t\t\t\t<preisRed>0</preisRed>\n\t\t\t\t\t<bestand>5</bestand>\n\t\t\t\t</prodInSortiment>\n\t\t\t\t<prodInSortiment>\n\t\t\t\t\t<ean>5-2671-955-5-55</ean>\n\t\t\t\t\t<vkPreis>6800</vkPreis>\n\t\t\t\t\t<preisRed>0</preisRed>\n\t\t\t\t\t<bestand>0</bestand>\n\t\t\t\t</prodInSortiment>\n\t\t\t\t<prodInSortiment>\n\t\t\t\t\t<ean>6-581-1766-3-45</ean>\n\t\t\t\t\t<vkPreis>230</vkPreis>\n\t\t\t\t\t<preisRed>0</preisRed>\n\t\t\t\t\t<bestand>14</bestand>\n\t\t\t\t</prodInSortiment>\n\t\t\t\t<prodInSortiment>\n\t\t\t\t\t<ean>5-6661-000-0-00</ean>\n\t\t\t\t\t<vkPreis>380</vkPreis>\n\t\t\t\t\t<preisRed>0</preisRed>\n\t\t\t\t\t<bestand>4</bestand>\n\t\t\t\t</prodInSortiment>\n\t\t\t\t<prodInSortiment>\n\t\t\t\t\t<ean>0-4381-880-7-00</ean>\n\t\t\t\t\t<vkPreis>1211</vkPreis>\n\t\t\t\t\t<preisRed>0</preisRed>\n\t\t\t\t\t<bestand>4</bestand>\n\t\t\t\t</prodInSortiment>\n\t\t\t\t<prodInSortiment>\n\t\t\t\t\t<ean>6-231-4777-3-15</ean>\n\t\t\t\t\t<vkPreis>530</vkPreis>\n\t\t\t\t\t<preisRed>0</preisRed>\n\t\t\t\t\t<bestand>4</bestand>\n\t\t\t\t</prodInSortiment>\n\t\t\t\t<prodInSortiment>\n\t\t\t\t\t<ean>1-4444-652-8-88</ean>\n\t\t\t\t\t<vkPreis>3999</vkPreis>\n\t\t\t\t\t<preisRed>0</preisRed>\n\t\t\t\t\t<bestand>0</bestand>\n\t\t\t\t</prodInSortiment>\n\t\t\t\t<prodInSortiment>\n\t\t\t\t\t<ean>7-2881-760-3-70</ean>\n\t\t\t\t\t<vkPreis>1300</vkPreis>\n\t\t\t\t\t<preisRed>0</preisRed>\n\t\t\t\t\t<bestand>0</bestand>\n\t\t\t\t</prodInSortiment>\n\t\t\t\t<prodInSortiment>\n\t\t\t\t\t<ean>1-256-7700-2-00</ean>\n\t\t\t\t\t<vkPreis>1900</vkPreis>\n\t\t\t\t\t<preisRed>0</preisRed>\n\t\t\t\t\t<bestand>10</bestand>\n\t\t\t\t</prodInSortiment>\n\t\t\t\t<prodInSortiment>\n\t\t\t\t\t<ean>0-456-4887-3-22</ean>\n\t\t\t\t\t<vkPreis>199</vkPreis>\n\t\t\t\t\t<preisRed>0</preisRed>\n\t\t\t\t\t<bestand>80</bestand>\n\t\t\t\t</prodInSortiment>\n\t\t\t\t<prodInSortiment>\n\t\t\t\t\t<ean>0-55-48567-16-2</ean>\n\t\t\t\t\t<vkPreis>390</vkPreis>\n\t\t\t\t\t<preisRed>0</preisRed>\n\t\t\t\t\t<bestand>90</bestand>\n\t\t\t\t</prodInSortiment>\n\t\t\t\t<prodInSortiment>\n\t\t\t\t\t<ean>1-626-7767-2-99</ean>\n\t\t\t\t\t<vkPreis>400</vkPreis>\n\t\t\t\t\t<preisRed>0</preisRed>\n\t\t\t\t\t<bestand>50</bestand>\n\t\t\t\t</prodInSortiment>\n\t\t\t</sortiment>\n\t\t</filiale>\n\t\t<filiale filNr="4">\n\t\t\t<inhName>Fiedler</inhName>\n\t\t\t<strasse>Feldweg 8</strasse>\n\t\t\t<plz>4040</plz>\n\t\t\t<sortiment>\n\t\t\t\t<prodInSortiment>\n\t\t\t\t\t<ean>0-666-4567-2-22</ean>\n\t\t\t\t\t<vkPreis>23</vkPreis>\n\t\t\t\t\t<preisRed>4</preisRed>\n\t\t\t\t\t<bestand>200</bestand>\n\t\t\t\t</prodInSortiment>\n\t\t\t\t<prodInSortiment>\n\t\t\t\t\t<ean>2-446-7240-9-15</ean>\n\t\t\t\t\t<vkPreis>22480</vkPreis>\n\t\t\t\t\t<preisRed>0</preisRed>\n\t\t\t\t\t<bestand>6</bestand>\n\t\t\t\t</prodInSortiment>\n\t\t\t\t<prodInSortiment>\n\t\t\t\t\t<ean>5-2671-955-5-55</ean>\n\t\t\t\t\t<vkPreis>6900</vkPreis>\n\t\t\t\t\t<preisRed>0</preisRed>\n\t\t\t\t\t<bestand>34</bestand>\n\t\t\t\t</prodInSortiment>\n\t\t\t\t<prodInSortiment>\n\t\t\t\t\t<ean>3-1111-654-3-99</ean>\n\t\t\t\t\t<vkPreis>1600</vkPreis>\n\t\t\t\t\t<preisRed>0</preisRed>\n\t\t\t\t\t<bestand>7</bestand>\n\t\t\t\t</prodInSortiment>\n\t\t\t\t<prodInSortiment>\n\t\t\t\t\t<ean>6-581-1766-3-45</ean>\n\t\t\t\t\t<vkPreis>200</vkPreis>\n\t\t\t\t\t<preisRed>20</preisRed>\n\t\t\t\t\t<bestand>9</bestand>\n\t\t\t\t</prodInSortiment>\n\t\t\t\t<prodInSortiment>\n\t\t\t\t\t<ean>1-4444-652-8-88</ean>\n\t\t\t\t\t<vkPreis>4490</vkPreis>\n\t\t\t\t\t<preisRed>0</preisRed>\n\t\t\t\t\t<bestand>5</bestand>\n\t\t\t\t</prodInSortiment>\n\t\t\t\t<prodInSortiment>\n\t\t\t\t\t<ean>7-2881-760-3-70</ean>\n\t\t\t\t\t<vkPreis>1300</vkPreis>\n\t\t\t\t\t<preisRed>111</preisRed>\n\t\t\t\t\t<bestand>5</bestand>\n\t\t\t\t</prodInSortiment>\n\t\t\t\t<prodInSortiment>\n\t\t\t\t\t<ean>9-396-7510-9-00</ean>\n\t\t\t\t\t<vkPreis>12900</vkPreis>\n\t\t\t\t\t<preisRed>0</preisRed>\n\t\t\t\t\t<bestand>2</bestand>\n\t\t\t\t</prodInSortiment>\n\t\t\t</sortiment>\n\t\t</filiale>\n\t\t<filiale filNr="5">\n\t\t\t<inhName>Hauser</inhName>\n\t\t\t<strasse>Klessheimer Allee 6</strasse>\n\t\t\t<plz>5020</plz>\n\t\t\t<sortiment>\n\t\t\t\t<prodInSortiment>\n\t\t\t\t\t<ean>0-666-4567-2-22</ean>\n\t\t\t\t\t<vkPreis>80</vkPreis>\n\t\t\t\t\t<preisRed>5</preisRed>\n\t\t\t\t\t<bestand>0</bestand>\n\t\t\t\t</prodInSortiment>\n\t\t\t\t<prodInSortiment>\n\t\t\t\t\t<ean>9-396-7510-9-00</ean>\n\t\t\t\t\t<vkPreis>58</vkPreis>\n\t\t\t\t\t<preisRed>2</preisRed>\n\t\t\t\t\t<bestand>120</bestand>\n\t\t\t\t</prodInSortiment>\n\t\t\t\t<prodInSortiment>\n\t\t\t\t\t<ean>0-55-48567-16-2</ean>\n\t\t\t\t\t<vkPreis>330</vkPreis>\n\t\t\t\t\t<preisRed>0</preisRed>\n\t\t\t\t\t<bestand>108</bestand>\n\t\t\t\t</prodInSortiment>\n\t\t\t\t<prodInSortiment>\n\t\t\t\t\t<ean>4-1161-730-3-88</ean>\n\t\t\t\t\t<vkPreis>510</vkPreis>\n\t\t\t\t\t<preisRed>0</preisRed>\n\t\t\t\t\t<bestand>66</bestand>\n\t\t\t\t</prodInSortiment>\n\t\t\t\t<prodInSortiment>\n\t\t\t\t\t<ean>5-6661-000-0-00</ean>\n\t\t\t\t\t<vkPreis>500</vkPreis>\n\t\t\t\t\t<preisRed>0</preisRed>\n\t\t\t\t\t<bestand>3</bestand>\n\t\t\t\t</prodInSortiment>\n\t\t\t\t<prodInSortiment>\n\t\t\t\t\t<ean>0-4381-880-7-00</ean>\n\t\t\t\t\t<vkPreis>1425</vkPreis>\n\t\t\t\t\t<preisRed>125</preisRed>\n\t\t\t\t\t<bestand>2</bestand>\n\t\t\t\t</prodInSortiment>\n\t\t\t\t<prodInSortiment>\n\t\t\t\t\t<ean>6-231-4777-3-15</ean>\n\t\t\t\t\t<vkPreis>525</vkPreis>\n\t\t\t\t\t<preisRed>25</preisRed>\n\t\t\t\t\t<bestand>12</bestand>\n\t\t\t\t</prodInSortiment>\n\t\t\t\t<prodInSortiment>\n\t\t\t\t\t<ean>0-456-4887-3-22</ean>\n\t\t\t\t\t<vkPreis>250</vkPreis>\n\t\t\t\t\t<preisRed>0</preisRed>\n\t\t\t\t\t<bestand>130</bestand>\n\t\t\t\t</prodInSortiment>\n\t\t\t\t<prodInSortiment>\n\t\t\t\t\t<ean>0-777-4997-2-43</ean>\n\t\t\t\t\t<vkPreis>160</vkPreis>\n\t\t\t\t\t<preisRed>0</preisRed>\n\t\t\t\t\t<bestand>150</bestand>\n\t\t\t\t</prodInSortiment>\n\t\t\t</sortiment>\n\t\t</filiale>\n\t\t<filiale filNr="6">\n\t\t\t<inhName>Huber</inhName>\n\t\t\t<strasse>Ring 2</strasse>\n\t\t\t<plz>1010</plz>\n\t\t\t<sortiment>\n\t\t\t\t<prodInSortiment>\n\t\t\t\t\t<ean>0-666-4567-2-22</ean>\n\t\t\t\t\t<vkPreis>70</vkPreis>\n\t\t\t\t\t<preisRed>11</preisRed>\n\t\t\t\t\t<bestand>100</bestand>\n\t\t\t\t</prodInSortiment>\n\t\t\t\t<prodInSortiment>\n\t\t\t\t\t<ean>1-333-7788-2-31</ean>\n\t\t\t\t\t<vkPreis>960</vkPreis>\n\t\t\t\t\t<preisRed>0</preisRed>\n\t\t\t\t\t<bestand>9</bestand>\n\t\t\t\t</prodInSortiment>\n\t\t\t\t<prodInSortiment>\n\t\t\t\t\t<ean>7-2881-760-3-70</ean>\n\t\t\t\t\t<vkPreis>1420</vkPreis>\n\t\t\t\t\t<preisRed>120</preisRed>\n\t\t\t\t\t<bestand>23</bestand>\n\t\t\t\t</prodInSortiment>\n\t\t\t\t<prodInSortiment>\n\t\t\t\t\t<ean>1-4444-652-8-88</ean>\n\t\t\t\t\t<vkPreis>4225</vkPreis>\n\t\t\t\t\t<preisRed>0</preisRed>\n\t\t\t\t\t<bestand>8</bestand>\n\t\t\t\t</prodInSortiment>\n\t\t\t\t<prodInSortiment>\n\t\t\t\t\t<ean>0-4381-880-7-00</ean>\n\t\t\t\t\t<vkPreis>1350</vkPreis>\n\t\t\t\t\t<preisRed>0</preisRed>\n\t\t\t\t\t<bestand>25</bestand>\n\t\t\t\t</prodInSortiment>\n\t\t\t\t<prodInSortiment>\n\t\t\t\t\t<ean>5-6661-000-0-00</ean>\n\t\t\t\t\t<vkPreis>553</vkPreis>\n\t\t\t\t\t<preisRed>23</preisRed>\n\t\t\t\t\t<bestand>11</bestand>\n\t\t\t\t</prodInSortiment>\n\t\t\t\t<prodInSortiment>\n\t\t\t\t\t<ean>3-1111-654-3-99</ean>\n\t\t\t\t\t<vkPreis>1300</vkPreis>\n\t\t\t\t\t<preisRed>0</preisRed>\n\t\t\t\t\t<bestand>7</bestand>\n\t\t\t\t</prodInSortiment>\n\t\t\t\t<prodInSortiment>\n\t\t\t\t\t<ean>5-2671-955-5-55</ean>\n\t\t\t\t\t<vkPreis>6800</vkPreis>\n\t\t\t\t\t<preisRed>0</preisRed>\n\t\t\t\t\t<bestand>12</bestand>\n\t\t\t\t</prodInSortiment>\n\t\t\t\t<prodInSortiment>\n\t\t\t\t\t<ean>9-396-7510-9-00</ean>\n\t\t\t\t\t<vkPreis>11500</vkPreis>\n\t\t\t\t\t<preisRed>0</preisRed>\n\t\t\t\t\t<bestand>15</bestand>\n\t\t\t\t</prodInSortiment>\n\t\t\t\t<prodInSortiment>\n\t\t\t\t\t<ean>1-256-7700-2-00</ean>\n\t\t\t\t\t<vkPreis>2109</vkPreis>\n\t\t\t\t\t<preisRed>0</preisRed>\n\t\t\t\t\t<bestand>0</bestand>\n\t\t\t\t</prodInSortiment>\n\t\t\t\t<prodInSortiment>\n\t\t\t\t\t<ean>0-777-4997-2-43</ean>\n\t\t\t\t\t<vkPreis>95</vkPreis>\n\t\t\t\t\t<preisRed>0</preisRed>\n\t\t\t\t\t<bestand>0</bestand>\n\t\t\t\t</prodInSortiment>\n\t\t\t\t<prodInSortiment>\n\t\t\t\t\t<ean>1-626-7767-2-99</ean>\n\t\t\t\t\t<vkPreis>380</vkPreis>\n\t\t\t\t\t<preisRed>25</preisRed>\n\t\t\t\t\t<bestand>100</bestand>\n\t\t\t\t</prodInSortiment>\n\t\t\t</sortiment>\n\t\t</filiale>\n\t</filialen>\n\t<kunden>\n\t\t<kunde kundeNr="11111">\n\t\t\t<name>Roller</name>\n\t\t\t<bonStufe>C</bonStufe>\n\t\t</kunde>\n\t\t<kunde kundeNr="15882">\n\t\t\t<name>Schieber</name>\n\t\t\t<bonStufe>B</bonStufe>\n\t\t</kunde>\n\t\t<kunde kundeNr="78436">\n\t\t\t<name>Flitzer</name>\n\t\t\t<bonStufe>A</bonStufe>\n\t\t</kunde>\n\t\t<kunde kundeNr="98077">\n\t\t\t<name>Sauser</name>\n\t\t\t<bonStufe>A</bonStufe>\n\t\t</kunde>\n\t\t<kunde kundeNr="24537">\n\t\t\t<name>Raser</name>\n\t\t\t<bonStufe>B</bonStufe>\n\t\t</kunde>\n\t\t<kunde kundeNr="13451">\n\t\t\t<name>Stuerzer</name>\n\t\t\t<bonStufe>C</bonStufe>\n\t\t</kunde>\n\t\t<kunde kundeNr="22221">\n\t\t\t<name>Bremser</name>\n\t\t\t<bonStufe>B</bonStufe>\n\t\t</kunde>\n\t\t<kunde kundeNr="99332">\n\t\t\t<name>Kuppler</name>\n\t\t\t<bonStufe>A</bonStufe>\n\t\t</kunde>\n\t\t<kunde kundeNr="67891">\n\t\t\t<name>Schleifer</name>\n\t\t\t<bonStufe>C</bonStufe>\n\t\t</kunde>\n\t\t<kunde kundeNr="95543">\n\t\t\t<name>Kurver</name>\n\t\t\t<bonStufe>B</bonStufe>\n\t\t</kunde>\n\t\t<kunde kundeNr="55789">\n\t\t\t<name>Schleuderer</name>\n\t\t\t<bonStufe>A</bonStufe>\n\t\t</kunde>\n\t\t<kunde kundeNr="87654">\n\t\t\t<name>Unfaller</name>\n\t\t\t<bonStufe>C</bonStufe>\n\t\t</kunde>\n\t\t<kunde kundeNr="77777">\n\t\t\t<name>Stenzer</name>\n\t\t\t<bonStufe>A</bonStufe>\n\t\t</kunde>\n\t</kunden>\n\t<rechnungen>\n\t\t<rechnung rechnungNr="10" datum="11.08.00">\n\t\t\t<bezahlt>Y</bezahlt>\n\t\t\t<kundeNr>11111</kundeNr>\n\t\t\t<filNr>1</filNr>\n\t\t\t<rposition>\n\t\t\t\t<ean>0-666-4567-2-22</ean>\n\t\t\t\t<einzelPreis>58</einzelPreis>\n\t\t\t\t<menge>5</menge>\n\t\t\t</rposition>\n\t\t</rechnung>\n\t\t<rechnung rechnungNr="11" datum="15.09.00">\n\t\t\t<bezahlt>Y</bezahlt>\n\t\t\t<kundeNr>11111</kundeNr>\n\t\t\t<filNr>1</filNr>\n\t\t\t<rposition>\n\t\t\t\t<ean>4-1161-730-3-88</ean>\n\t\t\t\t<einzelPreis>500</einzelPreis>\n\t\t\t\t<menge>2</menge>\n\t\t\t</rposition>\n\t\t</rechnung>\n\t\t<rechnung rechnungNr="12" datum="03.10.00">\n\t\t\t<bezahlt>Y</bezahlt>\n\t\t\t<kundeNr>11111</kundeNr>\n\t\t\t<filNr>6</filNr>\n\t\t\t<rposition>\n\t\t\t\t<ean>5-6661-000-0-00</ean>\n\t\t\t\t<einzelPreis>530</einzelPreis>\n\t\t\t\t<menge>3</menge>\n\t\t\t</rposition>\n\t\t\t<rposition>\n\t\t\t\t<ean>7-2881-760-3-70</ean>\n\t\t\t\t<einzelPreis>1300</einzelPreis>\n\t\t\t\t<menge>1</menge>\n\t\t\t</rposition>\n\t\t\t<rposition>\n\t\t\t\t<ean>0-4381-880-7-00</ean>\n\t\t\t\t<einzelPreis>1350</einzelPreis>\n\t\t\t\t<menge>1</menge>\n\t\t\t</rposition>\n\t\t</rechnung>\n\t\t<rechnung rechnungNr="13" datum="10.10.00">\n\t\t\t<bezahlt>N</bezahlt>\n\t\t\t<kundeNr>77777</kundeNr>\n\t\t\t<filNr>5</filNr>\n\t\t\t<rposition>\n\t\t\t\t<ean>5-6661-000-0-00</ean>\n\t\t\t\t<einzelPreis>500</einzelPreis>\n\t\t\t\t<menge>3</menge>\n\t\t\t</rposition>\n\t\t</rechnung>\n\t\t<rechnung rechnungNr="14" datum="20.10.00">\n\t\t\t<bezahlt>Y</bezahlt>\n\t\t\t<kundeNr>67891</kundeNr>\n\t\t\t<filNr>2</filNr>\n\t\t\t<rposition>\n\t\t\t\t<ean>3-1111-654-3-99</ean>\n\t\t\t\t<einzelPreis>1300</einzelPreis>\n\t\t\t\t<menge>2</menge>\n\t\t\t</rposition>\n\t\t</rechnung>\n\t\t<rechnung rechnungNr="15" datum="21.10.00">\n\t\t\t<bezahlt>Y</bezahlt>\n\t\t\t<kundeNr>87654</kundeNr>\n\t\t\t<filNr>4</filNr>\n\t\t\t<rposition>\n\t\t\t\t<ean>6-581-1766-3-45</ean>\n\t\t\t\t<einzelPreis>150</einzelPreis>\n\t\t\t\t<menge>1</menge>\n\t\t\t</rposition>\n\t\t</rechnung>\n\t\t<rechnung rechnungNr="16" datum="25.10.00">\n\t\t\t<bezahlt>N</bezahlt>\n\t\t\t<kundeNr>13451</kundeNr>\n\t\t\t<filNr>2</filNr>\n\t\t\t<rposition>\n\t\t\t\t<ean>0-55-48567-16-2</ean>\n\t\t\t\t<einzelPreis>390</einzelPreis>\n\t\t\t\t<menge>5</menge>\n\t\t\t</rposition>\n\t\t</rechnung>\n\t\t<rechnung rechnungNr="20" datum="11.08.00">\n\t\t\t<bezahlt>N</bezahlt>\n\t\t\t<kundeNr>15882</kundeNr>\n\t\t\t<filNr>1</filNr>\n\t\t\t<rposition>\n\t\t\t\t<ean>0-456-4887-3-22</ean>\n\t\t\t\t<einzelPreis>229</einzelPreis>\n\t\t\t\t<menge>1</menge>\n\t\t\t</rposition>\n\t\t\t<rposition>\n\t\t\t\t<ean>2-446-7240-9-15</ean>\n\t\t\t\t<einzelPreis>22500</einzelPreis>\n\t\t\t\t<menge>1</menge>\n\t\t\t</rposition>\n\t\t</rechnung>\n\t\t<rechnung rechnungNr="21" datum="15.09.00">\n\t\t\t<bezahlt>Y</bezahlt>\n\t\t\t<kundeNr>22221</kundeNr>\n\t\t\t<filNr>3</filNr>\n\t\t\t<rposition>\n\t\t\t\t<ean>5-2671-955-5-55</ean>\n\t\t\t\t<einzelPreis>6800</einzelPreis>\n\t\t\t\t<menge>1</menge>\n\t\t\t</rposition>\n\t\t</rechnung>\n\t\t<rechnung rechnungNr="22" datum="03.10.00">\n\t\t\t<bezahlt>Y</bezahlt>\n\t\t\t<kundeNr>95543</kundeNr>\n\t\t\t<filNr>5</filNr>\n\t\t\t<rposition>\n\t\t\t\t<ean>0-55-48567-16-2</ean>\n\t\t\t\t<einzelPreis>330</einzelPreis>\n\t\t\t\t<menge>2</menge>\n\t\t\t</rposition>\n\t\t</rechnung>\n\t\t<rechnung rechnungNr="23" datum="10.10.00">\n\t\t\t<bezahlt>Y</bezahlt>\n\t\t\t<kundeNr>99332</kundeNr>\n\t\t\t<filNr>2</filNr>\n\t\t\t<rposition>\n\t\t\t\t<ean>6-231-4777-3-15</ean>\n\t\t\t\t<einzelPreis>525</einzelPreis>\n\t\t\t\t<menge>3</menge>\n\t\t\t</rposition>\n\t\t\t<rposition>\n\t\t\t\t<ean>5-6661-000-0-00</ean>\n\t\t\t\t<einzelPreis>490</einzelPreis>\n\t\t\t\t<menge>5</menge>\n\t\t\t</rposition>\n\t\t\t<rposition>\n\t\t\t\t<ean>9-396-7510-9-00</ean>\n\t\t\t\t<einzelPreis>14000</einzelPreis>\n\t\t\t\t<menge>1</menge>\n\t\t\t</rposition>\n\t\t</rechnung>\n\t\t<rechnung rechnungNr="24" datum="20.10.00">\n\t\t\t<bezahlt>N</bezahlt>\n\t\t\t<kundeNr>15882</kundeNr>\n\t\t\t<filNr>3</filNr>\n\t\t\t<rposition>\n\t\t\t\t<ean>1-256-7700-2-00</ean>\n\t\t\t\t<einzelPreis>2200</einzelPreis>\n\t\t\t\t<menge>1</menge>\n\t\t\t</rposition>\n\t\t</rechnung>\n\t\t<rechnung rechnungNr="25" datum="21.10.00">\n\t\t\t<bezahlt>Y</bezahlt>\n\t\t\t<kundeNr>22221</kundeNr>\n\t\t\t<filNr>4</filNr>\n\t\t\t<rposition>\n\t\t\t\t<ean>5-2671-955-5-55</ean>\n\t\t\t\t<einzelPreis>6900</einzelPreis>\n\t\t\t\t<menge>1</menge>\n\t\t\t</rposition>\n\t\t</rechnung>\n\t\t<rechnung rechnungNr="26" datum="25.10.00">\n\t\t\t<bezahlt>Y</bezahlt>\n\t\t\t<kundeNr>99332</kundeNr>\n\t\t\t<filNr>1</filNr>\n\t\t\t<rposition>\n\t\t\t\t<ean>5-6661-000-0-00</ean>\n\t\t\t\t<einzelPreis>450</einzelPreis>\n\t\t\t\t<menge>1</menge>\n\t\t\t</rposition>\n\t\t</rechnung>\n\t\t<rechnung rechnungNr="30" datum="11.08.00">\n\t\t\t<bezahlt>Y</bezahlt>\n\t\t\t<kundeNr>24537</kundeNr>\n\t\t\t<filNr>1</filNr>\n\t\t\t<rposition>\n\t\t\t\t<ean>5-2671-955-5-55</ean>\n\t\t\t\t<einzelPreis>7000</einzelPreis>\n\t\t\t\t<menge>1</menge>\n\t\t\t</rposition>\n\t\t</rechnung>\n\t\t<rechnung rechnungNr="31" datum="15.09.00">\n\t\t\t<bezahlt>Y</bezahlt>\n\t\t\t<kundeNr>87654</kundeNr>\n\t\t\t<filNr>4</filNr>\n\t\t\t<rposition>\n\t\t\t\t<ean>9-396-7510-9-00</ean>\n\t\t\t\t<einzelPreis>12900</einzelPreis>\n\t\t\t\t<menge>1</menge>\n\t\t\t</rposition>\n\t\t\t<rposition>\n\t\t\t\t<ean>3-1111-654-3-99</ean>\n\t\t\t\t<einzelPreis>1600</einzelPreis>\n\t\t\t\t<menge>2</menge>\n\t\t\t</rposition>\n\t\t</rechnung>\n\t\t<rechnung rechnungNr="32" datum="20.10.00">\n\t\t\t<bezahlt>Y</bezahlt>\n\t\t\t<kundeNr>98077</kundeNr>\n\t\t\t<filNr>3</filNr>\n\t\t\t<rposition>\n\t\t\t\t<ean>5-6661-000-0-00</ean>\n\t\t\t\t<einzelPreis>380</einzelPreis>\n\t\t\t\t<menge>2</menge>\n\t\t\t</rposition>\n\t\t</rechnung>\n\t\t<rechnung rechnungNr="33" datum="21.10.00">\n\t\t\t<bezahlt>Y</bezahlt>\n\t\t\t<kundeNr>87654</kundeNr>\n\t\t\t<filNr>5</filNr>\n\t\t\t<rposition>\n\t\t\t\t<ean>6-231-4777-3-15</ean>\n\t\t\t\t<einzelPreis>500</einzelPreis>\n\t\t\t\t<menge>2</menge>\n\t\t\t</rposition>\n\t\t</rechnung>\n\t\t<rechnung rechnungNr="40" datum="11.08.00">\n\t\t\t<bezahlt>Y</bezahlt>\n\t\t\t<kundeNr>78436</kundeNr>\n\t\t\t<filNr>1</filNr>\n\t\t\t<rposition>\n\t\t\t\t<ean>6-581-1766-3-45</ean>\n\t\t\t\t<einzelPreis>200</einzelPreis>\n\t\t\t\t<menge>3</menge>\n\t\t\t</rposition>\n\t\t</rechnung>\n\t\t<rechnung rechnungNr="41" datum="20.10.00">\n\t\t\t<bezahlt>N</bezahlt>\n\t\t\t<kundeNr>78436</kundeNr>\n\t\t\t<filNr>3</filNr>\n\t\t\t<rposition>\n\t\t\t\t<ean>0-4381-880-7-00</ean>\n\t\t\t\t<einzelPreis>1100</einzelPreis>\n\t\t\t\t<menge>1</menge>\n\t\t\t</rposition>\n\t\t</rechnung>\n\t\t<rechnung rechnungNr="50" datum="11.08.00">\n\t\t\t<bezahlt>Y</bezahlt>\n\t\t\t<kundeNr>95543</kundeNr>\n\t\t\t<filNr>1</filNr>\n\t\t\t<rposition>\n\t\t\t\t<ean>9-396-7510-9-00</ean>\n\t\t\t\t<einzelPreis>12000</einzelPreis>\n\t\t\t\t<menge>1</menge>\n\t\t\t</rposition>\n\t\t\t<rposition>\n\t\t\t\t<ean>1-4444-652-8-88</ean>\n\t\t\t\t<einzelPreis>4500</einzelPreis>\n\t\t\t\t<menge>1</menge>\n\t\t\t</rposition>\n\t\t</rechnung>\n\t\t<rechnung rechnungNr="51" datum="20.10.00">\n\t\t\t<bezahlt>Y</bezahlt>\n\t\t\t<kundeNr>95543</kundeNr>\n\t\t\t<filNr>5</filNr>\n\t\t\t<rposition>\n\t\t\t\t<ean>4-1161-730-3-88</ean>\n\t\t\t\t<einzelPreis>510</einzelPreis>\n\t\t\t\t<menge>3</menge>\n\t\t\t</rposition>\n\t\t</rechnung>\n\t\t<rechnung rechnungNr="60" datum="11.08.00">\n\t\t\t<bezahlt>N</bezahlt>\n\t\t\t<kundeNr>13451</kundeNr>\n\t\t\t<filNr>2</filNr>\n\t\t\t<rposition>\n\t\t\t\t<ean>0-777-4997-2-43</ean>\n\t\t\t\t<einzelPreis>125</einzelPreis>\n\t\t\t\t<menge>3</menge>\n\t\t\t</rposition>\n\t\t</rechnung>\n\t\t<rechnung rechnungNr="61" datum="20.10.00">\n\t\t\t<bezahlt>N</bezahlt>\n\t\t\t<kundeNr>13451</kundeNr>\n\t\t\t<filNr>5</filNr>\n\t\t\t<rposition>\n\t\t\t\t<ean>5-6661-000-0-00</ean>\n\t\t\t\t<einzelPreis>500</einzelPreis>\n\t\t\t\t<menge>2</menge>\n\t\t\t</rposition>\n\t\t</rechnung>\n\t</rechnungen>\n</handelskette>\n	handelskette.xml
2	<db>\n\t<person nr="p1">\n\t\t<name>Deckere</name>\n\t\t<stand>ledig</stand>\n\t\t<beruf>Student</beruf>\n\t</person>\n\t<person nr="p2">\n\t\t<name>Meier</name>\n\t\t<stand>verheiratet</stand>\n\t\t<beruf>Maurer</beruf>\n\t</person>\n\t<person nr="p3">\n\t\t<name>Huber</name>\n\t\t<stand>ledig</stand>\n\t\t<beruf>Schlosser</beruf>\n\t</person>\n\t<person nr="p4">\n\t\t<name>Bauer</name>\n\t\t<stand>verwitwet</stand>\n\t\t<beruf>Beamter</beruf>\n\t</person>\n\t<person nr="p5">\n\t\t<name>Kaiser</name>\n\t\t<stand>verheiratet</stand>\n\t\t<beruf>Beamter</beruf>\n\t</person>\n\t<person nr="p6">\n\t\t<name>Richter</name>\n\t\t<stand>ledig</stand>\n\t\t<beruf>Anwalt</beruf>\n\t</person>\n\t<person nr="p7">\n\t\t<name>Weiss</name>\n\t\t<stand>ledig</stand>\n\t\t<beruf>Maler</beruf>\n\t</person>\n\t<person nr="p8">\n\t\t<name>Traxler</name>\n\t\t<stand>verheiratet</stand>\n\t\t<beruf>Student</beruf>\n\t</person>\n\t<person nr="p9">\n\t\t<name>Seyfried</name>\n\t\t<stand>ledig</stand>\n\t\t<beruf>Maurer</beruf>\n\t</person>\n\t<person nr="p10">\n\t\t<name>Weikinger</name>\n\t\t<stand>ledig</stand>\n\t\t<beruf>Lehrer</beruf>\n\t</person>\n\t<person nr="p11">\n\t\t<name>Rechberger</name>\n\t\t<stand>verheiratet</stand>\n\t\t<beruf>Hausmeister</beruf>\n\t</person>\n\t<person nr="p12">\n\t\t<name>Gangl</name>\n\t\t<stand>ledig</stand>\n\t\t<beruf>Hausmeister</beruf>\n\t</person>\n\t<person nr="p13">\n\t\t<name>Wallner</name>\n\t\t<stand>verwitwet</stand>\n\t\t<beruf>Beamter</beruf>\n\t</person>\n\t<person nr="p14">\n\t\t<name>Reiber</name>\n\t\t<stand>ledig</stand>\n\t\t<beruf>Student</beruf>\n\t</person>\n\t<mietet mieternr="p1" wohnnr="w2">\n\t\t<preis>500</preis>\n\t\t<von>01.01.1996</von>\n\t\t<bis>31.08.1999</bis>\n\t</mietet>\n\t<mietet mieternr="p8" wohnnr="w2">\n\t\t<preis>900</preis>\n\t\t<von>01.10.1999</von>\n\t\t<bis>31.12.2001</bis>\n\t</mietet>\n\t<mietet mieternr="p2" wohnnr="w7">\n\t\t<preis>950</preis>\n\t\t<von>01.01.1997</von>\n\t\t<bis>31.12.2099</bis>\n\t</mietet>\n\t<mietet mieternr="p6" wohnnr="w9">\n\t\t<preis>1500</preis>\n\t\t<von>01.04.1994</von>\n\t\t<bis>30.09.1999</bis>\n\t</mietet>\n\t<mietet mieternr="p11" wohnnr="w9">\n\t\t<preis>1600</preis>\n\t\t<von>01.10.1999</von>\n\t\t<bis>31.12.2099</bis>\n\t</mietet>\n\t<mietet mieternr="p9" wohnnr="w4">\n\t\t<preis>700</preis>\n\t\t<von>01.01.1997</von>\n\t\t<bis>28.02.1999</bis>\n\t</mietet>\n\t<mietet mieternr="p11" wohnnr="w4">\n\t\t<preis>650</preis>\n\t\t<von>01.03.1999</von>\n\t\t<bis>31.12.2099</bis>\n\t</mietet>\n\t<mietet mieternr="p5" wohnnr="w3">\n\t\t<preis>1100</preis>\n\t\t<von>01.01.1996</von>\n\t\t<bis>31.12.2099</bis>\n\t</mietet>\n\t<mietet mieternr="p8" wohnnr="w11">\n\t\t<preis>1100</preis>\n\t\t<von>01.05.1998</von>\n\t\t<bis>30.09.1999</bis>\n\t</mietet>\n\t<mietet mieternr="p9" wohnnr="w11">\n\t\t<preis>1200</preis>\n\t\t<von>01.01.2000</von>\n\t\t<bis>30.09.2001</bis>\n\t</mietet>\n\t<mietet mieternr="p9" wohnnr="w1">\n\t\t<preis>950</preis>\n\t\t<von>01.01.1996</von>\n\t\t<bis>31.12.2099</bis>\n\t</mietet>\n\t<mietet mieternr="p11" wohnnr="w6">\n\t\t<preis>1400</preis>\n\t\t<von>01.01.1996</von>\n\t\t<bis>01.08.1999</bis>\n\t</mietet>\n\t<mietet mieternr="p1" wohnnr="w13">\n\t\t<preis>2100</preis>\n\t\t<von>01.01.1990</von>\n\t\t<bis>31.12.1997</bis>\n\t</mietet>\n\t<mietet mieternr="p9" wohnnr="w13">\n\t\t<preis>2200</preis>\n\t\t<von>01.01.1998</von>\n\t\t<bis>31.12.2099</bis>\n\t</mietet>\n\t<mietet mieternr="p13" wohnnr="w5">\n\t\t<preis>1000</preis>\n\t\t<von>01.01.1996</von>\n\t\t<bis>31.08.2001</bis>\n\t</mietet>\n\t<mietet mieternr="p14" wohnnr="w12">\n\t\t<preis>1200</preis>\n\t\t<von>01.01.1996</von>\n\t\t<bis>31.01.2002</bis>\n\t</mietet>\n\t<wohnung nr="w1" eigentuemer="p6">\n\t\t<bezirk>4</bezirk>\n\t\t<gross>62</gross>\n\t</wohnung>\n\t<wohnung nr="w2" eigentuemer="p6">\n\t\t<bezirk>1</bezirk>\n\t\t<gross>100</gross>\n\t</wohnung>\n\t<wohnung nr="w3" eigentuemer="p4">\n\t\t<bezirk>1</bezirk>\n\t\t<gross>60</gross>\n\t</wohnung>\n\t<wohnung nr="w4" eigentuemer="p3">\n\t\t<bezirk>2</bezirk>\n\t\t<gross>80</gross>\n\t</wohnung>\n\t<wohnung nr="w5" eigentuemer="p7">\n\t\t<bezirk>5</bezirk>\n\t\t<gross>40</gross>\n\t</wohnung>\n\t<wohnung nr="w6" eigentuemer="p3">\n\t\t<bezirk>3</bezirk>\n\t\t<gross>100</gross>\n\t</wohnung>\n\t<wohnung nr="w7" eigentuemer="p5">\n\t\t<bezirk>4</bezirk>\n\t\t<gross>100</gross>\n\t</wohnung>\n\t<wohnung nr="w8" eigentuemer="p9">\n\t\t<bezirk>5</bezirk>\n\t\t<gross>40</gross>\n\t</wohnung>\n\t<wohnung nr="w9" eigentuemer="p10">\n\t\t<bezirk>5</bezirk>\n\t\t<gross>100</gross>\n\t</wohnung>\n\t<wohnung nr="w10" eigentuemer="p4">\n\t\t<bezirk>3</bezirk>\n\t\t<gross>30</gross>\n\t</wohnung>\n\t<wohnung nr="w11" eigentuemer="p7">\n\t\t<bezirk>3</bezirk>\n\t\t<gross>95</gross>\n\t</wohnung>\n\t<wohnung nr="w12" eigentuemer="p9">\n\t\t<bezirk>3</bezirk>\n\t\t<gross>50</gross>\n\t</wohnung>\n\t<wohnung nr="w13" eigentuemer="p10">\n\t\t<bezirk>4</bezirk>\n\t\t<gross>120</gross>\n\t</wohnung>\n</db>\n	wohnungen.xml\n
1009	<handelskette>\n\t<produkte>\n\t\t<produkt ean="0-666-4567-2-22">\n\t\t\t<bezeichnung>Autoschampoo</bezeichnung>\n\t\t\t<kategorie>Pflege</kategorie>\n\t\t\t<ekPreis>35</ekPreis>\n\t\t\t<listPreis>69</listPreis>\n\t\t</produkt>\n\t\t<produkt ean="0-777-4997-2-43">\n\t\t\t<bezeichnung>Glanzpolitur</bezeichnung>\n\t\t\t<kategorie>Pflege</kategorie>\n\t\t\t<ekPreis>70</ekPreis>\n\t\t\t<listPreis>119</listPreis>\n\t\t</produkt>\n\t\t<produkt ean="0-456-4887-3-22">\n\t\t\t<bezeichnung>Kaltwachs</bezeichnung>\n\t\t\t<kategorie>Pflege</kategorie>\n\t\t\t<ekPreis>90</ekPreis>\n\t\t\t<listPreis>199</listPreis>\n\t\t</produkt>\n\t\t<produkt ean="0-55-48567-16-2">\n\t\t\t<bezeichnung>Armaturenreiniger</bezeichnung>\n\t\t\t<kategorie>Pflege</kategorie>\n\t\t\t<ekPreis>115</ekPreis>\n\t\t\t<listPreis>333</listPreis>\n\t\t</produkt>\n\t\t<produkt ean="1-626-7767-2-99">\n\t\t\t<bezeichnung>Scheibenwischer</bezeichnung>\n\t\t\t<kategorie>Ersatz</kategorie>\n\t\t\t<ekPreis>390</ekPreis>\n\t\t\t<listPreis>400</listPreis>\n\t\t</produkt>\n\t\t<produkt ean="1-256-7700-2-00">\n\t\t\t<bezeichnung>Sportlenkrad</bezeichnung>\n\t\t\t<kategorie>Ersatz</kategorie>\n\t\t\t<ekPreis>1300</ekPreis>\n\t\t\t<listPreis>1999</listPreis>\n\t\t</produkt>\n\t\t<produkt ean="1-333-7788-2-31">\n\t\t\t<bezeichnung>Gaspedal</bezeichnung>\n\t\t\t<kategorie>Ersatz</kategorie>\n\t\t\t<ekPreis>800</ekPreis>\n\t\t\t<listPreis>960</listPreis>\n\t\t</produkt>\n\t\t<produkt ean="2-446-7240-9-15">\n\t\t\t<bezeichnung>Rennsitz</bezeichnung>\n\t\t\t<kategorie>Ersatz</kategorie>\n\t\t\t<ekPreis>18900</ekPreis>\n\t\t\t<listPreis>22999</listPreis>\n\t\t</produkt>\n\t\t<produkt ean="0-596-4628-0-00">\n\t\t\t<bezeichnung>Wagenheber</bezeichnung>\n\t\t\t<kategorie>Ersatz</kategorie>\n\t\t\t<ekPreis>890</ekPreis>\n\t\t\t<listPreis>1299</listPreis>\n\t\t</produkt>\n\t\t<produkt ean="9-396-7510-9-00">\n\t\t\t<bezeichnung>Chromfelge</bezeichnung>\n\t\t\t<kategorie>Ersatz</kategorie>\n\t\t\t<ekPreis>9000</ekPreis>\n\t\t\t<listPreis>12980</listPreis>\n\t\t</produkt>\n\t\t<produkt ean="3-211-1000-2-00">\n\t\t\t<bezeichnung>Sonnenschutz</bezeichnung>\n\t\t\t<kategorie>Ersatz</kategorie>\n\t\t\t<ekPreis>160</ekPreis>\n\t\t\t<listPreis>250</listPreis>\n\t\t</produkt>\n\t\t<produkt ean="7-2881-760-3-70">\n\t\t\t<bezeichnung>Schraubantenne</bezeichnung>\n\t\t\t<kategorie>Audio</kategorie>\n\t\t\t<ekPreis>965</ekPreis>\n\t\t\t<listPreis>1300</listPreis>\n\t\t</produkt>\n\t\t<produkt ean="5-2671-955-5-55">\n\t\t\t<bezeichnung>Autoradio</bezeichnung>\n\t\t\t<kategorie>Audio</kategorie>\n\t\t\t<ekPreis>5555</ekPreis>\n\t\t\t<listPreis>6800</listPreis>\n\t\t</produkt>\n\t\t<produkt ean="1-4444-652-8-88">\n\t\t\t<bezeichnung>CD-Wechsler</bezeichnung>\n\t\t\t<kategorie>Audio</kategorie>\n\t\t\t<ekPreis>2345</ekPreis>\n\t\t\t<listPreis>3999</listPreis>\n\t\t</produkt>\n\t\t<produkt ean="3-1111-654-3-99">\n\t\t\t<bezeichnung>Lautsprecher</bezeichnung>\n\t\t\t<kategorie>Audio</kategorie>\n\t\t\t<ekPreis>999</ekPreis>\n\t\t\t<listPreis>1599</listPreis>\n\t\t</produkt>\n\t\t<produkt ean="3-5674-904-5-13">\n\t\t\t<bezeichnung>Subwoofer</bezeichnung>\n\t\t\t<kategorie>Audio</kategorie>\n\t\t\t<ekPreis>1749</ekPreis>\n\t\t\t<listPreis>2279</listPreis>\n\t\t</produkt>\n\t\t<produkt ean="6-581-1766-3-45">\n\t\t\t<bezeichnung>Telefonhalter</bezeichnung>\n\t\t\t<kategorie>Sonstiges</kategorie>\n\t\t\t<ekPreis>130</ekPreis>\n\t\t\t<listPreis>225</listPreis>\n\t\t</produkt>\n\t\t<produkt ean="6-231-4777-3-15">\n\t\t\t<bezeichnung>Lenkradueberzug</bezeichnung>\n\t\t\t<kategorie>Sonstiges</kategorie>\n\t\t\t<ekPreis>125</ekPreis>\n\t\t\t<listPreis>529</listPreis>\n\t\t</produkt>\n\t\t<produkt ean="4-1161-730-3-88">\n\t\t\t<bezeichnung>Warndreieck</bezeichnung>\n\t\t\t<kategorie>Sonstiges</kategorie>\n\t\t\t<ekPreis>350</ekPreis>\n\t\t\t<listPreis>499</listPreis>\n\t\t</produkt>\n\t\t<produkt ean="0-4381-880-7-00">\n\t\t\t<bezeichnung>Verbandskasten DIN</bezeichnung>\n\t\t\t<kategorie>Sonstiges</kategorie>\n\t\t\t<ekPreis>965</ekPreis>\n\t\t\t<listPreis>999</listPreis>\n\t\t</produkt>\n\t\t<produkt ean="5-6661-000-0-00">\n\t\t\t<bezeichnung>Abschleppseil</bezeichnung>\n\t\t\t<kategorie>Sonstiges</kategorie>\n\t\t\t<ekPreis>225</ekPreis>\n\t\t\t<listPreis>475</listPreis>\n\t\t</produkt>\n\t</produkte>\n\t<filialen>\n\t\t<filiale filNr="1">\n\t\t\t<inhName>Leitner</inhName>\n\t\t\t<strasse>Strubergasse 3</strasse>\n\t\t\t<plz>4040</plz>\n\t\t\t<sortiment>\n\t\t\t\t<!--\n\t\t\t\t<prodInSortiment>\n\t\t\t\t\t<ean>0-666-4567-2-22</ean>\n\t\t\t\t\t<vkPreis>69</vkPreis>\n\t\t\t\t\t<preisRed>0</preisRed>\n\t\t\t\t\t<bestand>100</bestand>\n\t\t\t\t</prodInSortiment>\n\t\t\t\t-->\n\t\t\t\t<prodInSortiment>\n\t\t\t\t\t<ean>0-777-4997-2-43</ean>\n\t\t\t\t\t<vkPreis>120</vkPreis>\n\t\t\t\t\t<preisRed>30</preisRed>\n\t\t\t\t\t<bestand>150</bestand>\n\t\t\t\t</prodInSortiment>\n\t\t\t\t<prodInSortiment>\n\t\t\t\t\t<ean>0-456-4887-3-22</ean>\n\t\t\t\t\t<vkPreis>229</vkPreis>\n\t\t\t\t\t<preisRed>0</preisRed>\n\t\t\t\t\t<bestand>130</bestand>\n\t\t\t\t</prodInSortiment>\n\t\t\t\t<prodInSortiment>\n\t\t\t\t\t<ean>1-626-7767-2-99</ean>\n\t\t\t\t\t<vkPreis>420</vkPreis>\n\t\t\t\t\t<preisRed>10</preisRed>\n\t\t\t\t\t<bestand>100</bestand>\n\t\t\t\t</prodInSortiment>\n\t\t\t\t<prodInSortiment>\n\t\t\t\t\t<ean>1-333-7788-2-31</ean>\n\t\t\t\t\t<vkPreis>999</vkPreis>\n\t\t\t\t\t<preisRed>0</preisRed>\n\t\t\t\t\t<bestand>30</bestand>\n\t\t\t\t</prodInSortiment>\n\t\t\t\t<prodInSortiment>\n\t\t\t\t\t<ean>9-396-7510-9-00</ean>\n\t\t\t\t\t<vkPreis>13000</vkPreis>\n\t\t\t\t\t<preisRed>1000</preisRed>\n\t\t\t\t\t<bestand>15</bestand>\n\t\t\t\t</prodInSortiment>\n\t\t\t\t<prodInSortiment>\n\t\t\t\t\t<ean>5-2671-955-5-55</ean>\n\t\t\t\t\t<vkPreis>7000</vkPreis>\n\t\t\t\t\t<preisRed>0</preisRed>\n\t\t\t\t\t<bestand>12</bestand>\n\t\t\t\t</prodInSortiment>\n\t\t\t\t<prodInSortiment>\n\t\t\t\t\t<ean>3-1111-654-3-99</ean>\n\t\t\t\t\t<vkPreis>1700</vkPreis>\n\t\t\t\t\t<preisRed>0</preisRed>\n\t\t\t\t\t<bestand>7</bestand>\n\t\t\t\t</prodInSortiment>\n\t\t\t\t<prodInSortiment>\n\t\t\t\t\t<ean>6-231-4777-3-15</ean>\n\t\t\t\t\t<vkPreis>500</vkPreis>\n\t\t\t\t\t<preisRed>0</preisRed>\n\t\t\t\t\t<bestand>35</bestand>\n\t\t\t\t</prodInSortiment>\n\t\t\t\t<prodInSortiment>\n\t\t\t\t\t<ean>5-6661-000-0-00</ean>\n\t\t\t\t\t<vkPreis>450</vkPreis>\n\t\t\t\t\t<preisRed>0</preisRed>\n\t\t\t\t\t<bestand>11</bestand>\n\t\t\t\t</prodInSortiment>\n\t\t\t\t<prodInSortiment>\n\t\t\t\t\t<ean>0-4381-880-7-00</ean>\n\t\t\t\t\t<vkPreis>1250</vkPreis>\n\t\t\t\t\t<preisRed>250</preisRed>\n\t\t\t\t\t<bestand>85</bestand>\n\t\t\t\t</prodInSortiment>\n\t\t\t\t<prodInSortiment>\n\t\t\t\t\t<ean>4-1161-730-3-88</ean>\n\t\t\t\t\t<vkPreis>500</vkPreis>\n\t\t\t\t\t<preisRed>0</preisRed>\n\t\t\t\t\t<bestand>25</bestand>\n\t\t\t\t</prodInSortiment>\n\t\t\t\t<prodInSortiment>\n\t\t\t\t\t<ean>6-581-1766-3-45</ean>\n\t\t\t\t\t<vkPreis>200</vkPreis>\n\t\t\t\t\t<preisRed>0</preisRed>\n\t\t\t\t\t<bestand>40</bestand>\n\t\t\t\t</prodInSortiment>\n\t\t\t\t<prodInSortiment>\n\t\t\t\t\t<ean>1-4444-652-8-88</ean>\n\t\t\t\t\t<vkPreis>4500</vkPreis>\n\t\t\t\t\t<preisRed>0</preisRed>\n\t\t\t\t\t<bestand>4</bestand>\n\t\t\t\t</prodInSortiment>\n\t\t\t\t<prodInSortiment>\n\t\t\t\t\t<ean>7-2881-760-3-70</ean>\n\t\t\t\t\t<vkPreis>1500</vkPreis>\n\t\t\t\t\t<preisRed>0</preisRed>\n\t\t\t\t\t<bestand>23</bestand>\n\t\t\t\t</prodInSortiment>\n\t\t\t\t<prodInSortiment>\n\t\t\t\t\t<ean>2-446-7240-9-15</ean>\n\t\t\t\t\t<vkPreis>22500</vkPreis>\n\t\t\t\t\t<preisRed>0</preisRed>\n\t\t\t\t\t<bestand>7</bestand>\n\t\t\t\t</prodInSortiment>\n\t\t\t\t<prodInSortiment>\n\t\t\t\t\t<ean>1-256-7700-2-00</ean>\n\t\t\t\t\t<vkPreis>1999</vkPreis>\n\t\t\t\t\t<preisRed>0</preisRed>\n\t\t\t\t\t<bestand>30</bestand>\n\t\t\t\t</prodInSortiment>\n\t\t\t\t<prodInSortiment>\n\t\t\t\t\t<ean>0-55-48567-16-2</ean>\n\t\t\t\t\t<vkPreis>300</vkPreis>\n\t\t\t\t\t<preisRed>0</preisRed>\n\t\t\t\t\t<bestand>100</bestand>\n\t\t\t\t</prodInSortiment>\n\t\t\t</sortiment>\n\t\t</filiale>\n\t\t<filiale filNr="2">\n\t\t\t<inhName>Schraubner</inhName>\n\t\t\t<strasse>Blattallee 7</strasse>\n\t\t\t<plz>4040</plz>\n\t\t\t<sortiment>\n\t\t\t\t<prodInSortiment>\n\t\t\t\t\t<ean>0-666-4567-2-22</ean>\n\t\t\t\t\t<vkPreis>69</vkPreis>\n\t\t\t\t\t<preisRed>0</preisRed>\n\t\t\t\t\t<bestand>90</bestand>\n\t\t\t\t</prodInSortiment>\n\t\t\t\t<prodInSortiment>\n\t\t\t\t\t<ean>0-55-48567-16-2</ean>\n\t\t\t\t\t<vkPreis>390</vkPreis>\n\t\t\t\t\t<preisRed>0</preisRed>\n\t\t\t\t\t<bestand>100</bestand>\n\t\t\t\t</prodInSortiment>\n\t\t\t\t<prodInSortiment>\n\t\t\t\t\t<ean>1-256-7700-2-00</ean>\n\t\t\t\t\t<vkPreis>1900</vkPreis>\n\t\t\t\t\t<preisRed>0</preisRed>\n\t\t\t\t\t<bestand>40</bestand>\n\t\t\t\t</prodInSortiment>\n\t\t\t\t<prodInSortiment>\n\t\t\t\t\t<ean>9-396-7510-9-00</ean>\n\t\t\t\t\t<vkPreis>14000</vkPreis>\n\t\t\t\t\t<preisRed>0</preisRed>\n\t\t\t\t\t<bestand>25</bestand>\n\t\t\t\t</prodInSortiment>\n\t\t\t\t<prodInSortiment>\n\t\t\t\t\t<ean>5-2671-955-5-55</ean>\n\t\t\t\t\t<vkPreis>6800</vkPreis>\n\t\t\t\t\t<preisRed>250</preisRed>\n\t\t\t\t\t<bestand>9</bestand>\n\t\t\t\t</prodInSortiment>\n\t\t\t\t<prodInSortiment>\n\t\t\t\t\t<ean>3-1111-654-3-99</ean>\n\t\t\t\t\t<vkPreis>1500</vkPreis>\n\t\t\t\t\t<preisRed>125</preisRed>\n\t\t\t\t\t<bestand>1</bestand>\n\t\t\t\t</prodInSortiment>\n\t\t\t\t<prodInSortiment>\n\t\t\t\t\t<ean>5-6661-000-0-00</ean>\n\t\t\t\t\t<vkPreis>400</vkPreis>\n\t\t\t\t\t<preisRed>0</preisRed>\n\t\t\t\t\t<bestand>1</bestand>\n\t\t\t\t</prodInSortiment>\n\t\t\t\t<prodInSortiment>\n\t\t\t\t\t<ean>0-4381-880-7-00</ean>\n\t\t\t\t\t<vkPreis>1220</vkPreis>\n\t\t\t\t\t<preisRed>0</preisRed>\n\t\t\t\t\t<bestand>5</bestand>\n\t\t\t\t</prodInSortiment>\n\t\t\t\t<prodInSortiment>\n\t\t\t\t\t<ean>4-1161-730-3-88</ean>\n\t\t\t\t\t<vkPreis>500</vkPreis>\n\t\t\t\t\t<preisRed>11</preisRed>\n\t\t\t\t\t<bestand>8</bestand>\n\t\t\t\t</prodInSortiment>\n\t\t\t\t<prodInSortiment>\n\t\t\t\t\t<ean>6-231-4777-3-15</ean>\n\t\t\t\t\t<vkPreis>530</vkPreis>\n\t\t\t\t\t<preisRed>0</preisRed>\n\t\t\t\t\t<bestand>0</bestand>\n\t\t\t\t</prodInSortiment>\n\t\t\t\t<prodInSortiment>\n\t\t\t\t\t<ean>6-581-1766-3-45</ean>\n\t\t\t\t\t<vkPreis>230</vkPreis>\n\t\t\t\t\t<preisRed>0</preisRed>\n\t\t\t\t\t<bestand>44</bestand>\n\t\t\t\t</prodInSortiment>\n\t\t\t\t<prodInSortiment>\n\t\t\t\t\t<ean>1-4444-652-8-88</ean>\n\t\t\t\t\t<vkPreis>4000</vkPreis>\n\t\t\t\t\t<preisRed>0</preisRed>\n\t\t\t\t\t<bestand>3</bestand>\n\t\t\t\t</prodInSortiment>\n\t\t\t\t<prodInSortiment>\n\t\t\t\t\t<ean>7-2881-760-3-70</ean>\n\t\t\t\t\t<vkPreis>1300</vkPreis>\n\t\t\t\t\t<preisRed>0</preisRed>\n\t\t\t\t\t<bestand>9</bestand>\n\t\t\t\t</prodInSortiment>\n\t\t\t\t<prodInSortiment>\n\t\t\t\t\t<ean>2-446-7240-9-15</ean>\n\t\t\t\t\t<vkPreis>21999</vkPreis>\n\t\t\t\t\t<preisRed>0</preisRed>\n\t\t\t\t\t<bestand>0</bestand>\n\t\t\t\t</prodInSortiment>\n\t\t\t\t<prodInSortiment>\n\t\t\t\t\t<ean>1-626-7767-2-99</ean>\n\t\t\t\t\t<vkPreis>400</vkPreis>\n\t\t\t\t\t<preisRed>0</preisRed>\n\t\t\t\t\t<bestand>110</bestand>\n\t\t\t\t</prodInSortiment>\n\t\t\t\t<prodInSortiment>\n\t\t\t\t\t<ean>0-456-4887-3-22</ean>\n\t\t\t\t\t<vkPreis>200</vkPreis>\n\t\t\t\t\t<preisRed>0</preisRed>\n\t\t\t\t\t<bestand>120</bestand>\n\t\t\t\t</prodInSortiment>\n\t\t\t\t<prodInSortiment>\n\t\t\t\t\t<ean>0-777-4997-2-43</ean>\n\t\t\t\t\t<vkPreis>125</vkPreis>\n\t\t\t\t\t<preisRed>0</preisRed>\n\t\t\t\t\t<bestand>155</bestand>\n\t\t\t\t</prodInSortiment>\n\t\t\t</sortiment>\n\t\t</filiale>\n\t\t<filiale filNr="3">\n\t\t\t<inhName>Rathgeb</inhName>\n\t\t\t<strasse>Hauptstrasse 22</strasse>\n\t\t\t<plz>5020</plz>\n\t\t\t<sortiment>\n\t\t\t\t<prodInSortiment>\n\t\t\t\t\t<ean>0-666-4567-2-22</ean>\n\t\t\t\t\t<vkPreis>90</vkPreis>\n\t\t\t\t\t<preisRed>0</preisRed>\n\t\t\t\t\t<bestand>85</bestand>\n\t\t\t\t</prodInSortiment>\n\t\t\t\t<prodInSortiment>\n\t\t\t\t\t<ean>9-396-7510-9-00</ean>\n\t\t\t\t\t<vkPreis>13800</vkPreis>\n\t\t\t\t\t<preisRed>0</preisRed>\n\t\t\t\t\t<bestand>5</bestand>\n\t\t\t\t</prodInSortiment>\n\t\t\t\t<prodInSortiment>\n\t\t\t\t\t<ean>5-2671-955-5-55</ean>\n\t\t\t\t\t<vkPreis>6800</vkPreis>\n\t\t\t\t\t<preisRed>0</preisRed>\n\t\t\t\t\t<bestand>0</bestand>\n\t\t\t\t</prodInSortiment>\n\t\t\t\t<prodInSortiment>\n\t\t\t\t\t<ean>6-581-1766-3-45</ean>\n\t\t\t\t\t<vkPreis>230</vkPreis>\n\t\t\t\t\t<preisRed>0</preisRed>\n\t\t\t\t\t<bestand>14</bestand>\n\t\t\t\t</prodInSortiment>\n\t\t\t\t<prodInSortiment>\n\t\t\t\t\t<ean>5-6661-000-0-00</ean>\n\t\t\t\t\t<vkPreis>380</vkPreis>\n\t\t\t\t\t<preisRed>0</preisRed>\n\t\t\t\t\t<bestand>4</bestand>\n\t\t\t\t</prodInSortiment>\n\t\t\t\t<prodInSortiment>\n\t\t\t\t\t<ean>0-4381-880-7-00</ean>\n\t\t\t\t\t<vkPreis>1211</vkPreis>\n\t\t\t\t\t<preisRed>0</preisRed>\n\t\t\t\t\t<bestand>4</bestand>\n\t\t\t\t</prodInSortiment>\n\t\t\t\t<prodInSortiment>\n\t\t\t\t\t<ean>6-231-4777-3-15</ean>\n\t\t\t\t\t<vkPreis>530</vkPreis>\n\t\t\t\t\t<preisRed>0</preisRed>\n\t\t\t\t\t<bestand>4</bestand>\n\t\t\t\t</prodInSortiment>\n\t\t\t\t<prodInSortiment>\n\t\t\t\t\t<ean>1-4444-652-8-88</ean>\n\t\t\t\t\t<vkPreis>3999</vkPreis>\n\t\t\t\t\t<preisRed>0</preisRed>\n\t\t\t\t\t<bestand>0</bestand>\n\t\t\t\t</prodInSortiment>\n\t\t\t\t<prodInSortiment>\n\t\t\t\t\t<ean>7-2881-760-3-70</ean>\n\t\t\t\t\t<vkPreis>1300</vkPreis>\n\t\t\t\t\t<preisRed>0</preisRed>\n\t\t\t\t\t<bestand>0</bestand>\n\t\t\t\t</prodInSortiment>\n\t\t\t\t<prodInSortiment>\n\t\t\t\t\t<ean>1-256-7700-2-00</ean>\n\t\t\t\t\t<vkPreis>1900</vkPreis>\n\t\t\t\t\t<preisRed>0</preisRed>\n\t\t\t\t\t<bestand>10</bestand>\n\t\t\t\t</prodInSortiment>\n\t\t\t\t<prodInSortiment>\n\t\t\t\t\t<ean>0-456-4887-3-22</ean>\n\t\t\t\t\t<vkPreis>199</vkPreis>\n\t\t\t\t\t<preisRed>0</preisRed>\n\t\t\t\t\t<bestand>80</bestand>\n\t\t\t\t</prodInSortiment>\n\t\t\t\t<prodInSortiment>\n\t\t\t\t\t<ean>0-55-48567-16-2</ean>\n\t\t\t\t\t<vkPreis>390</vkPreis>\n\t\t\t\t\t<preisRed>0</preisRed>\n\t\t\t\t\t<bestand>90</bestand>\n\t\t\t\t</prodInSortiment>\n\t\t\t\t<prodInSortiment>\n\t\t\t\t\t<ean>1-626-7767-2-99</ean>\n\t\t\t\t\t<vkPreis>400</vkPreis>\n\t\t\t\t\t<preisRed>0</preisRed>\n\t\t\t\t\t<bestand>50</bestand>\n\t\t\t\t</prodInSortiment>\n\t\t\t</sortiment>\n\t\t</filiale>\n\t\t<filiale filNr="4">\n\t\t\t<inhName>Fiedler</inhName>\n\t\t\t<strasse>Feldweg 8</strasse>\n\t\t\t<plz>4040</plz>\n\t\t\t<sortiment>\n\t\t\t\t<prodInSortiment>\n\t\t\t\t\t<ean>0-666-4567-2-22</ean>\n\t\t\t\t\t<vkPreis>23</vkPreis>\n\t\t\t\t\t<preisRed>4</preisRed>\n\t\t\t\t\t<bestand>200</bestand>\n\t\t\t\t</prodInSortiment>\n\t\t\t\t<prodInSortiment>\n\t\t\t\t\t<ean>2-446-7240-9-15</ean>\n\t\t\t\t\t<vkPreis>22480</vkPreis>\n\t\t\t\t\t<preisRed>0</preisRed>\n\t\t\t\t\t<bestand>6</bestand>\n\t\t\t\t</prodInSortiment>\n\t\t\t\t<prodInSortiment>\n\t\t\t\t\t<ean>5-2671-955-5-55</ean>\n\t\t\t\t\t<vkPreis>6900</vkPreis>\n\t\t\t\t\t<preisRed>0</preisRed>\n\t\t\t\t\t<bestand>34</bestand>\n\t\t\t\t</prodInSortiment>\n\t\t\t\t<prodInSortiment>\n\t\t\t\t\t<ean>3-1111-654-3-99</ean>\n\t\t\t\t\t<vkPreis>1600</vkPreis>\n\t\t\t\t\t<preisRed>0</preisRed>\n\t\t\t\t\t<bestand>7</bestand>\n\t\t\t\t</prodInSortiment>\n\t\t\t\t<prodInSortiment>\n\t\t\t\t\t<ean>6-581-1766-3-45</ean>\n\t\t\t\t\t<vkPreis>200</vkPreis>\n\t\t\t\t\t<preisRed>20</preisRed>\n\t\t\t\t\t<bestand>9</bestand>\n\t\t\t\t</prodInSortiment>\n\t\t\t\t<prodInSortiment>\n\t\t\t\t\t<ean>1-4444-652-8-88</ean>\n\t\t\t\t\t<vkPreis>4490</vkPreis>\n\t\t\t\t\t<preisRed>0</preisRed>\n\t\t\t\t\t<bestand>5</bestand>\n\t\t\t\t</prodInSortiment>\n\t\t\t\t<prodInSortiment>\n\t\t\t\t\t<ean>7-2881-760-3-70</ean>\n\t\t\t\t\t<vkPreis>1300</vkPreis>\n\t\t\t\t\t<preisRed>111</preisRed>\n\t\t\t\t\t<bestand>5</bestand>\n\t\t\t\t</prodInSortiment>\n\t\t\t\t<prodInSortiment>\n\t\t\t\t\t<ean>9-396-7510-9-00</ean>\n\t\t\t\t\t<vkPreis>12900</vkPreis>\n\t\t\t\t\t<preisRed>0</preisRed>\n\t\t\t\t\t<bestand>2</bestand>\n\t\t\t\t</prodInSortiment>\n\t\t\t</sortiment>\n\t\t</filiale>\n\t\t<filiale filNr="5">\n\t\t\t<inhName>Hauser</inhName>\n\t\t\t<strasse>Klessheimer Allee 6</strasse>\n\t\t\t<plz>5020</plz>\n\t\t\t<sortiment>\n\t\t\t\t<prodInSortiment>\n\t\t\t\t\t<ean>0-666-4567-2-22</ean>\n\t\t\t\t\t<vkPreis>80</vkPreis>\n\t\t\t\t\t<preisRed>5</preisRed>\n\t\t\t\t\t<bestand>0</bestand>\n\t\t\t\t</prodInSortiment>\n\t\t\t\t<!--\n\t\t\t\t<prodInSortiment>\n\t\t\t\t\t<ean>9-396-7510-9-00</ean>\n\t\t\t\t\t<vkPreis>58</vkPreis>\n\t\t\t\t\t<preisRed>2</preisRed>\n\t\t\t\t\t<bestand>120</bestand>\n\t\t\t\t</prodInSortiment>\n\t\t\t\t-->\n\t\t\t\t<prodInSortiment>\n\t\t\t\t\t<ean>0-55-48567-16-2</ean>\n\t\t\t\t\t<vkPreis>330</vkPreis>\n\t\t\t\t\t<preisRed>0</preisRed>\n\t\t\t\t\t<bestand>108</bestand>\n\t\t\t\t</prodInSortiment>\n\t\t\t\t<prodInSortiment>\n\t\t\t\t\t<ean>4-1161-730-3-88</ean>\n\t\t\t\t\t<vkPreis>510</vkPreis>\n\t\t\t\t\t<preisRed>0</preisRed>\n\t\t\t\t\t<bestand>66</bestand>\n\t\t\t\t</prodInSortiment>\n\t\t\t\t<prodInSortiment>\n\t\t\t\t\t<ean>5-6661-000-0-00</ean>\n\t\t\t\t\t<vkPreis>500</vkPreis>\n\t\t\t\t\t<preisRed>0</preisRed>\n\t\t\t\t\t<bestand>3</bestand>\n\t\t\t\t</prodInSortiment>\n\t\t\t\t<prodInSortiment>\n\t\t\t\t\t<ean>0-4381-880-7-00</ean>\n\t\t\t\t\t<vkPreis>1425</vkPreis>\n\t\t\t\t\t<preisRed>125</preisRed>\n\t\t\t\t\t<bestand>2</bestand>\n\t\t\t\t</prodInSortiment>\n\t\t\t\t<prodInSortiment>\n\t\t\t\t\t<ean>6-231-4777-3-15</ean>\n\t\t\t\t\t<vkPreis>525</vkPreis>\n\t\t\t\t\t<preisRed>25</preisRed>\n\t\t\t\t\t<bestand>12</bestand>\n\t\t\t\t</prodInSortiment>\n\t\t\t\t<prodInSortiment>\n\t\t\t\t\t<ean>0-456-4887-3-22</ean>\n\t\t\t\t\t<vkPreis>250</vkPreis>\n\t\t\t\t\t<preisRed>0</preisRed>\n\t\t\t\t\t<bestand>130</bestand>\n\t\t\t\t</prodInSortiment>\n\t\t\t\t<prodInSortiment>\n\t\t\t\t\t<ean>0-777-4997-2-43</ean>\n\t\t\t\t\t<vkPreis>160</vkPreis>\n\t\t\t\t\t<preisRed>0</preisRed>\n\t\t\t\t\t<bestand>150</bestand>\n\t\t\t\t</prodInSortiment>\n\t\t\t</sortiment>\n\t\t</filiale>\n\t\t<filiale filNr="6">\n\t\t\t<inhName>Huber</inhName>\n\t\t\t<strasse>Ring 2</strasse>\n\t\t\t<plz>1010</plz>\n\t\t\t<sortiment>\n\t\t\t\t<prodInSortiment>\n\t\t\t\t\t<ean>0-666-4567-2-22</ean>\n\t\t\t\t\t<vkPreis>70</vkPreis>\n\t\t\t\t\t<preisRed>11</preisRed>\n\t\t\t\t\t<bestand>100</bestand>\n\t\t\t\t</prodInSortiment>\n\t\t\t\t<prodInSortiment>\n\t\t\t\t\t<ean>1-333-7788-2-31</ean>\n\t\t\t\t\t<vkPreis>960</vkPreis>\n\t\t\t\t\t<preisRed>0</preisRed>\n\t\t\t\t\t<bestand>9</bestand>\n\t\t\t\t</prodInSortiment>\n\t\t\t\t<prodInSortiment>\n\t\t\t\t\t<ean>7-2881-760-3-70</ean>\n\t\t\t\t\t<vkPreis>1420</vkPreis>\n\t\t\t\t\t<preisRed>120</preisRed>\n\t\t\t\t\t<bestand>23</bestand>\n\t\t\t\t</prodInSortiment>\n\t\t\t\t<prodInSortiment>\n\t\t\t\t\t<ean>1-4444-652-8-88</ean>\n\t\t\t\t\t<vkPreis>4225</vkPreis>\n\t\t\t\t\t<preisRed>0</preisRed>\n\t\t\t\t\t<bestand>8</bestand>\n\t\t\t\t</prodInSortiment>\n\t\t\t\t<prodInSortiment>\n\t\t\t\t\t<ean>0-4381-880-7-00</ean>\n\t\t\t\t\t<vkPreis>1350</vkPreis>\n\t\t\t\t\t<preisRed>0</preisRed>\n\t\t\t\t\t<bestand>25</bestand>\n\t\t\t\t</prodInSortiment>\n\t\t\t\t<prodInSortiment>\n\t\t\t\t\t<ean>5-6661-000-0-00</ean>\n\t\t\t\t\t<vkPreis>553</vkPreis>\n\t\t\t\t\t<preisRed>23</preisRed>\n\t\t\t\t\t<bestand>11</bestand>\n\t\t\t\t</prodInSortiment>\n\t\t\t\t<prodInSortiment>\n\t\t\t\t\t<ean>3-1111-654-3-99</ean>\n\t\t\t\t\t<vkPreis>1300</vkPreis>\n\t\t\t\t\t<preisRed>0</preisRed>\n\t\t\t\t\t<bestand>7</bestand>\n\t\t\t\t</prodInSortiment>\n\t\t\t\t<prodInSortiment>\n\t\t\t\t\t<ean>5-2671-955-5-55</ean>\n\t\t\t\t\t<vkPreis>6800</vkPreis>\n\t\t\t\t\t<preisRed>0</preisRed>\n\t\t\t\t\t<bestand>12</bestand>\n\t\t\t\t</prodInSortiment>\n\t\t\t\t<prodInSortiment>\n\t\t\t\t\t<ean>9-396-7510-9-00</ean>\n\t\t\t\t\t<vkPreis>11500</vkPreis>\n\t\t\t\t\t<preisRed>0</preisRed>\n\t\t\t\t\t<bestand>15</bestand>\n\t\t\t\t</prodInSortiment>\n\t\t\t\t<prodInSortiment>\n\t\t\t\t\t<ean>1-256-7700-2-00</ean>\n\t\t\t\t\t<vkPreis>2109</vkPreis>\n\t\t\t\t\t<preisRed>0</preisRed>\n\t\t\t\t\t<bestand>0</bestand>\n\t\t\t\t</prodInSortiment>\n\t\t\t\t<prodInSortiment>\n\t\t\t\t\t<ean>0-777-4997-2-43</ean>\n\t\t\t\t\t<vkPreis>95</vkPreis>\n\t\t\t\t\t<preisRed>0</preisRed>\n\t\t\t\t\t<bestand>0</bestand>\n\t\t\t\t</prodInSortiment>\n\t\t\t\t<prodInSortiment>\n\t\t\t\t\t<ean>1-626-7767-2-99</ean>\n\t\t\t\t\t<vkPreis>380</vkPreis>\n\t\t\t\t\t<preisRed>25</preisRed>\n\t\t\t\t\t<bestand>100</bestand>\n\t\t\t\t</prodInSortiment>\n\t\t\t</sortiment>\n\t\t</filiale>\n\t</filialen>\n\t<kunden>\n\t\t<kunde kundeNr="11111">\n\t\t\t<name>Roller</name>\n\t\t\t<bonStufe>C</bonStufe>\n\t\t</kunde>\n\t\t<kunde kundeNr="15882">\n\t\t\t<name>Schieber</name>\n\t\t\t<bonStufe>B</bonStufe>\n\t\t</kunde>\n\t\t<kunde kundeNr="78436">\n\t\t\t<name>Flitzer</name>\n\t\t\t<bonStufe>A</bonStufe>\n\t\t</kunde>\n\t\t<kunde kundeNr="98077">\n\t\t\t<name>Sauser</name>\n\t\t\t<bonStufe>A</bonStufe>\n\t\t</kunde>\n\t\t<kunde kundeNr="24537">\n\t\t\t<name>Raser</name>\n\t\t\t<bonStufe>B</bonStufe>\n\t\t</kunde>\n\t\t<kunde kundeNr="13451">\n\t\t\t<name>Stuerzer</name>\n\t\t\t<bonStufe>C</bonStufe>\n\t\t</kunde>\n\t\t<kunde kundeNr="22221">\n\t\t\t<name>Bremser</name>\n\t\t\t<bonStufe>B</bonStufe>\n\t\t</kunde>\n\t\t<kunde kundeNr="99332">\n\t\t\t<name>Kuppler</name>\n\t\t\t<bonStufe>A</bonStufe>\n\t\t</kunde>\n\t\t<kunde kundeNr="67891">\n\t\t\t<name>Schleifer</name>\n\t\t\t<bonStufe>C</bonStufe>\n\t\t</kunde>\n\t\t<kunde kundeNr="95543">\n\t\t\t<name>Kurver</name>\n\t\t\t<bonStufe>B</bonStufe>\n\t\t</kunde>\n\t\t<kunde kundeNr="55789">\n\t\t\t<name>Schleuderer</name>\n\t\t\t<bonStufe>A</bonStufe>\n\t\t</kunde>\n\t\t<kunde kundeNr="87654">\n\t\t\t<name>Unfaller</name>\n\t\t\t<bonStufe>C</bonStufe>\n\t\t</kunde>\n\t\t<!--\n\t\t<kunde kundeNr="77777">\n\t\t\t<name>Stenzer</name>\n\t\t\t<bonStufe>A</bonStufe>\n\t\t</kunde>\n\t\t-->\n\t</kunden>\n\t<rechnungen>\n\t\t<!--\n\t\t<rechnung rechnungNr="10" datum="11.08.00">\n\t\t\t<bezahlt>Y</bezahlt>\n\t\t\t<kundeNr>11111</kundeNr>\n\t\t\t<filNr>1</filNr>\n\t\t\t<rposition>\n\t\t\t\t<ean>0-666-4567-2-22</ean>\n\t\t\t\t<einzelPreis>58</einzelPreis>\n\t\t\t\t<menge>5</menge>\n\t\t\t</rposition>\n\t\t</rechnung>\n\t\t-->\n\t\t<rechnung rechnungNr="11" datum="15.09.00">\n\t\t\t<bezahlt>Y</bezahlt>\n\t\t\t<kundeNr>11111</kundeNr>\n\t\t\t<filNr>1</filNr>\n\t\t\t<rposition>\n\t\t\t\t<ean>4-1161-730-3-88</ean>\n\t\t\t\t<einzelPreis>500</einzelPreis>\n\t\t\t\t<menge>2</menge>\n\t\t\t</rposition>\n\t\t</rechnung>\n\t\t<rechnung rechnungNr="12" datum="03.10.00">\n\t\t\t<bezahlt>Y</bezahlt>\n\t\t\t<kundeNr>11111</kundeNr>\n\t\t\t<filNr>6</filNr>\n\t\t\t<rposition>\n\t\t\t\t<ean>5-6661-000-0-00</ean>\n\t\t\t\t<einzelPreis>530</einzelPreis>\n\t\t\t\t<menge>3</menge>\n\t\t\t</rposition>\n\t\t\t<rposition>\n\t\t\t\t<ean>7-2881-760-3-70</ean>\n\t\t\t\t<einzelPreis>1300</einzelPreis>\n\t\t\t\t<menge>1</menge>\n\t\t\t</rposition>\n\t\t\t<rposition>\n\t\t\t\t<ean>0-4381-880-7-00</ean>\n\t\t\t\t<einzelPreis>1350</einzelPreis>\n\t\t\t\t<menge>1</menge>\n\t\t\t</rposition>\n\t\t</rechnung>\n\t\t<rechnung rechnungNr="13" datum="10.10.00">\n\t\t\t<bezahlt>N</bezahlt>\n\t\t\t<kundeNr>77777</kundeNr>\n\t\t\t<filNr>5</filNr>\n\t\t\t<rposition>\n\t\t\t\t<ean>5-6661-000-0-00</ean>\n\t\t\t\t<einzelPreis>500</einzelPreis>\n\t\t\t\t<menge>3</menge>\n\t\t\t</rposition>\n\t\t</rechnung>\n\t\t<rechnung rechnungNr="14" datum="20.10.00">\n\t\t\t<bezahlt>Y</bezahlt>\n\t\t\t<kundeNr>67891</kundeNr>\n\t\t\t<filNr>2</filNr>\n\t\t\t<rposition>\n\t\t\t\t<ean>3-1111-654-3-99</ean>\n\t\t\t\t<einzelPreis>1300</einzelPreis>\n\t\t\t\t<menge>2</menge>\n\t\t\t</rposition>\n\t\t</rechnung>\n\t\t<rechnung rechnungNr="15" datum="21.10.00">\n\t\t\t<bezahlt>Y</bezahlt>\n\t\t\t<kundeNr>87654</kundeNr>\n\t\t\t<filNr>4</filNr>\n\t\t\t<rposition>\n\t\t\t\t<ean>6-581-1766-3-45</ean>\n\t\t\t\t<einzelPreis>150</einzelPreis>\n\t\t\t\t<menge>1</menge>\n\t\t\t</rposition>\n\t\t</rechnung>\n\t\t<rechnung rechnungNr="16" datum="25.10.00">\n\t\t\t<bezahlt>N</bezahlt>\n\t\t\t<kundeNr>13451</kundeNr>\n\t\t\t<filNr>2</filNr>\n\t\t\t<rposition>\n\t\t\t\t<ean>0-55-48567-16-2</ean>\n\t\t\t\t<einzelPreis>390</einzelPreis>\n\t\t\t\t<menge>5</menge>\n\t\t\t</rposition>\n\t\t</rechnung>\n\t\t<rechnung rechnungNr="20" datum="11.08.00">\n\t\t\t<bezahlt>N</bezahlt>\n\t\t\t<kundeNr>15882</kundeNr>\n\t\t\t<filNr>1</filNr>\n\t\t\t<rposition>\n\t\t\t\t<ean>0-456-4887-3-22</ean>\n\t\t\t\t<einzelPreis>229</einzelPreis>\n\t\t\t\t<menge>1</menge>\n\t\t\t</rposition>\n\t\t\t<rposition>\n\t\t\t\t<ean>2-446-7240-9-15</ean>\n\t\t\t\t<einzelPreis>22500</einzelPreis>\n\t\t\t\t<menge>1</menge>\n\t\t\t</rposition>\n\t\t</rechnung>\n\t\t<rechnung rechnungNr="21" datum="15.09.00">\n\t\t\t<bezahlt>Y</bezahlt>\n\t\t\t<kundeNr>22221</kundeNr>\n\t\t\t<filNr>3</filNr>\n\t\t\t<rposition>\n\t\t\t\t<ean>5-2671-955-5-55</ean>\n\t\t\t\t<einzelPreis>6800</einzelPreis>\n\t\t\t\t<menge>1</menge>\n\t\t\t</rposition>\n\t\t</rechnung>\n\t\t<rechnung rechnungNr="22" datum="03.10.00">\n\t\t\t<bezahlt>Y</bezahlt>\n\t\t\t<kundeNr>95543</kundeNr>\n\t\t\t<filNr>5</filNr>\n\t\t\t<rposition>\n\t\t\t\t<ean>0-55-48567-16-2</ean>\n\t\t\t\t<einzelPreis>330</einzelPreis>\n\t\t\t\t<menge>2</menge>\n\t\t\t</rposition>\n\t\t</rechnung>\n\t\t<rechnung rechnungNr="23" datum="10.10.00">\n\t\t\t<bezahlt>Y</bezahlt>\n\t\t\t<kundeNr>99332</kundeNr>\n\t\t\t<filNr>2</filNr>\n\t\t\t<rposition>\n\t\t\t\t<ean>6-231-4777-3-15</ean>\n\t\t\t\t<einzelPreis>525</einzelPreis>\n\t\t\t\t<menge>3</menge>\n\t\t\t</rposition>\n\t\t\t<rposition>\n\t\t\t\t<ean>5-6661-000-0-00</ean>\n\t\t\t\t<einzelPreis>490</einzelPreis>\n\t\t\t\t<menge>5</menge>\n\t\t\t</rposition>\n\t\t\t<rposition>\n\t\t\t\t<ean>9-396-7510-9-00</ean>\n\t\t\t\t<einzelPreis>14000</einzelPreis>\n\t\t\t\t<menge>1</menge>\n\t\t\t</rposition>\n\t\t</rechnung>\n\t\t<rechnung rechnungNr="24" datum="20.10.00">\n\t\t\t<bezahlt>N</bezahlt>\n\t\t\t<kundeNr>15882</kundeNr>\n\t\t\t<filNr>3</filNr>\n\t\t\t<rposition>\n\t\t\t\t<ean>1-256-7700-2-00</ean>\n\t\t\t\t<einzelPreis>2200</einzelPreis>\n\t\t\t\t<menge>1</menge>\n\t\t\t</rposition>\n\t\t</rechnung>\n\t\t<rechnung rechnungNr="25" datum="21.10.00">\n\t\t\t<bezahlt>Y</bezahlt>\n\t\t\t<kundeNr>22221</kundeNr>\n\t\t\t<filNr>4</filNr>\n\t\t\t<rposition>\n\t\t\t\t<ean>5-2671-955-5-55</ean>\n\t\t\t\t<einzelPreis>6900</einzelPreis>\n\t\t\t\t<menge>1</menge>\n\t\t\t</rposition>\n\t\t</rechnung>\n\t\t<rechnung rechnungNr="26" datum="25.10.00">\n\t\t\t<bezahlt>Y</bezahlt>\n\t\t\t<kundeNr>99332</kundeNr>\n\t\t\t<filNr>1</filNr>\n\t\t\t<rposition>\n\t\t\t\t<ean>5-6661-000-0-00</ean>\n\t\t\t\t<einzelPreis>450</einzelPreis>\n\t\t\t\t<menge>1</menge>\n\t\t\t</rposition>\n\t\t</rechnung>\n\t\t<rechnung rechnungNr="30" datum="11.08.00">\n\t\t\t<bezahlt>Y</bezahlt>\n\t\t\t<kundeNr>24537</kundeNr>\n\t\t\t<filNr>1</filNr>\n\t\t\t<rposition>\n\t\t\t\t<ean>5-2671-955-5-55</ean>\n\t\t\t\t<einzelPreis>7000</einzelPreis>\n\t\t\t\t<menge>1</menge>\n\t\t\t</rposition>\n\t\t</rechnung>\n\t\t<rechnung rechnungNr="31" datum="15.09.00">\n\t\t\t<bezahlt>Y</bezahlt>\n\t\t\t<kundeNr>87654</kundeNr>\n\t\t\t<filNr>4</filNr>\n\t\t\t<rposition>\n\t\t\t\t<ean>9-396-7510-9-00</ean>\n\t\t\t\t<einzelPreis>12900</einzelPreis>\n\t\t\t\t<menge>1</menge>\n\t\t\t</rposition>\n\t\t\t<rposition>\n\t\t\t\t<ean>3-1111-654-3-99</ean>\n\t\t\t\t<einzelPreis>1600</einzelPreis>\n\t\t\t\t<menge>2</menge>\n\t\t\t</rposition>\n\t\t</rechnung>\n\t\t<rechnung rechnungNr="32" datum="20.10.00">\n\t\t\t<bezahlt>Y</bezahlt>\n\t\t\t<kundeNr>98077</kundeNr>\n\t\t\t<filNr>3</filNr>\n\t\t\t<rposition>\n\t\t\t\t<ean>5-6661-000-0-00</ean>\n\t\t\t\t<einzelPreis>380</einzelPreis>\n\t\t\t\t<menge>2</menge>\n\t\t\t</rposition>\n\t\t</rechnung>\n\t\t<rechnung rechnungNr="33" datum="21.10.00">\n\t\t\t<bezahlt>Y</bezahlt>\n\t\t\t<kundeNr>87654</kundeNr>\n\t\t\t<filNr>5</filNr>\n\t\t\t<rposition>\n\t\t\t\t<ean>6-231-4777-3-15</ean>\n\t\t\t\t<einzelPreis>500</einzelPreis>\n\t\t\t\t<menge>2</menge>\n\t\t\t</rposition>\n\t\t</rechnung>\n\t\t<rechnung rechnungNr="40" datum="11.08.00">\n\t\t\t<bezahlt>Y</bezahlt>\n\t\t\t<kundeNr>78436</kundeNr>\n\t\t\t<filNr>1</filNr>\n\t\t\t<rposition>\n\t\t\t\t<ean>6-581-1766-3-45</ean>\n\t\t\t\t<einzelPreis>200</einzelPreis>\n\t\t\t\t<menge>3</menge>\n\t\t\t</rposition>\n\t\t</rechnung>\n\t\t<rechnung rechnungNr="41" datum="20.10.00">\n\t\t\t<bezahlt>N</bezahlt>\n\t\t\t<kundeNr>78436</kundeNr>\n\t\t\t<filNr>3</filNr>\n\t\t\t<rposition>\n\t\t\t\t<ean>0-4381-880-7-00</ean>\n\t\t\t\t<einzelPreis>1100</einzelPreis>\n\t\t\t\t<menge>1</menge>\n\t\t\t</rposition>\n\t\t</rechnung>\n\t\t<rechnung rechnungNr="50" datum="11.08.00">\n\t\t\t<bezahlt>Y</bezahlt>\n\t\t\t<kundeNr>95543</kundeNr>\n\t\t\t<filNr>1</filNr>\n\t\t\t<rposition>\n\t\t\t\t<ean>9-396-7510-9-00</ean>\n\t\t\t\t<einzelPreis>12000</einzelPreis>\n\t\t\t\t<menge>1</menge>\n\t\t\t</rposition>\n\t\t\t<rposition>\n\t\t\t\t<ean>1-4444-652-8-88</ean>\n\t\t\t\t<einzelPreis>4500</einzelPreis>\n\t\t\t\t<menge>1</menge>\n\t\t\t</rposition>\n\t\t</rechnung>\n\t\t<rechnung rechnungNr="51" datum="20.10.00">\n\t\t\t<bezahlt>Y</bezahlt>\n\t\t\t<kundeNr>95543</kundeNr>\n\t\t\t<filNr>5</filNr>\n\t\t\t<rposition>\n\t\t\t\t<ean>4-1161-730-3-88</ean>\n\t\t\t\t<einzelPreis>510</einzelPreis>\n\t\t\t\t<menge>3</menge>\n\t\t\t</rposition>\n\t\t</rechnung>\n\t\t<rechnung rechnungNr="60" datum="11.08.00">\n\t\t\t<bezahlt>N</bezahlt>\n\t\t\t<kundeNr>13451</kundeNr>\n\t\t\t<filNr>2</filNr>\n\t\t\t<rposition>\n\t\t\t\t<ean>0-777-4997-2-43</ean>\n\t\t\t\t<einzelPreis>125</einzelPreis>\n\t\t\t\t<menge>3</menge>\n\t\t\t</rposition>\n\t\t</rechnung>\n\t\t<rechnung rechnungNr="61" datum="20.10.00">\n\t\t\t<bezahlt>N</bezahlt>\n\t\t\t<kundeNr>13451</kundeNr>\n\t\t\t<filNr>5</filNr>\n\t\t\t<rposition>\n\t\t\t\t<ean>5-6661-000-0-00</ean>\n\t\t\t\t<einzelPreis>500</einzelPreis>\n\t\t\t\t<menge>2</menge>\n\t\t\t</rposition>\n\t\t</rechnung>\n\t</rechnungen>\n</handelskette>\n	handelskette2.xml\n
1010	<handelskette>\n\t<produkte>\n\t\t<produkt ean="0-666-4567-2-22">\n\t\t\t<bezeichnung>Autoschampoo</bezeichnung>\n\t\t\t<kategorie>Pflege</kategorie>\n\t\t\t<ekPreis>35</ekPreis>\n\t\t\t<listPreis>69</listPreis>\n\t\t</produkt>\n\t\t<produkt ean="0-777-4997-2-43">\n\t\t\t<bezeichnung>Glanzpolitur</bezeichnung>\n\t\t\t<kategorie>Pflege</kategorie>\n\t\t\t<ekPreis>70</ekPreis>\n\t\t\t<listPreis>119</listPreis>\n\t\t</produkt>\n\t\t<produkt ean="0-456-4887-3-22">\n\t\t\t<bezeichnung>Kaltwachs</bezeichnung>\n\t\t\t<kategorie>Pflege</kategorie>\n\t\t\t<ekPreis>90</ekPreis>\n\t\t\t<listPreis>199</listPreis>\n\t\t</produkt>\n\t\t<produkt ean="0-55-48567-16-2">\n\t\t\t<bezeichnung>Armaturenreiniger</bezeichnung>\n\t\t\t<kategorie>Pflege</kategorie>\n\t\t\t<ekPreis>115</ekPreis>\n\t\t\t<listPreis>333</listPreis>\n\t\t</produkt>\n\t\t<produkt ean="1-626-7767-2-99">\n\t\t\t<bezeichnung>Scheibenwischer</bezeichnung>\n\t\t\t<kategorie>Ersatz</kategorie>\n\t\t\t<ekPreis>390</ekPreis>\n\t\t\t<listPreis>400</listPreis>\n\t\t</produkt>\n\t\t<produkt ean="1-256-7700-2-00">\n\t\t\t<bezeichnung>Sportlenkrad</bezeichnung>\n\t\t\t<kategorie>Ersatz</kategorie>\n\t\t\t<ekPreis>1300</ekPreis>\n\t\t\t<listPreis>1999</listPreis>\n\t\t</produkt>\n\t\t<produkt ean="1-333-7788-2-31">\n\t\t\t<bezeichnung>Gaspedal</bezeichnung>\n\t\t\t<kategorie>Ersatz</kategorie>\n\t\t\t<ekPreis>800</ekPreis>\n\t\t\t<listPreis>960</listPreis>\n\t\t</produkt>\n\t\t<produkt ean="2-446-7240-9-15">\n\t\t\t<bezeichnung>Rennsitz</bezeichnung>\n\t\t\t<kategorie>Ersatz</kategorie>\n\t\t\t<ekPreis>18900</ekPreis>\n\t\t\t<listPreis>22999</listPreis>\n\t\t</produkt>\n\t\t<produkt ean="0-596-4628-0-00">\n\t\t\t<bezeichnung>Wagenheber</bezeichnung>\n\t\t\t<kategorie>Ersatz</kategorie>\n\t\t\t<ekPreis>890</ekPreis>\n\t\t\t<listPreis>1299</listPreis>\n\t\t</produkt>\n\t\t<produkt ean="9-396-7510-9-00">\n\t\t\t<bezeichnung>Chromfelge</bezeichnung>\n\t\t\t<kategorie>Ersatz</kategorie>\n\t\t\t<ekPreis>9000</ekPreis>\n\t\t\t<listPreis>12980</listPreis>\n\t\t</produkt>\n\t\t<produkt ean="3-211-1000-2-00">\n\t\t\t<bezeichnung>Sonnenschutz</bezeichnung>\n\t\t\t<kategorie>Ersatz</kategorie>\n\t\t\t<ekPreis>160</ekPreis>\n\t\t\t<listPreis>250</listPreis>\n\t\t</produkt>\n\t\t<produkt ean="7-2881-760-3-70">\n\t\t\t<bezeichnung>Schraubantenne</bezeichnung>\n\t\t\t<kategorie>Audio</kategorie>\n\t\t\t<ekPreis>965</ekPreis>\n\t\t\t<listPreis>1300</listPreis>\n\t\t</produkt>\n\t\t<produkt ean="5-2671-955-5-55">\n\t\t\t<bezeichnung>Autoradio</bezeichnung>\n\t\t\t<kategorie>Audio</kategorie>\n\t\t\t<ekPreis>5555</ekPreis>\n\t\t\t<listPreis>6800</listPreis>\n\t\t</produkt>\n\t\t<produkt ean="1-4444-652-8-88">\n\t\t\t<bezeichnung>CD-Wechsler</bezeichnung>\n\t\t\t<kategorie>Audio</kategorie>\n\t\t\t<ekPreis>2345</ekPreis>\n\t\t\t<listPreis>3999</listPreis>\n\t\t</produkt>\n\t\t<produkt ean="3-1111-654-3-99">\n\t\t\t<bezeichnung>Lautsprecher</bezeichnung>\n\t\t\t<kategorie>Audio</kategorie>\n\t\t\t<ekPreis>999</ekPreis>\n\t\t\t<listPreis>1599</listPreis>\n\t\t</produkt>\n\t\t<produkt ean="3-5674-904-5-13">\n\t\t\t<bezeichnung>Subwoofer</bezeichnung>\n\t\t\t<kategorie>Audio</kategorie>\n\t\t\t<ekPreis>1749</ekPreis>\n\t\t\t<listPreis>2279</listPreis>\n\t\t</produkt>\n\t\t<produkt ean="6-581-1766-3-45">\n\t\t\t<bezeichnung>Telefonhalter</bezeichnung>\n\t\t\t<kategorie>Sonstiges</kategorie>\n\t\t\t<ekPreis>130</ekPreis>\n\t\t\t<listPreis>225</listPreis>\n\t\t</produkt>\n\t\t<produkt ean="6-231-4777-3-15">\n\t\t\t<bezeichnung>Lenkradueberzug</bezeichnung>\n\t\t\t<kategorie>Sonstiges</kategorie>\n\t\t\t<ekPreis>125</ekPreis>\n\t\t\t<listPreis>529</listPreis>\n\t\t</produkt>\n\t\t<produkt ean="4-1161-730-3-88">\n\t\t\t<bezeichnung>Warndreieck</bezeichnung>\n\t\t\t<kategorie>Sonstiges</kategorie>\n\t\t\t<ekPreis>350</ekPreis>\n\t\t\t<listPreis>499</listPreis>\n\t\t</produkt>\n\t\t<produkt ean="0-4381-880-7-00">\n\t\t\t<bezeichnung>Verbandskasten DIN</bezeichnung>\n\t\t\t<kategorie>Sonstiges</kategorie>\n\t\t\t<ekPreis>965</ekPreis>\n\t\t\t<listPreis>999</listPreis>\n\t\t</produkt>\n\t\t<produkt ean="5-6661-000-0-00">\n\t\t\t<bezeichnung>Abschleppseil</bezeichnung>\n\t\t\t<kategorie>Sonstiges</kategorie>\n\t\t\t<ekPreis>225</ekPreis>\n\t\t\t<listPreis>475</listPreis>\n\t\t</produkt>\n\t</produkte>\n\t<filialen>\n\t\t<filiale filNr="1">\n\t\t\t<inhName>Leitner</inhName>\n\t\t\t<strasse>Strubergasse 3</strasse>\n\t\t\t<plz>4040</plz>\n\t\t\t<sortiment>\n\t\t\t\t<!--\n\t\t\t\t<prodInSortiment>\n\t\t\t\t\t<ean>0-666-4567-2-22</ean>\n\t\t\t\t\t<vkPreis>69</vkPreis>\n\t\t\t\t\t<preisRed>0</preisRed>\n\t\t\t\t\t<bestand>100</bestand>\n\t\t\t\t</prodInSortiment>\n\t\t\t\t-->\n\t\t\t\t<prodInSortiment>\n\t\t\t\t\t<ean>0-777-4997-2-43</ean>\n\t\t\t\t\t<vkPreis>120</vkPreis>\n\t\t\t\t\t<preisRed>30</preisRed>\n\t\t\t\t\t<bestand>150</bestand>\n\t\t\t\t</prodInSortiment>\n\t\t\t\t<prodInSortiment>\n\t\t\t\t\t<ean>0-456-4887-3-22</ean>\n\t\t\t\t\t<vkPreis>229</vkPreis>\n\t\t\t\t\t<preisRed>0</preisRed>\n\t\t\t\t\t<bestand>130</bestand>\n\t\t\t\t</prodInSortiment>\n\t\t\t\t<prodInSortiment>\n\t\t\t\t\t<ean>1-626-7767-2-99</ean>\n\t\t\t\t\t<vkPreis>420</vkPreis>\n\t\t\t\t\t<preisRed>10</preisRed>\n\t\t\t\t\t<bestand>100</bestand>\n\t\t\t\t</prodInSortiment>\n\t\t\t\t<!--\n\t\t\t\t<prodInSortiment>\n\t\t\t\t\t<ean>1-333-7788-2-31</ean>\n\t\t\t\t\t<vkPreis>999</vkPreis>\n\t\t\t\t\t<preisRed>0</preisRed>\n\t\t\t\t\t<bestand>30</bestand>\n\t\t\t\t</prodInSortiment>\n\t\t\t\t-->\n\t\t\t\t<prodInSortiment>\n\t\t\t\t\t<ean>9-396-7510-9-00</ean>\n\t\t\t\t\t<vkPreis>13000</vkPreis>\n\t\t\t\t\t<preisRed>1000</preisRed>\n\t\t\t\t\t<bestand>15</bestand>\n\t\t\t\t</prodInSortiment>\n\t\t\t\t<prodInSortiment>\n\t\t\t\t\t<ean>5-2671-955-5-55</ean>\n\t\t\t\t\t<vkPreis>7000</vkPreis>\n\t\t\t\t\t<preisRed>0</preisRed>\n\t\t\t\t\t<bestand>12</bestand>\n\t\t\t\t</prodInSortiment>\n\t\t\t\t<prodInSortiment>\n\t\t\t\t\t<ean>3-1111-654-3-99</ean>\n\t\t\t\t\t<vkPreis>1700</vkPreis>\n\t\t\t\t\t<preisRed>0</preisRed>\n\t\t\t\t\t<bestand>7</bestand>\n\t\t\t\t</prodInSortiment>\n\t\t\t\t<prodInSortiment>\n\t\t\t\t\t<ean>6-231-4777-3-15</ean>\n\t\t\t\t\t<vkPreis>500</vkPreis>\n\t\t\t\t\t<preisRed>0</preisRed>\n\t\t\t\t\t<bestand>35</bestand>\n\t\t\t\t</prodInSortiment>\n\t\t\t\t<prodInSortiment>\n\t\t\t\t\t<ean>5-6661-000-0-00</ean>\n\t\t\t\t\t<vkPreis>450</vkPreis>\n\t\t\t\t\t<preisRed>0</preisRed>\n\t\t\t\t\t<bestand>11</bestand>\n\t\t\t\t</prodInSortiment>\n\t\t\t\t<prodInSortiment>\n\t\t\t\t\t<ean>0-4381-880-7-00</ean>\n\t\t\t\t\t<vkPreis>1250</vkPreis>\n\t\t\t\t\t<preisRed>250</preisRed>\n\t\t\t\t\t<bestand>85</bestand>\n\t\t\t\t</prodInSortiment>\n\t\t\t\t<prodInSortiment>\n\t\t\t\t\t<ean>4-1161-730-3-88</ean>\n\t\t\t\t\t<vkPreis>500</vkPreis>\n\t\t\t\t\t<preisRed>0</preisRed>\n\t\t\t\t\t<bestand>25</bestand>\n\t\t\t\t</prodInSortiment>\n\t\t\t\t<prodInSortiment>\n\t\t\t\t\t<ean>6-581-1766-3-45</ean>\n\t\t\t\t\t<vkPreis>200</vkPreis>\n\t\t\t\t\t<preisRed>0</preisRed>\n\t\t\t\t\t<bestand>40</bestand>\n\t\t\t\t</prodInSortiment>\n\t\t\t\t<prodInSortiment>\n\t\t\t\t\t<ean>1-4444-652-8-88</ean>\n\t\t\t\t\t<vkPreis>4500</vkPreis>\n\t\t\t\t\t<preisRed>0</preisRed>\n\t\t\t\t\t<bestand>4</bestand>\n\t\t\t\t</prodInSortiment>\n\t\t\t\t<prodInSortiment>\n\t\t\t\t\t<ean>7-2881-760-3-70</ean>\n\t\t\t\t\t<vkPreis>1500</vkPreis>\n\t\t\t\t\t<preisRed>0</preisRed>\n\t\t\t\t\t<bestand>23</bestand>\n\t\t\t\t</prodInSortiment>\n\t\t\t\t<prodInSortiment>\n\t\t\t\t\t<ean>2-446-7240-9-15</ean>\n\t\t\t\t\t<vkPreis>22500</vkPreis>\n\t\t\t\t\t<preisRed>0</preisRed>\n\t\t\t\t\t<bestand>7</bestand>\n\t\t\t\t</prodInSortiment>\n\t\t\t\t<prodInSortiment>\n\t\t\t\t\t<ean>1-256-7700-2-00</ean>\n\t\t\t\t\t<vkPreis>1999</vkPreis>\n\t\t\t\t\t<preisRed>0</preisRed>\n\t\t\t\t\t<bestand>30</bestand>\n\t\t\t\t</prodInSortiment>\n\t\t\t\t<prodInSortiment>\n\t\t\t\t\t<ean>0-55-48567-16-2</ean>\n\t\t\t\t\t<vkPreis>300</vkPreis>\n\t\t\t\t\t<preisRed>0</preisRed>\n\t\t\t\t\t<bestand>100</bestand>\n\t\t\t\t</prodInSortiment>\n\t\t\t</sortiment>\n\t\t</filiale>\n\t\t<filiale filNr="2">\n\t\t\t<inhName>Schraubner</inhName>\n\t\t\t<strasse>Blattallee 7</strasse>\n\t\t\t<plz>4040</plz>\n\t\t\t<sortiment>\n\t\t\t\t<prodInSortiment>\n\t\t\t\t\t<ean>0-666-4567-2-22</ean>\n\t\t\t\t\t<vkPreis>69</vkPreis>\n\t\t\t\t\t<preisRed>0</preisRed>\n\t\t\t\t\t<bestand>90</bestand>\n\t\t\t\t</prodInSortiment>\n\t\t\t\t<prodInSortiment>\n\t\t\t\t\t<ean>0-55-48567-16-2</ean>\n\t\t\t\t\t<vkPreis>390</vkPreis>\n\t\t\t\t\t<preisRed>0</preisRed>\n\t\t\t\t\t<bestand>100</bestand>\n\t\t\t\t</prodInSortiment>\n\t\t\t\t<prodInSortiment>\n\t\t\t\t\t<ean>1-256-7700-2-00</ean>\n\t\t\t\t\t<vkPreis>1900</vkPreis>\n\t\t\t\t\t<preisRed>0</preisRed>\n\t\t\t\t\t<bestand>40</bestand>\n\t\t\t\t</prodInSortiment>\n\t\t\t\t<prodInSortiment>\n\t\t\t\t\t<ean>9-396-7510-9-00</ean>\n\t\t\t\t\t<vkPreis>14000</vkPreis>\n\t\t\t\t\t<preisRed>0</preisRed>\n\t\t\t\t\t<bestand>25</bestand>\n\t\t\t\t</prodInSortiment>\n\t\t\t\t<prodInSortiment>\n\t\t\t\t\t<ean>5-2671-955-5-55</ean>\n\t\t\t\t\t<vkPreis>6800</vkPreis>\n\t\t\t\t\t<preisRed>250</preisRed>\n\t\t\t\t\t<bestand>9</bestand>\n\t\t\t\t</prodInSortiment>\n\t\t\t\t<prodInSortiment>\n\t\t\t\t\t<ean>3-1111-654-3-99</ean>\n\t\t\t\t\t<vkPreis>1500</vkPreis>\n\t\t\t\t\t<preisRed>125</preisRed>\n\t\t\t\t\t<bestand>1</bestand>\n\t\t\t\t</prodInSortiment>\n\t\t\t\t<prodInSortiment>\n\t\t\t\t\t<ean>5-6661-000-0-00</ean>\n\t\t\t\t\t<vkPreis>400</vkPreis>\n\t\t\t\t\t<preisRed>0</preisRed>\n\t\t\t\t\t<bestand>1</bestand>\n\t\t\t\t</prodInSortiment>\n\t\t\t\t<prodInSortiment>\n\t\t\t\t\t<ean>0-4381-880-7-00</ean>\n\t\t\t\t\t<vkPreis>1220</vkPreis>\n\t\t\t\t\t<preisRed>0</preisRed>\n\t\t\t\t\t<bestand>5</bestand>\n\t\t\t\t</prodInSortiment>\n\t\t\t\t<prodInSortiment>\n\t\t\t\t\t<ean>4-1161-730-3-88</ean>\n\t\t\t\t\t<vkPreis>500</vkPreis>\n\t\t\t\t\t<preisRed>11</preisRed>\n\t\t\t\t\t<bestand>8</bestand>\n\t\t\t\t</prodInSortiment>\n\t\t\t\t<prodInSortiment>\n\t\t\t\t\t<ean>6-231-4777-3-15</ean>\n\t\t\t\t\t<vkPreis>530</vkPreis>\n\t\t\t\t\t<preisRed>0</preisRed>\n\t\t\t\t\t<bestand>0</bestand>\n\t\t\t\t</prodInSortiment>\n\t\t\t\t<prodInSortiment>\n\t\t\t\t\t<ean>6-581-1766-3-45</ean>\n\t\t\t\t\t<vkPreis>230</vkPreis>\n\t\t\t\t\t<preisRed>0</preisRed>\n\t\t\t\t\t<bestand>44</bestand>\n\t\t\t\t</prodInSortiment>\n\t\t\t\t<prodInSortiment>\n\t\t\t\t\t<ean>1-4444-652-8-88</ean>\n\t\t\t\t\t<vkPreis>4000</vkPreis>\n\t\t\t\t\t<preisRed>0</preisRed>\n\t\t\t\t\t<bestand>3</bestand>\n\t\t\t\t</prodInSortiment>\n\t\t\t\t<prodInSortiment>\n\t\t\t\t\t<ean>7-2881-760-3-70</ean>\n\t\t\t\t\t<vkPreis>1300</vkPreis>\n\t\t\t\t\t<preisRed>0</preisRed>\n\t\t\t\t\t<bestand>9</bestand>\n\t\t\t\t</prodInSortiment>\n\t\t\t\t<prodInSortiment>\n\t\t\t\t\t<ean>2-446-7240-9-15</ean>\n\t\t\t\t\t<vkPreis>21999</vkPreis>\n\t\t\t\t\t<preisRed>0</preisRed>\n\t\t\t\t\t<bestand>0</bestand>\n\t\t\t\t</prodInSortiment>\n\t\t\t\t<prodInSortiment>\n\t\t\t\t\t<ean>1-626-7767-2-99</ean>\n\t\t\t\t\t<vkPreis>400</vkPreis>\n\t\t\t\t\t<preisRed>0</preisRed>\n\t\t\t\t\t<bestand>110</bestand>\n\t\t\t\t</prodInSortiment>\n\t\t\t\t<prodInSortiment>\n\t\t\t\t\t<ean>0-456-4887-3-22</ean>\n\t\t\t\t\t<vkPreis>200</vkPreis>\n\t\t\t\t\t<preisRed>0</preisRed>\n\t\t\t\t\t<bestand>120</bestand>\n\t\t\t\t</prodInSortiment>\n\t\t\t\t<prodInSortiment>\n\t\t\t\t\t<ean>0-777-4997-2-43</ean>\n\t\t\t\t\t<vkPreis>125</vkPreis>\n\t\t\t\t\t<preisRed>0</preisRed>\n\t\t\t\t\t<bestand>155</bestand>\n\t\t\t\t</prodInSortiment>\n\t\t\t</sortiment>\n\t\t</filiale>\n\t\t<filiale filNr="3">\n\t\t\t<inhName>Rathgeb</inhName>\n\t\t\t<strasse>Hauptstrasse 22</strasse>\n\t\t\t<plz>5020</plz>\n\t\t\t<sortiment>\n\t\t\t\t<prodInSortiment>\n\t\t\t\t\t<ean>0-666-4567-2-22</ean>\n\t\t\t\t\t<vkPreis>90</vkPreis>\n\t\t\t\t\t<preisRed>0</preisRed>\n\t\t\t\t\t<bestand>85</bestand>\n\t\t\t\t</prodInSortiment>\n\t\t\t\t<prodInSortiment>\n\t\t\t\t\t<ean>9-396-7510-9-00</ean>\n\t\t\t\t\t<vkPreis>13800</vkPreis>\n\t\t\t\t\t<preisRed>0</preisRed>\n\t\t\t\t\t<bestand>5</bestand>\n\t\t\t\t</prodInSortiment>\n\t\t\t\t<prodInSortiment>\n\t\t\t\t\t<ean>5-2671-955-5-55</ean>\n\t\t\t\t\t<vkPreis>6800</vkPreis>\n\t\t\t\t\t<preisRed>0</preisRed>\n\t\t\t\t\t<bestand>0</bestand>\n\t\t\t\t</prodInSortiment>\n\t\t\t\t<prodInSortiment>\n\t\t\t\t\t<ean>6-581-1766-3-45</ean>\n\t\t\t\t\t<vkPreis>230</vkPreis>\n\t\t\t\t\t<preisRed>0</preisRed>\n\t\t\t\t\t<bestand>14</bestand>\n\t\t\t\t</prodInSortiment>\n\t\t\t\t<prodInSortiment>\n\t\t\t\t\t<ean>5-6661-000-0-00</ean>\n\t\t\t\t\t<vkPreis>380</vkPreis>\n\t\t\t\t\t<preisRed>0</preisRed>\n\t\t\t\t\t<bestand>4</bestand>\n\t\t\t\t</prodInSortiment>\n\t\t\t\t<prodInSortiment>\n\t\t\t\t\t<ean>0-4381-880-7-00</ean>\n\t\t\t\t\t<vkPreis>1211</vkPreis>\n\t\t\t\t\t<preisRed>0</preisRed>\n\t\t\t\t\t<bestand>4</bestand>\n\t\t\t\t</prodInSortiment>\n\t\t\t\t<prodInSortiment>\n\t\t\t\t\t<ean>6-231-4777-3-15</ean>\n\t\t\t\t\t<vkPreis>530</vkPreis>\n\t\t\t\t\t<preisRed>0</preisRed>\n\t\t\t\t\t<bestand>4</bestand>\n\t\t\t\t</prodInSortiment>\n\t\t\t\t<prodInSortiment>\n\t\t\t\t\t<ean>1-4444-652-8-88</ean>\n\t\t\t\t\t<vkPreis>3999</vkPreis>\n\t\t\t\t\t<preisRed>0</preisRed>\n\t\t\t\t\t<bestand>0</bestand>\n\t\t\t\t</prodInSortiment>\n\t\t\t\t<prodInSortiment>\n\t\t\t\t\t<ean>7-2881-760-3-70</ean>\n\t\t\t\t\t<vkPreis>1300</vkPreis>\n\t\t\t\t\t<preisRed>0</preisRed>\n\t\t\t\t\t<bestand>0</bestand>\n\t\t\t\t</prodInSortiment>\n\t\t\t\t<prodInSortiment>\n\t\t\t\t\t<ean>1-256-7700-2-00</ean>\n\t\t\t\t\t<vkPreis>1900</vkPreis>\n\t\t\t\t\t<preisRed>0</preisRed>\n\t\t\t\t\t<bestand>10</bestand>\n\t\t\t\t</prodInSortiment>\n\t\t\t\t<prodInSortiment>\n\t\t\t\t\t<ean>0-456-4887-3-22</ean>\n\t\t\t\t\t<vkPreis>199</vkPreis>\n\t\t\t\t\t<preisRed>0</preisRed>\n\t\t\t\t\t<bestand>80</bestand>\n\t\t\t\t</prodInSortiment>\n\t\t\t\t<prodInSortiment>\n\t\t\t\t\t<ean>0-55-48567-16-2</ean>\n\t\t\t\t\t<vkPreis>390</vkPreis>\n\t\t\t\t\t<preisRed>0</preisRed>\n\t\t\t\t\t<bestand>90</bestand>\n\t\t\t\t</prodInSortiment>\n\t\t\t\t<prodInSortiment>\n\t\t\t\t\t<ean>1-626-7767-2-99</ean>\n\t\t\t\t\t<vkPreis>400</vkPreis>\n\t\t\t\t\t<preisRed>0</preisRed>\n\t\t\t\t\t<bestand>50</bestand>\n\t\t\t\t</prodInSortiment>\n\t\t\t</sortiment>\n\t\t</filiale>\n\t\t<filiale filNr="4">\n\t\t\t<inhName>Fiedler</inhName>\n\t\t\t<strasse>Feldweg 8</strasse>\n\t\t\t<plz>4040</plz>\n\t\t\t<sortiment>\n\t\t\t\t<prodInSortiment>\n\t\t\t\t\t<ean>0-666-4567-2-22</ean>\n\t\t\t\t\t<vkPreis>23</vkPreis>\n\t\t\t\t\t<preisRed>4</preisRed>\n\t\t\t\t\t<bestand>200</bestand>\n\t\t\t\t</prodInSortiment>\n\t\t\t\t<prodInSortiment>\n\t\t\t\t\t<ean>2-446-7240-9-15</ean>\n\t\t\t\t\t<vkPreis>22480</vkPreis>\n\t\t\t\t\t<preisRed>0</preisRed>\n\t\t\t\t\t<bestand>6</bestand>\n\t\t\t\t</prodInSortiment>\n\t\t\t\t<prodInSortiment>\n\t\t\t\t\t<ean>5-2671-955-5-55</ean>\n\t\t\t\t\t<vkPreis>6900</vkPreis>\n\t\t\t\t\t<preisRed>0</preisRed>\n\t\t\t\t\t<bestand>34</bestand>\n\t\t\t\t</prodInSortiment>\n\t\t\t\t<prodInSortiment>\n\t\t\t\t\t<ean>3-1111-654-3-99</ean>\n\t\t\t\t\t<vkPreis>1600</vkPreis>\n\t\t\t\t\t<preisRed>0</preisRed>\n\t\t\t\t\t<bestand>7</bestand>\n\t\t\t\t</prodInSortiment>\n\t\t\t\t<prodInSortiment>\n\t\t\t\t\t<ean>6-581-1766-3-45</ean>\n\t\t\t\t\t<vkPreis>200</vkPreis>\n\t\t\t\t\t<preisRed>20</preisRed>\n\t\t\t\t\t<bestand>9</bestand>\n\t\t\t\t</prodInSortiment>\n\t\t\t\t<prodInSortiment>\n\t\t\t\t\t<ean>1-4444-652-8-88</ean>\n\t\t\t\t\t<vkPreis>4490</vkPreis>\n\t\t\t\t\t<preisRed>0</preisRed>\n\t\t\t\t\t<bestand>5</bestand>\n\t\t\t\t</prodInSortiment>\n\t\t\t\t<prodInSortiment>\n\t\t\t\t\t<ean>7-2881-760-3-70</ean>\n\t\t\t\t\t<vkPreis>1300</vkPreis>\n\t\t\t\t\t<preisRed>111</preisRed>\n\t\t\t\t\t<bestand>5</bestand>\n\t\t\t\t</prodInSortiment>\n\t\t\t\t<prodInSortiment>\n\t\t\t\t\t<ean>9-396-7510-9-00</ean>\n\t\t\t\t\t<vkPreis>12900</vkPreis>\n\t\t\t\t\t<preisRed>0</preisRed>\n\t\t\t\t\t<bestand>2</bestand>\n\t\t\t\t</prodInSortiment>\n\t\t\t</sortiment>\n\t\t</filiale>\n\t\t<filiale filNr="5">\n\t\t\t<inhName>Hauser</inhName>\n\t\t\t<strasse>Klessheimer Allee 6</strasse>\n\t\t\t<plz>5020</plz>\n\t\t\t<sortiment>\n\t\t\t\t<prodInSortiment>\n\t\t\t\t\t<ean>0-666-4567-2-22</ean>\n\t\t\t\t\t<vkPreis>80</vkPreis>\n\t\t\t\t\t<preisRed>5</preisRed>\n\t\t\t\t\t<bestand>0</bestand>\n\t\t\t\t</prodInSortiment>\n\t\t\t\t<!--\n\t\t\t\t<prodInSortiment>\n\t\t\t\t\t<ean>9-396-7510-9-00</ean>\n\t\t\t\t\t<vkPreis>58</vkPreis>\n\t\t\t\t\t<preisRed>2</preisRed>\n\t\t\t\t\t<bestand>120</bestand>\n\t\t\t\t</prodInSortiment>\n\t\t\t\t-->\n\t\t\t\t<prodInSortiment>\n\t\t\t\t\t<ean>0-55-48567-16-2</ean>\n\t\t\t\t\t<vkPreis>330</vkPreis>\n\t\t\t\t\t<preisRed>0</preisRed>\n\t\t\t\t\t<bestand>108</bestand>\n\t\t\t\t</prodInSortiment>\n\t\t\t\t<prodInSortiment>\n\t\t\t\t\t<ean>4-1161-730-3-88</ean>\n\t\t\t\t\t<vkPreis>510</vkPreis>\n\t\t\t\t\t<preisRed>0</preisRed>\n\t\t\t\t\t<bestand>66</bestand>\n\t\t\t\t</prodInSortiment>\n\t\t\t\t<prodInSortiment>\n\t\t\t\t\t<ean>5-6661-000-0-00</ean>\n\t\t\t\t\t<vkPreis>500</vkPreis>\n\t\t\t\t\t<preisRed>0</preisRed>\n\t\t\t\t\t<bestand>3</bestand>\n\t\t\t\t</prodInSortiment>\n\t\t\t\t<prodInSortiment>\n\t\t\t\t\t<ean>0-4381-880-7-00</ean>\n\t\t\t\t\t<vkPreis>1425</vkPreis>\n\t\t\t\t\t<preisRed>125</preisRed>\n\t\t\t\t\t<bestand>2</bestand>\n\t\t\t\t</prodInSortiment>\n\t\t\t\t<prodInSortiment>\n\t\t\t\t\t<ean>6-231-4777-3-15</ean>\n\t\t\t\t\t<vkPreis>525</vkPreis>\n\t\t\t\t\t<preisRed>25</preisRed>\n\t\t\t\t\t<bestand>12</bestand>\n\t\t\t\t</prodInSortiment>\n\t\t\t\t<prodInSortiment>\n\t\t\t\t\t<ean>0-456-4887-3-22</ean>\n\t\t\t\t\t<vkPreis>250</vkPreis>\n\t\t\t\t\t<preisRed>0</preisRed>\n\t\t\t\t\t<bestand>130</bestand>\n\t\t\t\t</prodInSortiment>\n\t\t\t\t<prodInSortiment>\n\t\t\t\t\t<ean>0-777-4997-2-43</ean>\n\t\t\t\t\t<vkPreis>160</vkPreis>\n\t\t\t\t\t<preisRed>0</preisRed>\n\t\t\t\t\t<bestand>150</bestand>\n\t\t\t\t</prodInSortiment>\n\t\t\t</sortiment>\n\t\t</filiale>\n\t\t<filiale filNr="6">\n\t\t\t<inhName>Huber</inhName>\n\t\t\t<strasse>Ring 2</strasse>\n\t\t\t<plz>1010</plz>\n\t\t\t<sortiment>\n\t\t\t\t<prodInSortiment>\n\t\t\t\t\t<ean>0-666-4567-2-22</ean>\n\t\t\t\t\t<vkPreis>70</vkPreis>\n\t\t\t\t\t<preisRed>11</preisRed>\n\t\t\t\t\t<bestand>100</bestand>\n\t\t\t\t</prodInSortiment>\n\t\t\t\t<!--\n\t\t\t\t<prodInSortiment>\n\t\t\t\t\t<ean>1-333-7788-2-31</ean>\n\t\t\t\t\t<vkPreis>960</vkPreis>\n\t\t\t\t\t<preisRed>0</preisRed>\n\t\t\t\t\t<bestand>9</bestand>\n\t\t\t\t</prodInSortiment>\n\t\t\t\t-->\n\t\t\t\t<prodInSortiment>\n\t\t\t\t\t<ean>7-2881-760-3-70</ean>\n\t\t\t\t\t<vkPreis>1420</vkPreis>\n\t\t\t\t\t<preisRed>120</preisRed>\n\t\t\t\t\t<bestand>23</bestand>\n\t\t\t\t</prodInSortiment>\n\t\t\t\t<prodInSortiment>\n\t\t\t\t\t<ean>1-4444-652-8-88</ean>\n\t\t\t\t\t<vkPreis>4225</vkPreis>\n\t\t\t\t\t<preisRed>0</preisRed>\n\t\t\t\t\t<bestand>8</bestand>\n\t\t\t\t</prodInSortiment>\n\t\t\t\t<prodInSortiment>\n\t\t\t\t\t<ean>0-4381-880-7-00</ean>\n\t\t\t\t\t<vkPreis>1350</vkPreis>\n\t\t\t\t\t<preisRed>0</preisRed>\n\t\t\t\t\t<bestand>25</bestand>\n\t\t\t\t</prodInSortiment>\n\t\t\t\t<prodInSortiment>\n\t\t\t\t\t<ean>5-6661-000-0-00</ean>\n\t\t\t\t\t<vkPreis>553</vkPreis>\n\t\t\t\t\t<preisRed>23</preisRed>\n\t\t\t\t\t<bestand>11</bestand>\n\t\t\t\t</prodInSortiment>\n\t\t\t\t<prodInSortiment>\n\t\t\t\t\t<ean>3-1111-654-3-99</ean>\n\t\t\t\t\t<vkPreis>1300</vkPreis>\n\t\t\t\t\t<preisRed>0</preisRed>\n\t\t\t\t\t<bestand>7</bestand>\n\t\t\t\t</prodInSortiment>\n\t\t\t\t<prodInSortiment>\n\t\t\t\t\t<ean>5-2671-955-5-55</ean>\n\t\t\t\t\t<vkPreis>6800</vkPreis>\n\t\t\t\t\t<preisRed>0</preisRed>\n\t\t\t\t\t<bestand>12</bestand>\n\t\t\t\t</prodInSortiment>\n\t\t\t\t<prodInSortiment>\n\t\t\t\t\t<ean>9-396-7510-9-00</ean>\n\t\t\t\t\t<vkPreis>11500</vkPreis>\n\t\t\t\t\t<preisRed>0</preisRed>\n\t\t\t\t\t<bestand>15</bestand>\n\t\t\t\t</prodInSortiment>\n\t\t\t\t<prodInSortiment>\n\t\t\t\t\t<ean>1-256-7700-2-00</ean>\n\t\t\t\t\t<vkPreis>2109</vkPreis>\n\t\t\t\t\t<preisRed>0</preisRed>\n\t\t\t\t\t<bestand>0</bestand>\n\t\t\t\t</prodInSortiment>\n\t\t\t\t<prodInSortiment>\n\t\t\t\t\t<ean>0-777-4997-2-43</ean>\n\t\t\t\t\t<vkPreis>95</vkPreis>\n\t\t\t\t\t<preisRed>0</preisRed>\n\t\t\t\t\t<bestand>0</bestand>\n\t\t\t\t</prodInSortiment>\n\t\t\t\t<prodInSortiment>\n\t\t\t\t\t<ean>1-626-7767-2-99</ean>\n\t\t\t\t\t<vkPreis>380</vkPreis>\n\t\t\t\t\t<preisRed>25</preisRed>\n\t\t\t\t\t<bestand>100</bestand>\n\t\t\t\t</prodInSortiment>\n\t\t\t</sortiment>\n\t\t</filiale>\n\t</filialen>\n\t<kunden>\n\t\t<kunde kundeNr="11111">\n\t\t\t<name>Roller</name>\n\t\t\t<bonStufe>C</bonStufe>\n\t\t</kunde>\n\t\t<kunde kundeNr="15882">\n\t\t\t<name>Schieber</name>\n\t\t\t<bonStufe>B</bonStufe>\n\t\t</kunde>\n\t\t<kunde kundeNr="78436">\n\t\t\t<name>Flitzer</name>\n\t\t\t<bonStufe>A</bonStufe>\n\t\t</kunde>\n\t\t<kunde kundeNr="98077">\n\t\t\t<name>Sauser</name>\n\t\t\t<bonStufe>A</bonStufe>\n\t\t</kunde>\n\t\t<kunde kundeNr="24537">\n\t\t\t<name>Raser</name>\n\t\t\t<bonStufe>B</bonStufe>\n\t\t</kunde>\n\t\t<kunde kundeNr="13451">\n\t\t\t<name>Stuerzer</name>\n\t\t\t<bonStufe>C</bonStufe>\n\t\t</kunde>\n\t\t<kunde kundeNr="22221">\n\t\t\t<name>Bremser</name>\n\t\t\t<bonStufe>B</bonStufe>\n\t\t</kunde>\n\t\t<kunde kundeNr="99332">\n\t\t\t<name>Kuppler</name>\n\t\t\t<bonStufe>A</bonStufe>\n\t\t</kunde>\n\t\t<kunde kundeNr="67891">\n\t\t\t<name>Schleifer</name>\n\t\t\t<bonStufe>C</bonStufe>\n\t\t</kunde>\n\t\t<kunde kundeNr="95543">\n\t\t\t<name>Kurver</name>\n\t\t\t<bonStufe>B</bonStufe>\n\t\t</kunde>\n\t\t<kunde kundeNr="55789">\n\t\t\t<name>Schleuderer</name>\n\t\t\t<bonStufe>A</bonStufe>\n\t\t</kunde>\n\t\t<kunde kundeNr="87654">\n\t\t\t<name>Unfaller</name>\n\t\t\t<bonStufe>C</bonStufe>\n\t\t</kunde>\n\t\t<!--\n\t\t<kunde kundeNr="77777">\n\t\t\t<name>Stenzer</name>\n\t\t\t<bonStufe>A</bonStufe>\n\t\t</kunde>\n\t\t-->\n\t</kunden>\n\t<rechnungen>\n\t\t<!--\n\t\t<rechnung rechnungNr="10" datum="11.08.00">\n\t\t\t<bezahlt>Y</bezahlt>\n\t\t\t<kundeNr>11111</kundeNr>\n\t\t\t<filNr>1</filNr>\n\t\t\t<rposition>\n\t\t\t\t<ean>0-666-4567-2-22</ean>\n\t\t\t\t<einzelPreis>58</einzelPreis>\n\t\t\t\t<menge>5</menge>\n\t\t\t</rposition>\n\t\t</rechnung>\n\t\t-->\n\t\t<rechnung rechnungNr="11" datum="15.09.00">\n\t\t\t<bezahlt>Y</bezahlt>\n\t\t\t<kundeNr>11111</kundeNr>\n\t\t\t<filNr>1</filNr>\n\t\t\t<rposition>\n\t\t\t\t<ean>4-1161-730-3-88</ean>\n\t\t\t\t<einzelPreis>500</einzelPreis>\n\t\t\t\t<menge>2</menge>\n\t\t\t</rposition>\n\t\t</rechnung>\n\t\t<rechnung rechnungNr="12" datum="03.10.00">\n\t\t\t<bezahlt>Y</bezahlt>\n\t\t\t<kundeNr>11111</kundeNr>\n\t\t\t<filNr>6</filNr>\n\t\t\t<rposition>\n\t\t\t\t<ean>5-6661-000-0-00</ean>\n\t\t\t\t<einzelPreis>530</einzelPreis>\n\t\t\t\t<menge>3</menge>\n\t\t\t</rposition>\n\t\t\t<rposition>\n\t\t\t\t<ean>7-2881-760-3-70</ean>\n\t\t\t\t<einzelPreis>1300</einzelPreis>\n\t\t\t\t<menge>1</menge>\n\t\t\t</rposition>\n\t\t\t<rposition>\n\t\t\t\t<ean>0-4381-880-7-00</ean>\n\t\t\t\t<einzelPreis>1350</einzelPreis>\n\t\t\t\t<menge>1</menge>\n\t\t\t</rposition>\n\t\t</rechnung>\n\t\t<rechnung rechnungNr="13" datum="10.10.00">\n\t\t\t<bezahlt>N</bezahlt>\n\t\t\t<kundeNr>77777</kundeNr>\n\t\t\t<filNr>5</filNr>\n\t\t\t<rposition>\n\t\t\t\t<ean>5-6661-000-0-00</ean>\n\t\t\t\t<einzelPreis>500</einzelPreis>\n\t\t\t\t<menge>3</menge>\n\t\t\t</rposition>\n\t\t</rechnung>\n\t\t<rechnung rechnungNr="14" datum="20.10.00">\n\t\t\t<bezahlt>Y</bezahlt>\n\t\t\t<kundeNr>67891</kundeNr>\n\t\t\t<filNr>2</filNr>\n\t\t\t<rposition>\n\t\t\t\t<ean>3-1111-654-3-99</ean>\n\t\t\t\t<einzelPreis>1300</einzelPreis>\n\t\t\t\t<menge>2</menge>\n\t\t\t</rposition>\n\t\t</rechnung>\n\t\t<rechnung rechnungNr="15" datum="21.10.00">\n\t\t\t<bezahlt>Y</bezahlt>\n\t\t\t<kundeNr>87654</kundeNr>\n\t\t\t<filNr>4</filNr>\n\t\t\t<rposition>\n\t\t\t\t<ean>6-581-1766-3-45</ean>\n\t\t\t\t<einzelPreis>150</einzelPreis>\n\t\t\t\t<menge>1</menge>\n\t\t\t</rposition>\n\t\t</rechnung>\n\t\t<rechnung rechnungNr="16" datum="25.10.00">\n\t\t\t<bezahlt>N</bezahlt>\n\t\t\t<kundeNr>13451</kundeNr>\n\t\t\t<filNr>2</filNr>\n\t\t\t<rposition>\n\t\t\t\t<ean>0-55-48567-16-2</ean>\n\t\t\t\t<einzelPreis>390</einzelPreis>\n\t\t\t\t<menge>5</menge>\n\t\t\t</rposition>\n\t\t</rechnung>\n\t\t<rechnung rechnungNr="20" datum="11.08.00">\n\t\t\t<bezahlt>N</bezahlt>\n\t\t\t<kundeNr>15882</kundeNr>\n\t\t\t<filNr>1</filNr>\n\t\t\t<rposition>\n\t\t\t\t<ean>0-456-4887-3-22</ean>\n\t\t\t\t<einzelPreis>229</einzelPreis>\n\t\t\t\t<menge>1</menge>\n\t\t\t</rposition>\n\t\t\t<rposition>\n\t\t\t\t<ean>2-446-7240-9-15</ean>\n\t\t\t\t<einzelPreis>22500</einzelPreis>\n\t\t\t\t<menge>1</menge>\n\t\t\t</rposition>\n\t\t</rechnung>\n\t\t<rechnung rechnungNr="21" datum="15.09.00">\n\t\t\t<bezahlt>Y</bezahlt>\n\t\t\t<kundeNr>22221</kundeNr>\n\t\t\t<filNr>3</filNr>\n\t\t\t<rposition>\n\t\t\t\t<ean>5-2671-955-5-55</ean>\n\t\t\t\t<einzelPreis>6800</einzelPreis>\n\t\t\t\t<menge>1</menge>\n\t\t\t</rposition>\n\t\t</rechnung>\n\t\t<rechnung rechnungNr="22" datum="03.10.00">\n\t\t\t<bezahlt>Y</bezahlt>\n\t\t\t<kundeNr>95543</kundeNr>\n\t\t\t<filNr>5</filNr>\n\t\t\t<rposition>\n\t\t\t\t<ean>0-55-48567-16-2</ean>\n\t\t\t\t<einzelPreis>330</einzelPreis>\n\t\t\t\t<menge>2</menge>\n\t\t\t</rposition>\n\t\t</rechnung>\n\t\t<rechnung rechnungNr="23" datum="10.10.00">\n\t\t\t<bezahlt>Y</bezahlt>\n\t\t\t<kundeNr>99332</kundeNr>\n\t\t\t<filNr>2</filNr>\n\t\t\t<rposition>\n\t\t\t\t<ean>6-231-4777-3-15</ean>\n\t\t\t\t<einzelPreis>525</einzelPreis>\n\t\t\t\t<menge>3</menge>\n\t\t\t</rposition>\n\t\t\t<rposition>\n\t\t\t\t<ean>5-6661-000-0-00</ean>\n\t\t\t\t<einzelPreis>490</einzelPreis>\n\t\t\t\t<menge>5</menge>\n\t\t\t</rposition>\n\t\t\t<rposition>\n\t\t\t\t<ean>9-396-7510-9-00</ean>\n\t\t\t\t<einzelPreis>14000</einzelPreis>\n\t\t\t\t<menge>1</menge>\n\t\t\t</rposition>\n\t\t</rechnung>\n\t\t<rechnung rechnungNr="24" datum="20.10.00">\n\t\t\t<bezahlt>N</bezahlt>\n\t\t\t<kundeNr>15882</kundeNr>\n\t\t\t<filNr>3</filNr>\n\t\t\t<rposition>\n\t\t\t\t<ean>1-256-7700-2-00</ean>\n\t\t\t\t<einzelPreis>2200</einzelPreis>\n\t\t\t\t<menge>1</menge>\n\t\t\t</rposition>\n\t\t</rechnung>\n\t\t<rechnung rechnungNr="25" datum="21.10.00">\n\t\t\t<bezahlt>Y</bezahlt>\n\t\t\t<kundeNr>22221</kundeNr>\n\t\t\t<filNr>4</filNr>\n\t\t\t<rposition>\n\t\t\t\t<ean>5-2671-955-5-55</ean>\n\t\t\t\t<einzelPreis>6900</einzelPreis>\n\t\t\t\t<menge>1</menge>\n\t\t\t</rposition>\n\t\t</rechnung>\n\t\t<rechnung rechnungNr="26" datum="25.10.00">\n\t\t\t<bezahlt>Y</bezahlt>\n\t\t\t<kundeNr>99332</kundeNr>\n\t\t\t<filNr>1</filNr>\n\t\t\t<rposition>\n\t\t\t\t<ean>5-6661-000-0-00</ean>\n\t\t\t\t<einzelPreis>450</einzelPreis>\n\t\t\t\t<menge>1</menge>\n\t\t\t</rposition>\n\t\t</rechnung>\n\t\t<rechnung rechnungNr="30" datum="11.08.00">\n\t\t\t<bezahlt>Y</bezahlt>\n\t\t\t<kundeNr>24537</kundeNr>\n\t\t\t<filNr>1</filNr>\n\t\t\t<rposition>\n\t\t\t\t<ean>5-2671-955-5-55</ean>\n\t\t\t\t<einzelPreis>7000</einzelPreis>\n\t\t\t\t<menge>1</menge>\n\t\t\t</rposition>\n\t\t</rechnung>\n\t\t<rechnung rechnungNr="31" datum="15.09.00">\n\t\t\t<bezahlt>Y</bezahlt>\n\t\t\t<kundeNr>87654</kundeNr>\n\t\t\t<filNr>4</filNr>\n\t\t\t<rposition>\n\t\t\t\t<ean>9-396-7510-9-00</ean>\n\t\t\t\t<einzelPreis>12900</einzelPreis>\n\t\t\t\t<menge>1</menge>\n\t\t\t</rposition>\n\t\t\t<rposition>\n\t\t\t\t<ean>3-1111-654-3-99</ean>\n\t\t\t\t<einzelPreis>1600</einzelPreis>\n\t\t\t\t<menge>2</menge>\n\t\t\t</rposition>\n\t\t</rechnung>\n\t\t<rechnung rechnungNr="32" datum="20.10.00">\n\t\t\t<bezahlt>Y</bezahlt>\n\t\t\t<kundeNr>98077</kundeNr>\n\t\t\t<filNr>3</filNr>\n\t\t\t<rposition>\n\t\t\t\t<ean>5-6661-000-0-00</ean>\n\t\t\t\t<einzelPreis>380</einzelPreis>\n\t\t\t\t<menge>2</menge>\n\t\t\t</rposition>\n\t\t</rechnung>\n\t\t<rechnung rechnungNr="33" datum="21.10.00">\n\t\t\t<bezahlt>Y</bezahlt>\n\t\t\t<kundeNr>87654</kundeNr>\n\t\t\t<filNr>5</filNr>\n\t\t\t<rposition>\n\t\t\t\t<ean>6-231-4777-3-15</ean>\n\t\t\t\t<einzelPreis>500</einzelPreis>\n\t\t\t\t<menge>2</menge>\n\t\t\t</rposition>\n\t\t</rechnung>\n\t\t<rechnung rechnungNr="40" datum="11.08.00">\n\t\t\t<bezahlt>Y</bezahlt>\n\t\t\t<kundeNr>78436</kundeNr>\n\t\t\t<filNr>1</filNr>\n\t\t\t<rposition>\n\t\t\t\t<ean>6-581-1766-3-45</ean>\n\t\t\t\t<einzelPreis>200</einzelPreis>\n\t\t\t\t<menge>3</menge>\n\t\t\t</rposition>\n\t\t</rechnung>\n\t\t<rechnung rechnungNr="41" datum="20.10.00">\n\t\t\t<bezahlt>N</bezahlt>\n\t\t\t<kundeNr>78436</kundeNr>\n\t\t\t<filNr>3</filNr>\n\t\t\t<rposition>\n\t\t\t\t<ean>0-4381-880-7-00</ean>\n\t\t\t\t<einzelPreis>1100</einzelPreis>\n\t\t\t\t<menge>1</menge>\n\t\t\t</rposition>\n\t\t</rechnung>\n\t\t<rechnung rechnungNr="50" datum="11.08.00">\n\t\t\t<bezahlt>Y</bezahlt>\n\t\t\t<kundeNr>95543</kundeNr>\n\t\t\t<filNr>1</filNr>\n\t\t\t<rposition>\n\t\t\t\t<ean>9-396-7510-9-00</ean>\n\t\t\t\t<einzelPreis>12000</einzelPreis>\n\t\t\t\t<menge>1</menge>\n\t\t\t</rposition>\n\t\t\t<rposition>\n\t\t\t\t<ean>1-4444-652-8-88</ean>\n\t\t\t\t<einzelPreis>4500</einzelPreis>\n\t\t\t\t<menge>1</menge>\n\t\t\t</rposition>\n\t\t</rechnung>\n\t\t<rechnung rechnungNr="51" datum="20.10.00">\n\t\t\t<bezahlt>Y</bezahlt>\n\t\t\t<kundeNr>95543</kundeNr>\n\t\t\t<filNr>5</filNr>\n\t\t\t<rposition>\n\t\t\t\t<ean>4-1161-730-3-88</ean>\n\t\t\t\t<einzelPreis>510</einzelPreis>\n\t\t\t\t<menge>3</menge>\n\t\t\t</rposition>\n\t\t</rechnung>\n\t\t<rechnung rechnungNr="60" datum="11.08.00">\n\t\t\t<bezahlt>N</bezahlt>\n\t\t\t<kundeNr>13451</kundeNr>\n\t\t\t<filNr>2</filNr>\n\t\t\t<rposition>\n\t\t\t\t<ean>0-777-4997-2-43</ean>\n\t\t\t\t<einzelPreis>125</einzelPreis>\n\t\t\t\t<menge>3</menge>\n\t\t\t</rposition>\n\t\t</rechnung>\n\t\t<rechnung rechnungNr="61" datum="20.10.00">\n\t\t\t<bezahlt>N</bezahlt>\n\t\t\t<kundeNr>13451</kundeNr>\n\t\t\t<filNr>5</filNr>\n\t\t\t<rposition>\n\t\t\t\t<ean>5-6661-000-0-00</ean>\n\t\t\t\t<einzelPreis>500</einzelPreis>\n\t\t\t\t<menge>2</menge>\n\t\t\t</rposition>\n\t\t</rechnung>\n\t</rechnungen>\n</handelskette>\n	handelskette3.xml
5002	 <Bilanzen>\n \t<Bilanz jahr="2002">\n \t\t<Aktiva>\n \t\t\t<LangfristigesVermoegen>\n \t\t\t\t<Sachanlagen summe="1286575.8"/>\n \t\t\t\t<ImmateriellesVermoegen summe="37767.2"/>\n \t\t\t\t<Patente summe="27767.2"/>\n \t\t\t\t<AssoziierteUnternehmen summe="390826.3"/>\n \t\t\t\t<AndereBeteiligungen summe="707692.7"/>\n \t\t\t\t<Uebrige summe="32916.4"/>\n \t\t\t</LangfristigesVermoegen>\n \t\t\t<KurzfristigesVermoegen>\n \t\t\t\t<Vorraete summe="98830.9"/>\n \t\t\t\t<Forderungen summe="398210.3"/>\n \t\t\t\t<Finanzmittel summe="141102.0"/>\n \t\t\t</KurzfristigesVermoegen>\n \t\t</Aktiva>\n \t\t<Passiva>\n \t\t\t<Eigenkapital>\n \t\t\t\t<Grundkapital summe="61072.4"/>\n \t\t\t\t<Kapitalruecklagen summe="146789.5"/>\n \t\t\t\t<Gewinnruecklagen summe="758176.2"/>\n \t\t\t\t<Bewertungsruecklagen summe="-32922.4"/>\n \t\t\t\t<Waehrungsumrechnung summe="10000.0"/>\n \t\t\t\t<EigeneAktien summe="0"/>\n \t\t\t</Eigenkapital>\n \t\t\t<AnteileGesellschafter summe="22613.1"/>\n \t\t\t<LangfristigeVerb>\n \t\t\t\t<Finanzverbindlichkeiten summe="660007.1"/>\n \t\t\t\t<Wechselbetrugsrueckstellungen summe="666.66"/>\n \t\t\t\t<Steuern summe="36655.8"/>\n \t\t\t\t<Rueckstellungen summe="422286.1"/>\n \t\t\t\t<Baukostenzuschuesse summe="162246.0"/>\n \t\t\t\t<Uebrige summe="32166.9"/>\n \t\t\t</LangfristigeVerb>\n \t\t\t<KurzfristigeVerb>\n \t\t\t\t<Finanzverbindlichkeiten summe="14414.6"/>\n \t\t\t\t<Steuern summe="65547.6"/>\n \t\t\t\t<Lieferanten summe="92939.2"/>\n \t\t\t\t<Rueckstellungen summe="113664.8"/>\n \t\t\t\t<Uebrige summe="82464.8"/>\n \t\t\t</KurzfristigeVerb>\n \t\t</Passiva>\n \t</Bilanz>\n \t<Bilanz jahr="2003">\n \t\t<Aktiva>\n \t\t\t<LangfristigesVermoegen>\n \t\t\t\t<Sachanlagen summe="1790313.7"/>\n \t\t\t\t<ImmateriellesVermoegen summe="66693.2"/>\n \t\t\t\t<Patente summe="27767.2"/>\n \t\t\t\t<AssoziierteUnternehmen summe="168224.7"/>\n \t\t\t\t<AndereBeteiligungen summe="468489.3"/>\n \t\t\t\t<Uebrige summe="164566.7"/>\n \t\t\t</LangfristigesVermoegen>\n \t\t\t<KurzfristigesVermoegen>\n \t\t\t\t<Vorraete summe="26609.8"/>\n \t\t\t\t<Forderungen summe="269458.5"/>\n \t\t\t\t<Finanzmittel summe="362445.9"/>\n \t\t\t</KurzfristigesVermoegen>\n \t\t</Aktiva>\n \t\t<Passiva>\n \t\t\t<Eigenkapital>\n \t\t\t\t<Grundkapital summe="96072.4"/>\n \t\t\t\t<Kapitalruecklagen summe="166789.5"/>\n \t\t\t\t<Gewinnruecklagen summe="865723.4"/>\n \t\t\t\t<Bewertungsruecklagen summe="-16459.5"/>\n \t\t\t\t<Waehrungsumrechnung summe="-663.7"/>\n \t\t\t\t<EigeneAktien summe="0"/>\n \t\t\t</Eigenkapital>\n \t\t\t<AnteileGesellschafter summe="26669.8"/>\n \t\t\t<LangfristigeVerb>\n \t\t\t\t<Finanzverbindlichkeiten summe="763990.2"/>\n \t\t\t\t<Wechselbetrugsrueckstellungen summe="666.66"/>\n \t\t\t\t<Steuern summe="66156.8"/>\n \t\t\t\t<Rueckstellungen summe="365997.2"/>\n \t\t\t\t<Baukostenzuschuesse summe="167338.5"/>\n \t\t\t\t<Uebrige summe="36064.9"/>\n \t\t\t</LangfristigeVerb>\n \t\t\t<KurzfristigeVerb>\n \t\t\t\t<Finanzverbindlichkeiten summe="6664.7"/>\n \t\t\t\t<Steuern summe="96119.1"/>\n \t\t\t\t<Lieferanten summe="86606.0"/>\n \t\t\t\t<Rueckstellungen summe="168237.5"/>\n \t\t\t\t<Uebrige summe="96495.2"/>\n \t\t\t</KurzfristigeVerb>\n \t\t</Passiva>\n \t</Bilanz>\n </Bilanzen>\n	abschluesse_s.xml
5001	<Bilanzen>\n \t<Bilanz jahr="2002">\n \t\t<Aktiva>\n \t\t\t<LangfristigesVermoegen>\n \t\t\t\t<Sachanlagen summe="1486575.8"/>\n \t\t\t\t<ImmateriellesVermoegen summe="67767.2"/>\n \t\t\t\t<AssoziierteUnternehmen summe="190826.3"/>\n \t\t\t\t<AndereBeteiligungen summe="507692.7"/>\n \t\t\t\t<Uebrige summe="92916.4"/>\n \t\t\t</LangfristigesVermoegen>\n \t\t\t<KurzfristigesVermoegen>\n \t\t\t\t<Vorraete summe="78830.9"/>\n \t\t\t\t<Forderungen summe="198210.3"/>\n \t\t\t\t<Finanzmittel summe="181102.0"/>\n \t\t\t</KurzfristigesVermoegen>\n \t\t</Aktiva>\n \t\t<Passiva>\n \t\t\t<Eigenkapital>\n \t\t\t\t<Grundkapital summe="91072.4"/>\n \t\t\t\t<Kapitalruecklagen summe="186789.5"/>\n \t\t\t\t<Gewinnruecklagen summe="798176.2"/>\n \t\t\t\t<Bewertungsruecklagen summe="-34922.4"/>\n \t\t\t\t<Waehrungsumrechnung summe="0"/>\n \t\t\t\t<EigeneAktien summe="0"/>\n \t\t\t</Eigenkapital>\n \t\t\t<AnteileGesellschafter summe="23613.1"/>\n \t\t\t<LangfristigeVerb>\n \t\t\t\t<Finanzverbindlichkeiten summe="680007.1"/>\n \t\t\t\t<Steuern summe="36555.8"/>\n \t\t\t\t<Rueckstellungen summe="429286.1"/>\n \t\t\t\t<Baukostenzuschuesse summe="169246.0"/>\n \t\t\t\t<Uebrige summe="36166.9"/>\n \t\t\t</LangfristigeVerb>\n \t\t\t<KurzfristigeVerb>\n \t\t\t\t<Finanzverbindlichkeiten summe="14614.6"/>\n \t\t\t\t<Steuern summe="65247.6"/>\n \t\t\t\t<Lieferanten summe="94939.2"/>\n \t\t\t\t<Rueckstellungen summe="123664.8"/>\n \t\t\t\t<Uebrige summe="89464.8"/>\n \t\t\t</KurzfristigeVerb>\n \t\t</Passiva>\n \t</Bilanz>\n \t<Bilanz jahr="2003">\n \t\t<Aktiva>\n \t\t\t<LangfristigesVermoegen>\n \t\t\t\t<Sachanlagen summe="1590313.7"/>\n \t\t\t\t<ImmateriellesVermoegen summe="69693.2"/>\n \t\t\t\t<AssoziierteUnternehmen summe="198224.7"/>\n \t\t\t\t<AndereBeteiligungen summe="418489.3"/>\n \t\t\t\t<Uebrige summe="104566.7"/>\n \t\t\t</LangfristigesVermoegen>\n \t\t\t<KurzfristigesVermoegen>\n \t\t\t\t<Vorraete summe="20609.8"/>\n \t\t\t\t<Forderungen summe="289458.5"/>\n \t\t\t\t<Finanzmittel summe="302445.9"/>\n \t\t\t</KurzfristigesVermoegen>\n \t\t</Aktiva>\n \t\t<Passiva>\n \t\t\t<Eigenkapital>\n \t\t\t\t<Grundkapital summe="91072.4"/>\n \t\t\t\t<Kapitalruecklagen summe="186789.5"/>\n \t\t\t\t<Gewinnruecklagen summe="875723.4"/>\n \t\t\t\t<Bewertungsruecklagen summe="-15459.5"/>\n \t\t\t\t<Waehrungsumrechnung summe="-633.7"/>\n \t\t\t\t<EigeneAktien summe="0"/>\n \t\t\t</Eigenkapital>\n \t\t\t<AnteileGesellschafter summe="22669.8"/>\n \t\t\t<LangfristigeVerb>\n \t\t\t\t<Finanzverbindlichkeiten summe="733990.2"/>\n \t\t\t\t<Steuern summe="68156.8"/>\n \t\t\t\t<Rueckstellungen summe="395997.2"/>\n \t\t\t\t<Baukostenzuschuesse summe="177338.5"/>\n \t\t\t\t<Uebrige summe="38064.9"/>\n \t\t\t</LangfristigeVerb>\n \t\t\t<KurzfristigeVerb>\n \t\t\t\t<Finanzverbindlichkeiten summe="6634.7"/>\n \t\t\t\t<Steuern summe="97119.1"/>\n \t\t\t\t<Lieferanten summe="89606.0"/>\n \t\t\t\t<Rueckstellungen summe="128237.5"/>\n \t\t\t\t<Uebrige summe="98495.2"/>\n \t\t\t</KurzfristigeVerb>\n \t\t</Passiva>\n \t</Bilanz>\n </Bilanzen>\n	abschluesse.xml
5006	 <Bilanzen>\n \t<Bilanz jahr="2002">\n \t\t<Aktiva>\n \t\t\t<LangfristigesVermoegen>\n \t\t\t\t<Sachanlagen summe="1286575.8"/>\n \t\t\t\t<ImmateriellesVermoegen summe="37767.2"/>\n \t\t\t\t<Patente summe="27767.2"/>\n \t\t\t\t<AssoziierteUnternehmen summe="390826.3"/>\n \t\t\t\t<AndereBeteiligungen summe="707692.7"/>\n \t\t\t\t<Uebrige summe="32916.4"/>\n \t\t\t</LangfristigesVermoegen>\n \t\t\t<KurzfristigesVermoegen>\n \t\t\t\t<Vorraete summe="98830.9"/>\n \t\t\t\t<Forderungen summe="398210.3"/>\n \t\t\t\t<Finanzmittel summe="141102.0"/>\n \t\t\t</KurzfristigesVermoegen>\n \t\t</Aktiva>\n \t\t<Passiva>\n \t\t\t<Eigenkapital>\n \t\t\t\t<Grundkapital summe="61072.4"/>\n \t\t\t\t<Kapitalruecklagen summe="146789.5"/>\n \t\t\t\t<Gewinnruecklagen summe="758176.2"/>\n \t\t\t\t<Bewertungsruecklagen summe="-32922.4"/>\n \t\t\t\t<Waehrungsumrechnung summe="10000.0"/>\n \t\t\t\t<EigeneAktien summe="0"/>\n \t\t\t</Eigenkapital>\n \t\t\t<AnteileGesellschafter summe="22613.1"/>\n \t\t\t<LangfristigeVerb>\n \t\t\t\t<Finanzverbindlichkeiten summe="660007.1"/>\n \t\t\t\t<Wechselbetrugsrueckstellungen summe="666.66"/>\n \t\t\t\t<Steuern summe="36655.8"/>\n \t\t\t\t<Rueckstellungen summe="422286.1"/>\n \t\t\t\t<Baukostenzuschuesse summe="162246.0"/>\n \t\t\t\t<Uebrige summe="32166.9"/>\n \t\t\t</LangfristigeVerb>\n \t\t\t<KurzfristigeVerb>\n \t\t\t\t<Finanzverbindlichkeiten summe="14414.6"/>\n \t\t\t\t<Steuern summe="65547.6"/>\n \t\t\t\t<Lieferanten summe="92939.2"/>\n \t\t\t\t<Rueckstellungen summe="113664.8"/>\n \t\t\t\t<Uebrige summe="82464.8"/>\n \t\t\t</KurzfristigeVerb>\n \t\t</Passiva>\n \t</Bilanz>\n \t<Bilanz jahr="2003">\n \t\t<Aktiva>\n \t\t\t<LangfristigesVermoegen>\n \t\t\t\t<Sachanlagen summe="1790313.7"/>\n \t\t\t\t<ImmateriellesVermoegen summe="66693.2"/>\n \t\t\t\t<Patente summe="27767.2"/>\n \t\t\t\t<AssoziierteUnternehmen summe="168224.7"/>\n \t\t\t\t<AndereBeteiligungen summe="468489.3"/>\n \t\t\t\t<Uebrige summe="164566.7"/>\n \t\t\t</LangfristigesVermoegen>\n \t\t\t<KurzfristigesVermoegen>\n \t\t\t\t<Vorraete summe="26609.8"/>\n \t\t\t\t<Forderungen summe="269458.5"/>\n \t\t\t\t<Finanzmittel summe="362445.9"/>\n \t\t\t</KurzfristigesVermoegen>\n \t\t</Aktiva>\n \t\t<Passiva>\n \t\t\t<Eigenkapital>\n \t\t\t\t<Grundkapital summe="96072.4"/>\n \t\t\t\t<Kapitalruecklagen summe="166789.5"/>\n \t\t\t\t<Gewinnruecklagen summe="865723.4"/>\n \t\t\t\t<Bewertungsruecklagen summe="-16459.5"/>\n \t\t\t\t<Waehrungsumrechnung summe="-663.7"/>\n \t\t\t\t<EigeneAktien summe="0"/>\n \t\t\t</Eigenkapital>\n \t\t\t<AnteileGesellschafter summe="26669.8"/>\n \t\t\t<LangfristigeVerb>\n \t\t\t\t<Finanzverbindlichkeiten summe="763990.2"/>\n \t\t\t\t<Wechselbetrugsrueckstellungen summe="666.66"/>\n \t\t\t\t<Steuern summe="66156.8"/>\n \t\t\t\t<Rueckstellungen summe="365997.2"/>\n \t\t\t\t<Baukostenzuschuesse summe="167338.5"/>\n \t\t\t\t<Uebrige summe="36064.9"/>\n \t\t\t</LangfristigeVerb>\n \t\t\t<KurzfristigeVerb>\n \t\t\t\t<Finanzverbindlichkeiten summe="6664.7"/>\n \t\t\t\t<Steuern summe="96119.1"/>\n \t\t\t\t<Lieferanten summe="86606.0"/>\n \t\t\t\t<Rueckstellungen summe="168237.5"/>\n \t\t\t\t<Uebrige summe="96495.2"/>\n \t\t\t</KurzfristigeVerb>\n \t\t</Passiva>\n \t</Bilanz>\n </Bilanzen>\n	abschluesse.xml
5005	<Bilanzen>\n \t<Bilanz jahr="2002">\n \t\t<Aktiva>\n \t\t\t<LangfristigesVermoegen>\n \t\t\t\t<Sachanlagen summe="1286575.8"/>\n \t\t\t\t<ImmateriellesVermoegen summe="37767.2"/>\n \t\t\t\t<Patente summe="27767.2"/>\n \t\t\t\t<AssoziierteUnternehmen summe="390826.3"/>\n \t\t\t\t<AndereBeteiligungen summe="707692.7"/>\n \t\t\t\t<Uebrige summe="32916.4"/>\n \t\t\t</LangfristigesVermoegen>\n \t\t\t<KurzfristigesVermoegen>\n \t\t\t\t<Vorraete summe="98830.9"/>\n \t\t\t\t<Forderungen summe="398210.3"/>\n \t\t\t\t<Finanzmittel summe="141102.0"/>\n \t\t\t</KurzfristigesVermoegen>\n \t\t</Aktiva>\n \t\t<Passiva>\n \t\t\t<Eigenkapital>\n \t\t\t\t<Grundkapital summe="61072.4"/>\n \t\t\t\t<Kapitalruecklagen summe="146789.5"/>\n \t\t\t\t<Gewinnruecklagen summe="758176.2"/>\n \t\t\t\t<Bewertungsruecklagen summe="-32922.4"/>\n \t\t\t\t<Waehrungsumrechnung summe="10000.0"/>\n \t\t\t\t<EigeneAktien summe="0"/>\n \t\t\t</Eigenkapital>\n \t\t\t<AnteileGesellschafter summe="22613.1"/>\n \t\t\t<LangfristigeVerb>\n \t\t\t\t<Finanzverbindlichkeiten summe="660007.1"/>\n \t\t\t\t<Wechselbetrugsrueckstellungen summe="666.66"/>\n \t\t\t\t<Steuern summe="36655.8"/>\n \t\t\t\t<Rueckstellungen summe="422286.1"/>\n \t\t\t\t<Baukostenzuschuesse summe="162246.0"/>\n \t\t\t\t<Uebrige summe="32166.9"/>\n \t\t\t</LangfristigeVerb>\n \t\t\t<KurzfristigeVerb>\n \t\t\t\t<Finanzverbindlichkeiten summe="14414.6"/>\n \t\t\t\t<Steuern summe="65547.6"/>\n \t\t\t\t<Lieferanten summe="92939.2"/>\n \t\t\t\t<Rueckstellungen summe="113664.8"/>\n \t\t\t\t<Uebrige summe="82464.8"/>\n \t\t\t</KurzfristigeVerb>\n \t\t</Passiva>\n \t</Bilanz>\n \t<Bilanz jahr="2003">\n \t\t<Aktiva>\n \t\t\t<LangfristigesVermoegen>\n \t\t\t\t<Sachanlagen summe="1790313.7"/>\n \t\t\t\t<ImmateriellesVermoegen summe="66693.2"/>\n \t\t\t\t<Patente summe="27767.2"/>\n \t\t\t\t<AssoziierteUnternehmen summe="168224.7"/>\n \t\t\t\t<AndereBeteiligungen summe="468489.3"/>\n \t\t\t\t<Uebrige summe="164566.7"/>\n \t\t\t</LangfristigesVermoegen>\n \t\t\t<KurzfristigesVermoegen>\n \t\t\t\t<Vorraete summe="26609.8"/>\n \t\t\t\t<Forderungen summe="269458.5"/>\n \t\t\t\t<Finanzmittel summe="362445.9"/>\n \t\t\t</KurzfristigesVermoegen>\n \t\t</Aktiva>\n \t\t<Passiva>\n \t\t\t<Eigenkapital>\n \t\t\t\t<Grundkapital summe="96072.4"/>\n \t\t\t\t<Kapitalruecklagen summe="166789.5"/>\n \t\t\t\t<Gewinnruecklagen summe="865723.4"/>\n \t\t\t\t<Bewertungsruecklagen summe="-16459.5"/>\n \t\t\t\t<Waehrungsumrechnung summe="-663.7"/>\n \t\t\t\t<EigeneAktien summe="0"/>\n \t\t\t</Eigenkapital>\n \t\t\t<AnteileGesellschafter summe="26669.8"/>\n \t\t\t<LangfristigeVerb>\n \t\t\t\t<Finanzverbindlichkeiten summe="763990.2"/>\n \t\t\t\t<Wechselbetrugsrueckstellungen summe="666.66"/>\n \t\t\t\t<Steuern summe="66156.8"/>\n \t\t\t\t<Rueckstellungen summe="365997.2"/>\n \t\t\t\t<Baukostenzuschuesse summe="167338.5"/>\n \t\t\t\t<Uebrige summe="36064.9"/>\n \t\t\t</LangfristigeVerb>\n \t\t\t<KurzfristigeVerb>\n \t\t\t\t<Finanzverbindlichkeiten summe="6664.7"/>\n \t\t\t\t<Steuern summe="96119.1"/>\n \t\t\t\t<Lieferanten summe="86606.0"/>\n \t\t\t\t<Rueckstellungen summe="168237.5"/>\n \t\t\t\t<Uebrige summe="96495.2"/>\n \t\t\t</KurzfristigeVerb>\n \t\t</Passiva>\n \t</Bilanz>\n </Bilanzen>\n	abschluesse.xml
5009	<Bilanzen xmlns:xsi="http://www.w3.org/2001/XMLSchema-instance" xsi:noNamespaceSchemaLocation="http://etutor.dke.uni-linz.ac.at/etutor/images/assignments/evn_bilanz.xsd">\n\t<Bilanz jahr="2002">\n\t\t<Aktiva>\n\t\t\t<LangfristigesVermoegen>\n\t\t\t\t<Sachanlagen summe="1486575.8"/>\n\t\t\t\t<ImmateriellesVermoegen summe="67767.2"/>\n\t\t\t\t<AssoziierteUnternehmen summe="190826.3"/>\n\t\t\t\t<AndereBeteiligungen summe="507692.7"/>\n\t\t\t\t<Uebrige summe="92916.4"/>\n\t\t\t</LangfristigesVermoegen>\n\t\t\t<KurzfristigesVermoegen>\n\t\t\t\t<Vorraete summe="78830.9"/>\n\t\t\t\t<Forderungen summe="198210.3"/>\n\t\t\t\t<Finanzmittel summe="181102.0"/>\n\t\t\t</KurzfristigesVermoegen>\n\t\t</Aktiva>\n\t\t<Passiva>\n\t\t\t<Eigenkapital>\n\t\t\t\t<Grundkapital summe="91072.4"/>\n\t\t\t\t<Kapitalruecklagen summe="186789.5"/>\n\t\t\t\t<Gewinnruecklagen summe="798176.2"/>\n\t\t\t\t<Bewertungsruecklagen summe="-34922.4"/>\n\t\t\t\t<Waehrungsumrechnung summe="0"/>\n\t\t\t\t<EigeneAktien summe="0"/>\n\t\t\t</Eigenkapital>\n\t\t\t<AnteileGesellschafter summe="23613.1"/>\n\t\t\t<LangfristigeVerb>\n\t\t\t\t<Finanzverbindlichkeiten summe="680007.1"/>\n\t\t\t\t<Steuern summe="36555.8"/>\n\t\t\t\t<Rueckstellungen summe="429286.1"/>\n\t\t\t\t<Baukostenzuschuesse summe="169246.0"/>\n\t\t\t\t<Uebrige summe="36166.9"/>\n\t\t\t</LangfristigeVerb>\n\t\t\t<KurzfristigeVerb>\n\t\t\t\t<Finanzverbindlichkeiten summe="14614.6"/>\n\t\t\t\t<Steuern summe="65247.6"/>\n\t\t\t\t<Lieferanten summe="94939.2"/>\n\t\t\t\t<Rueckstellungen summe="123664.8"/>\n\t\t\t\t<Uebrige summe="89464.8"/>\n\t\t\t</KurzfristigeVerb>\n\t\t</Passiva>\n\t</Bilanz>\n\t<Bilanz jahr="2003">\n\t\t<Aktiva>\n\t\t\t<LangfristigesVermoegen>\n\t\t\t\t<Sachanlagen summe="1590313.7"/>\n\t\t\t\t<ImmateriellesVermoegen summe="69693.2"/>\n\t\t\t\t<AssoziierteUnternehmen summe="198224.7"/>\n\t\t\t\t<AndereBeteiligungen summe="418489.3"/>\n\t\t\t\t<Uebrige summe="104566.7"/>\n\t\t\t</LangfristigesVermoegen>\n\t\t\t<KurzfristigesVermoegen>\n\t\t\t\t<Vorraete summe="20609.8"/>\n\t\t\t\t<Forderungen summe="289458.5"/>\n\t\t\t\t<Finanzmittel summe="302445.9"/>\n\t\t\t</KurzfristigesVermoegen>\n\t\t</Aktiva>\n\t\t<Passiva>\n\t\t\t<Eigenkapital>\n\t\t\t\t<Grundkapital summe="91072.4"/>\n\t\t\t\t<Kapitalruecklagen summe="186789.5"/>\n\t\t\t\t<Gewinnruecklagen summe="875723.4"/>\n\t\t\t\t<Bewertungsruecklagen summe="-15459.5"/>\n\t\t\t\t<Waehrungsumrechnung summe="-633.7"/>\n\t\t\t\t<EigeneAktien summe="0"/>\n\t\t\t</Eigenkapital>\n\t\t\t<AnteileGesellschafter summe="22669.8"/>\n\t\t\t<LangfristigeVerb>\n\t\t\t\t<Finanzverbindlichkeiten summe="733990.2"/>\n\t\t\t\t<Steuern summe="68156.8"/>\n\t\t\t\t<Rueckstellungen summe="395997.2"/>\n\t\t\t\t<Baukostenzuschuesse summe="177338.5"/>\n\t\t\t\t<Uebrige summe="38064.9"/>\n\t\t\t</LangfristigeVerb>\n\t\t\t<KurzfristigeVerb>\n\t\t\t\t<Finanzverbindlichkeiten summe="6634.7"/>\n\t\t\t\t<Steuern summe="97119.1"/>\n\t\t\t\t<Lieferanten summe="89606.0"/>\n\t\t\t\t<Rueckstellungen summe="128237.5"/>\n\t\t\t\t<Uebrige summe="98495.2"/>\n\t\t\t</KurzfristigeVerb>\n\t\t</Passiva>\n\t</Bilanz>\n</Bilanzen>\n	<Bilanz jahr="2002">
5010	<Bilanzen xmlns:xsi="http://www.w3.org/2001/XMLSchema-instance" xsi:noNamespaceSchemaLocation="http://etutor.dke.uni-linz.ac.at/etutor/images/assignments/evn_bilanz_shadow.xsd">\n\t<Bilanz jahr="2002">\n\t\t<Aktiva>\n\t\t\t<LangfristigesVermoegen>\n\t\t\t\t<Sachanlagen summe="1286575.8"/>\n\t\t\t\t<ImmateriellesVermoegen summe="37767.2"/>\n\t\t\t\t<Patente summe="27767.2"/>\n\t\t\t\t<AssoziierteUnternehmen summe="390826.3"/>\n\t\t\t\t<AndereBeteiligungen summe="707692.7"/>\n\t\t\t\t<Uebrige summe="32916.4"/>\n\t\t\t</LangfristigesVermoegen>\n\t\t\t<KurzfristigesVermoegen>\n\t\t\t\t<Vorraete summe="98830.9"/>\n\t\t\t\t<Forderungen summe="398210.3"/>\n\t\t\t\t<Finanzmittel summe="141102.0"/>\n\t\t\t</KurzfristigesVermoegen>\n\t\t</Aktiva>\n\t\t<Passiva>\n\t\t\t<Eigenkapital>\n\t\t\t\t<Grundkapital summe="61072.4"/>\n\t\t\t\t<Kapitalruecklagen summe="146789.5"/>\n\t\t\t\t<Gewinnruecklagen summe="758176.2"/>\n\t\t\t\t<Bewertungsruecklagen summe="-32922.4"/>\n\t\t\t\t<Waehrungsumrechnung summe="10000.0"/>\n\t\t\t\t<EigeneAktien summe="0"/>\n\t\t\t</Eigenkapital>\n\t\t\t<AnteileGesellschafter summe="22613.1"/>\n\t\t\t<LangfristigeVerb>\n\t\t\t\t<Finanzverbindlichkeiten summe="660007.1"/>\n\t\t\t\t<Wechselbetrugsrueckstellungen summe="666.66"/>\n\t\t\t\t<Steuern summe="36655.8"/>\n\t\t\t\t<Rueckstellungen summe="422286.1"/>\n\t\t\t\t<Baukostenzuschuesse summe="162246.0"/>\n\t\t\t\t<Uebrige summe="32166.9"/>\n\t\t\t</LangfristigeVerb>\n\t\t\t<KurzfristigeVerb>\n\t\t\t\t<Finanzverbindlichkeiten summe="14414.6"/>\n\t\t\t\t<Steuern summe="65547.6"/>\n\t\t\t\t<Lieferanten summe="92939.2"/>\n\t\t\t\t<Rueckstellungen summe="113664.8"/>\n\t\t\t\t<Uebrige summe="82464.8"/>\n\t\t\t</KurzfristigeVerb>\n\t\t</Passiva>\n\t</Bilanz>\n\t<Bilanz jahr="2003">\n\t\t<Aktiva>\n\t\t\t<LangfristigesVermoegen>\n\t\t\t\t<Sachanlagen summe="1790313.7"/>\n\t\t\t\t<ImmateriellesVermoegen summe="66693.2"/>\n\t\t\t\t<Patente summe="27767.2"/>\n\t\t\t\t<AssoziierteUnternehmen summe="168224.7"/>\n\t\t\t\t<AndereBeteiligungen summe="468489.3"/>\n\t\t\t\t<Uebrige summe="164566.7"/>\n\t\t\t</LangfristigesVermoegen>\n\t\t\t<KurzfristigesVermoegen>\n\t\t\t\t<Vorraete summe="26609.8"/>\n\t\t\t\t<Forderungen summe="269458.5"/>\n\t\t\t\t<Finanzmittel summe="362445.9"/>\n\t\t\t</KurzfristigesVermoegen>\n\t\t</Aktiva>\n\t\t<Passiva>\n\t\t\t<Eigenkapital>\n\t\t\t\t<Grundkapital summe="96072.4"/>\n\t\t\t\t<Kapitalruecklagen summe="166789.5"/>\n\t\t\t\t<Gewinnruecklagen summe="865723.4"/>\n\t\t\t\t<Bewertungsruecklagen summe="-16459.5"/>\n\t\t\t\t<Waehrungsumrechnung summe="-663.7"/>\n\t\t\t\t<EigeneAktien summe="0"/>\n\t\t\t</Eigenkapital>\n\t\t\t<AnteileGesellschafter summe="26669.8"/>\n\t\t\t<LangfristigeVerb>\n\t\t\t\t<Finanzverbindlichkeiten summe="763990.2"/>\n\t\t\t\t<Wechselbetrugsrueckstellungen summe="666.66"/>\n\t\t\t\t<Steuern summe="66156.8"/>\n\t\t\t\t<Rueckstellungen summe="365997.2"/>\n\t\t\t\t<Baukostenzuschuesse summe="167338.5"/>\n\t\t\t\t<Uebrige summe="36064.9"/>\n\t\t\t</LangfristigeVerb>\n\t\t\t<KurzfristigeVerb>\n\t\t\t\t<Finanzverbindlichkeiten summe="6664.7"/>\n\t\t\t\t<Steuern summe="96119.1"/>\n\t\t\t\t<Lieferanten summe="86606.0"/>\n\t\t\t\t<Rueckstellungen summe="168237.5"/>\n\t\t\t\t<Uebrige summe="96495.2"/>\n\t\t\t</KurzfristigeVerb>\n\t\t</Passiva>\n\t</Bilanz>\n</Bilanzen>\n	\N
\.


--
-- Name: error_categories cat_id; Type: CONSTRAINT; Schema: public; Owner: postgres
--

ALTER TABLE ONLY public.error_categories
    ADD CONSTRAINT cat_id PRIMARY KEY (id);


--
-- Name: exercise exercise_pkey; Type: CONSTRAINT; Schema: public; Owner: postgres
--

ALTER TABLE ONLY public.exercise
    ADD CONSTRAINT exercise_pkey PRIMARY KEY (id);


--
-- Name: error_gradings grad_unique; Type: CONSTRAINT; Schema: public; Owner: postgres
--

ALTER TABLE ONLY public.error_gradings
    ADD CONSTRAINT grad_unique UNIQUE (grading_group, grading_category);


--
-- Name: xmldocs xmldocs_pkey; Type: CONSTRAINT; Schema: public; Owner: postgres
--

ALTER TABLE ONLY public.xmldocs
    ADD CONSTRAINT xmldocs_pkey PRIMARY KEY (id);


--
-- PostgreSQL database dump complete
--

