--
-- PostgreSQL database cluster dump
--

SET default_transaction_read_only = off;

SET client_encoding = 'UTF8';
SET standard_conforming_strings = on;

--
-- Roles
--

CREATE ROLE etutor;
ALTER ROLE etutor WITH SUPERUSER INHERIT CREATEROLE CREATEDB LOGIN REPLICATION NOBYPASSRLS PASSWORD 'SCRAM-SHA-256$4096:gjjvvllncxx9CeL8Gu9kzg==$5Ai9fKfIPk3EyuLf8pNwa9YJBrbx6mj3ATAEYjbcMX0=:xrEALT7vE5Kx53ftOJP+jA+kUfO3r52qc/xTTiHui7o=';
CREATE ROLE sql;
ALTER ROLE sql WITH NOSUPERUSER NOINHERIT NOCREATEROLE NOCREATEDB LOGIN NOREPLICATION NOBYPASSRLS PASSWORD 'SCRAM-SHA-256$4096:Ao5Xgmea57FvlWRtmNfwkA==$1X2KzQa0qm1pSqoSB4iDJja/7uJCd4qbZlMD9zroNY0=:AqhsFYF8K8mBYzVbtFjXV6BuTL7cYnkoYA/1ERtTeeQ=';






--
-- Databases
--

--
-- Database "template1" dump
--

\connect template1

--
-- PostgreSQL database dump
--

-- Dumped from database version 13.2
-- Dumped by pg_dump version 13.2

SET statement_timeout = 0;
SET lock_timeout = 0;
SET idle_in_transaction_session_timeout = 0;
SET client_encoding = 'UTF8';
SET standard_conforming_strings = on;
SELECT pg_catalog.set_config('search_path', '', false);
SET check_function_bodies = false;
SET xmloption = content;
SET client_min_messages = warning;
SET row_security = off;

--
-- PostgreSQL database dump complete
--

--
-- Database "etutor" dump
--

--
-- PostgreSQL database dump
--

-- Dumped from database version 13.2
-- Dumped by pg_dump version 13.2

SET statement_timeout = 0;
SET lock_timeout = 0;
SET idle_in_transaction_session_timeout = 0;
SET client_encoding = 'UTF8';
SET standard_conforming_strings = on;
SELECT pg_catalog.set_config('search_path', '', false);
SET check_function_bodies = false;
SET xmloption = content;
SET client_min_messages = warning;
SET row_security = off;

--
-- Name: etutor; Type: DATABASE; Schema: -; Owner: etutor
--

CREATE DATABASE etutor WITH TEMPLATE = template0 ENCODING = 'UTF8';


ALTER DATABASE etutor OWNER TO etutor;

\connect etutor

SET statement_timeout = 0;
SET lock_timeout = 0;
SET idle_in_transaction_session_timeout = 0;
SET client_encoding = 'UTF8';
SET standard_conforming_strings = on;
SELECT pg_catalog.set_config('search_path', '', false);
SET check_function_bodies = false;
SET xmloption = content;
SET client_min_messages = warning;
SET row_security = off;

SET default_tablespace = '';


--
-- Name: grading; Type: TABLE; Schema: public; Owner: etutor
--

CREATE TABLE public.grading (
    submission_id character varying(255) NOT NULL,
    max_points double precision NOT NULL,
    points double precision NOT NULL,
    report_submission_id character varying(255)
);


ALTER TABLE public.grading OWNER TO etutor;

--
-- Name: report; Type: TABLE; Schema: public; Owner: etutor
--

CREATE TABLE public.report (
    submission_id character varying(255) NOT NULL,
    description character varying(2048),
    error character varying(255),
    hint character varying(255)
);


ALTER TABLE public.report OWNER TO etutor;


--
-- Name: submission; Type: TABLE; Schema: public; Owner: etutor
--

CREATE TABLE public.submission (
    submission_id character varying(255) NOT NULL,
    exercise_id integer NOT NULL,
    max_points integer NOT NULL,
    task_type character varying(255)
);


ALTER TABLE public.submission OWNER TO etutor;

--
-- Name: submission_attribute_mapping; Type: TABLE; Schema: public; Owner: etutor
--

CREATE TABLE public.submission_attribute_mapping (
    submission character varying(255) NOT NULL,
    attribute_value character varying(2048),
    attribute_key character varying(255) NOT NULL
);


ALTER TABLE public.submission_attribute_mapping OWNER TO etutor;

--
-- Name: submission_parameter_mapping; Type: TABLE; Schema: public; Owner: etutor
--

CREATE TABLE public.submission_parameter_mapping (
    submission character varying(255) NOT NULL,
    parameter_value character varying(255),
    parameter_key character varying(255) NOT NULL
);


ALTER TABLE public.submission_parameter_mapping OWNER TO etutor;

--
-- Data for Name: grading; Type: TABLE DATA; Schema: public; Owner: etutor
--

COPY public.grading (submission_id, max_points, points, report_submission_id) FROM stdin;
\.


--
-- Data for Name: report; Type: TABLE DATA; Schema: public; Owner: etutor
--

COPY public.report (submission_id, description, error, hint) FROM stdin;
\.



--
-- Data for Name: submission; Type: TABLE DATA; Schema: public; Owner: etutor
--

COPY public.submission (submission_id, exercise_id, max_points, task_type) FROM stdin;
\.


--
-- Data for Name: submission_attribute_mapping; Type: TABLE DATA; Schema: public; Owner: etutor
--

COPY public.submission_attribute_mapping (submission, attribute_value, attribute_key) FROM stdin;
\.


--
-- Data for Name: submission_parameter_mapping; Type: TABLE DATA; Schema: public; Owner: etutor
--

COPY public.submission_parameter_mapping (submission, parameter_value, parameter_key) FROM stdin;
\.


--
-- Name: grading grading_pkey; Type: CONSTRAINT; Schema: public; Owner: etutor
--

ALTER TABLE ONLY public.grading
    ADD CONSTRAINT grading_pkey PRIMARY KEY (submission_id);


--
-- Name: report report_pkey; Type: CONSTRAINT; Schema: public; Owner: etutor
--

ALTER TABLE ONLY public.report
    ADD CONSTRAINT report_pkey PRIMARY KEY (submission_id);



--
-- Name: submission_attribute_mapping submission_attribute_mapping_pkey; Type: CONSTRAINT; Schema: public; Owner: etutor
--

ALTER TABLE ONLY public.submission_attribute_mapping
    ADD CONSTRAINT submission_attribute_mapping_pkey PRIMARY KEY (submission, attribute_key);


--
-- Name: submission_parameter_mapping submission_parameter_mapping_pkey; Type: CONSTRAINT; Schema: public; Owner: etutor
--

ALTER TABLE ONLY public.submission_parameter_mapping
    ADD CONSTRAINT submission_parameter_mapping_pkey PRIMARY KEY (submission, parameter_key);


--
-- Name: submission submission_pkey; Type: CONSTRAINT; Schema: public; Owner: etutor
--

ALTER TABLE ONLY public.submission
    ADD CONSTRAINT submission_pkey PRIMARY KEY (submission_id);


--
-- Name: submission_parameter_mapping fk2xtdfrgauc4p2wy8kp068ur42; Type: FK CONSTRAINT; Schema: public; Owner: etutor
--

ALTER TABLE ONLY public.submission_parameter_mapping
    ADD CONSTRAINT fk2xtdfrgauc4p2wy8kp068ur42 FOREIGN KEY (submission) REFERENCES public.submission(submission_id);


--
-- Name: submission_attribute_mapping fk385ourb3fpmjx7t1ap7o34tgy; Type: FK CONSTRAINT; Schema: public; Owner: etutor
--

ALTER TABLE ONLY public.submission_attribute_mapping
    ADD CONSTRAINT fk385ourb3fpmjx7t1ap7o34tgy FOREIGN KEY (submission) REFERENCES public.submission(submission_id);


--
-- Name: grading fkhguc7veqa3iewl4c4f9mykn10; Type: FK CONSTRAINT; Schema: public; Owner: etutor
--

ALTER TABLE ONLY public.grading
    ADD CONSTRAINT fkhguc7veqa3iewl4c4f9mykn10 FOREIGN KEY (report_submission_id) REFERENCES public.report(submission_id);


--
-- PostgreSQL database dump complete
--

--
-- Database "postgres" dump
--

\connect postgres

--
-- PostgreSQL database dump
--

-- Dumped from database version 13.2
-- Dumped by pg_dump version 13.2

SET statement_timeout = 0;
SET lock_timeout = 0;
SET idle_in_transaction_session_timeout = 0;
SET client_encoding = 'UTF8';
SET standard_conforming_strings = on;
SELECT pg_catalog.set_config('search_path', '', false);
SET check_function_bodies = false;
SET xmloption = content;
SET client_min_messages = warning;
SET row_security = off;

--
-- Name: adminpack; Type: EXTENSION; Schema: -; Owner: -
--

CREATE EXTENSION IF NOT EXISTS adminpack WITH SCHEMA pg_catalog;


--
-- Name: EXTENSION adminpack; Type: COMMENT; Schema: -; Owner: 
--

COMMENT ON EXTENSION adminpack IS 'administrative functions for PostgreSQL';

--
-- ProcessMining database dump
--

-- Dumped from database version ???
-- Dumped by pg_dump version ???

SET statement_timeout = 0;
SET lock_timeout = 0;
SET idle_in_transaction_session_timeout = 0;
SET client_encoding = 'UTF8';
SET standard_conforming_strings = on;
SELECT pg_catalog.set_config('search_path', '', false);
SET check_function_bodies = false;
SET xmloption = content;
SET client_min_messages = warning;
SET row_security = off;

SET default_tablespace = '';

SET default_table_access_method = heap;


CREATE DATABASE pm WITH TEMPLATE = template0 ENCODING = 'UTF8';
ALTER DATABASE pm OWNER TO etutor;

\connect pm

--
-- Name: exerciseconfiguration; Type: TABLE; Schema: public; Owner: etutor
--

CREATE TABLE public.exerciseconfiguration (
    config_id integer NOT NULL,
    max_activity integer NOT NULL,
    min_activity integer NOT NULL,
    max_logsize integer NOT NULL,
    min_logsize integer NOT NULL,
    configuration_number character varying(200) NOT NULL,
    CONSTRAINT "exerciseConfiguration_pkey" PRIMARY KEY (config_id)
);

ALTER TABLE public.exerciseconfiguration OWNER TO etutor;

--
-- Name: logs; Type: TABLE; Schema: public; Owner: etutor
--

CREATE TABLE  public.logs (
    log_id integer NOT NULL,
    exercise_id integer NOT NULL,
    trace character varying(2000)[]  NOT NULL,
    CONSTRAINT logs_pkey PRIMARY KEY (log_id)
);

ALTER TABLE public.logs OWNER TO etutor;

--
-- Name: randomexercises; Type: TABLE; Schema: public; Owner: etutor
--

CREATE TABLE public.randomexercises (
    exercise_id integer NOT NULL,
    or_one character varying(5500) NOT NULL,
    or_two character varying(5500)  NOT NULL,
    or_three character varying(5500) NOT NULL,
    or_four character varying(10000)  NOT NULL,
    aa_one character varying(2000)  NOT NULL,
    aa_two character varying(2000)  NOT NULL,
    aa_three character varying(2000)  NOT NULL,
    aa_four character varying(10000)  NOT NULL,
    aa_five character varying(10000)  NOT NULL,
    aa_six character varying(10000)  NOT NULL,
    aa_seven character varying(10000)  NOT NULL,
    config_id integer NOT NULL,
    is_available boolean NOT NULL,
    CONSTRAINT randomexercises_pkey PRIMARY KEY (exercise_id),
    CONSTRAINT randomexercise_configfk FOREIGN KEY (config_id)
    REFERENCES public.exerciseconfiguration (config_id) MATCH SIMPLE
    ON UPDATE NO ACTION
    ON DELETE NO ACTION
);

ALTER TABLE public.randomexercises OWNER TO postgres;
--
-- PostgreSQL database dump complete
--

--
-- Database "sql" dump
--

--
-- PostgreSQL database dump
--

-- Dumped from database version 13.2
-- Dumped by pg_dump version 13.2

SET statement_timeout = 0;
SET lock_timeout = 0;
SET idle_in_transaction_session_timeout = 0;
SET client_encoding = 'UTF8';
SET standard_conforming_strings = on;
SELECT pg_catalog.set_config('search_path', '', false);
SET check_function_bodies = false;
SET xmloption = content;
SET client_min_messages = warning;
SET row_security = off;

--
-- Name: sql; Type: DATABASE; Schema: -; Owner: etutor
--

CREATE DATABASE sql WITH TEMPLATE = template0 ENCODING = 'UTF8';


ALTER DATABASE sql OWNER TO etutor;

\connect sql

SET statement_timeout = 0;
SET lock_timeout = 0;
SET idle_in_transaction_session_timeout = 0;
SET client_encoding = 'UTF8';
SET standard_conforming_strings = on;
SELECT pg_catalog.set_config('search_path', '', false);
SET check_function_bodies = false;
SET xmloption = content;
SET client_min_messages = warning;
SET row_security = off;

SET default_tablespace = '';


--
-- Name: connections; Type: TABLE; Schema: public; Owner: etutor
--

CREATE TABLE public.connections (
    id integer NOT NULL,
    conn_string character varying(100) NOT NULL,
    conn_user character varying(100) NOT NULL,
    conn_pwd character varying(100) NOT NULL
);


ALTER TABLE public.connections OWNER TO etutor;

--
-- Name: connectionmapping; Type: TABLE; Schema: public; Owner: etutor
--

CREATE TABLE public.connectionmapping (
    database character varying(100),
    schema character varying(100),
    connection integer NOT NULL
);

ALTER TABLE public.connectionmapping OWNER TO etutor;


--
-- Name: exercises; Type: TABLE; Schema: public; Owner: etutor
--

CREATE TABLE public.exercises (
    id integer NOT NULL,
    submission_db integer NOT NULL,
    practise_db integer NOT NULL,
    solution character varying(2048) NOT NULL
);


ALTER TABLE public.exercises OWNER TO etutor;

--
-- Data for Name: connections; Type: TABLE DATA; Schema: public; Owner: postgres
--

COPY public.connections (id, conn_string, conn_user, conn_pwd) FROM stdin;
1	jdbc:postgresql://localhost:5433/sql_trial_begin	sql	sql
3	jdbc:postgresql://localhost:5433/sql_trial_begin	sql	sql
5	jdbc:postgresql://localhost:5433/sql_trial_begin	sql	sql
9	jdbc:postgresql://localhost:5433/sql_trial_begin	sql	sql
10	jdbc:postgresql://localhost:5433/sql_trial_begin	sql	sql
15	jdbc:postgresql://localhost:5433/sql_stock_exchange	sql	sql
16	jdbc:postgresql://localhost:5433/sql_trial_begin	sql	sql
2	jdbc:postgresql://localhost:5433/sql_submission_begin	sql	sql
4	jdbc:postgresql://localhost:5433/sql_submission_begin	sql	sql
6	jdbc:postgresql://localhost:5433/sql_submission_begin	sql	sql
7	jdbc:postgresql://localhost:5433/sql_trial_wohnungen	sql	sql
8	jdbc:postgresql://localhost:5433/sql_submission_wohnungen	sql	sql
11	jdbc:postgresql://localhost:5433/sql_trial_pruefungen	sql	sql
12	jdbc:postgresql://localhost:5433/sql_submission_pruefungen	sql	sql
13	jdbc:postgresql://localhost:5433/sql_trial_auftraege	sql	sql
14	jdbc:postgresql://localhost:5433/sql_submission_auftraege	sql	sql
\.


--
-- Data for Name: exercises; Type: TABLE DATA; Schema: public; Owner: postgres
--

COPY public.exercises (id, submission_db, practise_db, solution) FROM stdin;
10015	1	1	SELECT u.prodno, s.Y,  SUM(u.qty) PQTY, SUM(s.qty) SQTY, SUM(s.qty)-SUM(u.qty) DQTY FROM  (SELECT t1.y, s1.prodno, SUM(s1.qty) qty FROM sales s1, TIME t1 WHERE s1.dayno=t1.dayno GROUP BY t1.y, s1.prodno) s, (SELECT t2.y, u1.prodno, SUM(u1.qty) qty FROM purchase u1, TIME t2 WHERE u1.dayno=t2.dayno GROUP BY t2.y, u1.prodno) u WHERE s.prodno=u.prodno AND u.y=s.y GROUP BY (u.prodno, s.y) ORDER BY u.prodno
10043	1	1	select distinct longitude, latitude from node;
10042	1	1	select * from segment where code = 'H10';
10044	1	1	select max(toKM - fromKM) MaxLen from segment;
10045	1	1	select code, max(toKM - fromKM) MaxLen from segment group by code;
10046	1	1	SELECT code, MAX(toKM - fromKM) MaxLen\r\nFROM segment\r\nGROUP BY code\r\nHAVING MAX(toKM - fromKM) > 50;
10047	1	1	SELECT name, longitude, latitude\r\nFROM highway, node\r\nWHERE startNodeID = nodeID;
10048	1	1	SELECT DISTINCT c.name, n1.longitude, n1.latitude\r\nFROM node n1, node n2, city c, exit e\r\nWHERE n1.type != n2.type AND\r\n      n1.longitude = n2.longitude AND\r\n      n1.latitude = n2.latitude AND\r\n      n1.nodeID = e.nodeID AND\r\n      e.ZIP = c.ZIP;
10051	1	1	select s1.code, s1.segID, s1.toKM - s1.fromKM Length from segment s1 where s1.toKM - s1.fromKM = (select max (s2.toKM - s2.fromKM) from segment s2 where s1.code = s2.code)
10052	1	1	(SELECT n1.nodeID, n1.longitude, n1.latitude FROM node n1, exit e, highwayExit he WHERE he.code = 'H10' AND       he.nodeID = e.nodeID AND       e.nodeID = n1.nodeID) UNION (SELECT n2.nodeID, n2.longitude, n2.latitude FROM node n2, intersection i, HighwayIntersection hi WHERE hi.code = 'H10' AND       hi.nodeID = i.nodeID AND       i.nodeID = n2.nodeID);\r\n
10050	1	1	SELECT s1.code, s1.segID, (s1.toKM - s1.fromKM) AS LENGTH\r\nFROM segment s1\r\nWHERE (s1.toKM - s1.fromKM) >\r\n      (SELECT (s2.toKM - s2.fromKM)\r\n       FROM segment s2\r\n       WHERE s2.segID = 'S01' AND s2.code = 'H10')
13169	4	3	select k.kontonr, k.inhname, max(betrag), min(betrag)\r\nfrom konto k, buchung b\r\nwhere k.kontonr = b.vonkonto\r\ngroup by k.kontonr, k.inhname;
13089	1	2	\t\r\nDROP TABLE ETUTOR_JESS.JessExercise;\r\n\r\nCREATE ETUTOR_JESS.TABLE JessExercise (\r\n\tid\tNUMBER,\r\n\tprivate_facts VARCHAR(4000),\r\n\tpublic_facts VARCHAR(4000),\r\n\treference_solution VARCHAR(4000),\r\n\ttransitivity NUMBER,\r\n\trecursion NUMBER,\r\n\tnegation NUMBER,\r\n\tsearchtree NUMBER,\r\n\texampletype NUMBER,\r\n\tmaximumpoints NUMBER,\r\n\tPRIMARY KEY(id)\r\n\t);\r\n
13170	4	3	select buchngnr, betrag\r\nfrom buchung\r\nwhere betrag >\r\n  (select avg(betrag) * 1.5 from Buchung);
13172	4	3	select betrag from buchung\r\nwhere vonkonto in\r\n  (select k.kontonr\r\n   from konto k, inhaber i\r\n   where k.inhname=i.name \r\n   and k.gebdat=i.gebdat\r\n   and adresse like '%z');
13173	4	3	select inhname, saldo\r\nfrom konto\r\nwhere saldo-80000 >\r\n  (select max(betrag)\r\n   from buchung\r\n   where datum between '01-OCT-95' and '31-OCT-95')\r\norder by inhname, saldo desc;
13174	4	3	select kontonr, saldo\r\nfrom konto k1\r\nwhere saldo <\r\n  (select sum(betrag)\r\n   from buchung b1\r\n   where k1.kontonr=b1.aufkonto);
13176	6	5	select count(*) entlehnungen\r\nfrom entlehng e\r\nwhere (e.bis = '01-JAN-2999');
13597	12	11	Select s.name, s.matrnr, s.kennr\r\nfrom student s, zeugnis z, professor p\r\nwhere p.pname = 'Huber'\r\nand s.matrnr = z.matrnr\r\nand z.profnr = p.profnr\r\nand z.note <>5\r\norder by s.name, s.matrnr;
13599	12	11	select s.name, s.matrnr, s.kennr\r\nfrom student s\r\nwhere not exists\r\n(select * \r\n from \r\n zeugnis z\r\n where z.matrnr = s.matrnr\r\n and z.note < 5)\r\norder by s.kennr, s.name, s.matrnr;
13600	12	11	Select kennr, min(note), avg(note)\r\nfrom student, zeugnis\r\nwhere student.matrnr = zeugnis.matrnr\r\ngroup by kennr\r\nhaving (avg(note) <= (min(note) + 1))\r\norder by kennr;\r\n
13601	12	11	select pname, count(*), avg(note)\r\nfrom professor, zeugnis\r\nwhere professor.profnr = zeugnis.profnr\r\ngroup by pname\r\norder by count(*), pname;
13602	12	11	select p.pname, s.kennr\r\nfrom professor p, student s, zeugnis z\r\nwhere p.profnr = z.profnr\r\nand z.matrnr = s.matrnr\r\ngroup by p.pname, s.kennr \r\norder by p.pname, s.kennr;
13603	12	11	Select s.matrnr, s.name, s.kennr, l.bez, z.note\r\nfrom student s, zeugnis z, diplomprfg d, voraussetzungen v, lva l\r\nwhere s.matrnr = z.matrnr\r\nand z.lvanr = v.lvanr\r\nand v.pnr = d.pnr\r\nand l.lvanr = z.lvanr\r\nand z.note < 5\r\nand d.bezeichnung = 'Angewandte INF'\r\norder by s.matrnr, s.name, s.kennr;
13604	12	11	select s.matrnr, s.name, s.kennr\r\nfrom student s\r\nwhere not exists\r\n(Select * from diplomprfg d, voraussetzungen v\r\n where d.pnr = v.pnr\r\n and d.bezeichnung = 'Angewandte INF'\r\n and not exists (Select * from zeugnis z\r\n                 where z.matrnr = s.matrnr\r\n                 and z.lvanr = v.lvanr\r\n                 and z.note <> 5))\r\norder by s.matrnr, s.name, s.kennr;
13605	12	11	select s.matrnr, s.name, avg(z.note), count(*)\r\nfrom student s, zeugnis z\r\nwhere s.matrnr = z.matrnr\r\ngroup by s.matrnr, s.name\r\nhaving count(*) >= All \r\n(Select count(*) from zeugnis z2\r\n group by z2.matrnr);
13606	10	9	select distinct s.mano, s.name, t.tno\r\nfrom studenten s, reserviert r, terminal t\r\nwhere s.mano = r.mano\r\nand r.tno = t.tno\r\nand not (t.rechner = s.rechner)\r\norder by s.mano;
13607	10	9	select s1.mano, s1.name, r1.tno, r1.tag, r1.stunde, r2.mano as mano2\r\nfrom studenten s1, reserviert r1, reserviert r2\r\nwhere s1.mano = r1.mano \r\nand r1.tno = r2.tno\r\nand ((r1.tag=r2.tag and r1.stunde+1=r2.stunde) \r\n OR (r1.tag+1=r2.tag and r1.stunde=23 and r2.stunde=0))\r\norder by s1.mano, r1.tno, r1.tag, r1.stunde;\r\n
13608	10	9	select s.mano\r\nfrom studenten s\r\nwhere not exists\r\n(select * from reserviert r\r\nwhere s.mano = r.mano)\r\norder by s.mano;
13609	10	9	select t.rechner, r.tag, r.stunde, count(r.tno) terminals\r\nfrom terminal t, reserviert r\r\nwhere t.tno = r.tno\r\ngroup by t.rechner, r.tag, r.stunde\r\norder by r.tag, r.stunde;
13610	10	9	Select distinct s.mano, s.name\r\nfrom studenten s, reserviert r\r\nwhere s.mano = r.mano\r\nand r.stunde <=11\r\norder by s.mano;
13611	10	9	select distinct s.mano, s.name\r\nfrom studenten s, reserviert r\r\nwhere s.mano = r.mano\r\ngroup by s.mano, s.name\r\nhaving count(distinct r.tag) = 1\r\norder by s.mano;
13598	12	11	Select z1.lvanr, s1.matrnr as s1_matrnr, s1.name as s1_name, s2.matrnr as s2_matrnr, s2.name as s2_name\nfrom student s1, student s2, zeugnis z1, zeugnis z2\nwhere s1.matrnr = z1.matrnr\nand z1.note <> 5\nand s2.matrnr = z2.matrnr\nand z2.note <> 5\nand z1.lvanr = z2.lvanr\nand s1.matrnr > s2.matrnr\norder by z1.lvanr, s1.name, s2.name;
5	2	1	SELECT p.ean, p.bezeichnung, f.filnr, f.inhname, s.bestand\r\nFROM   produkt p, filiale f, sortiment s\r\nWHERE  p.ean=s.ean\r\nAND    f.filnr=s.filnr\r\nAND    s.bestand >= 50\r\nORDER BY p.ean DESC, f.filnr
6	2	1	SELECT DISTINCT b.bestell_nr\r\nFROM   Bestellung b, Bestellposition p\r\nWHERE  b.bestell_nr = p.bestell_nr\r\n       AND b.Datum = TO_DATE('13-10-03','DD-MM-YY')\r\n       AND p.Menge > 100;
7	2	1	SELECT bestell_nr, Datum\r\n    FROM Bestellung\r\n    WHERE bestell_nr NOT IN\r\n        (SELECT bestell_nr \r\n         FROM Lieferposition);
8	2	1	SELECT p.Bezeichnung\r\nFROM   Bestellposition bp, Bauprodukt p, Bestellung b\r\nWHERE  bp.prod_nr = p.prod_nr\r\n       AND bp.bestell_nr = b.bestell_nr\r\n       AND b.Datum = TO_DATE('13-10-03','DD-MM-YY')\r\nGROUP BY p.prod_nr, p.Bezeichnung\r\nHAVING COUNT(DISTINCT bp.bestell_nr) > 5;
9	2	1	SELECT ls.Datum, p.Bezeichnung, SUM(lp.Menge) Liefermenge\r\nFROM   Bauprodukt p, Bestellposition bp, Lieferposition lp, Lieferschein ls\r\nWHERE  p.prod_nr = bp.prod_nr\r\n       AND bp.bestell_nr = lp.bestell_nr\r\n       AND bp.pos_nr = lp.bestellpos_nr\r\n       AND lp.liefer_nr = ls.liefer_nr\r\nGROUP BY ls.Datum, p.prod_nr, p.Bezeichnung;
13	2	1	select sa.art, sa.bezeichnung, count (s.name) as ANZAHL, sum (s.laenge) as LAENGE\r\nfrom strassenart sa, strasse s\r\nwhere sa.art = s.strassenart\r\ngroup by sa.art, sa.bezeichnung\r\nhaving sum (s.laenge) >= ALL\r\n  (select sum (s2.laenge)\r\n   from strasse s2\r\n   group by s2.strassenart)
14	2	1	select *\r\nfrom ort o\r\nwhere o.plz in (\r\n  (select ortVon\r\n   from strasse s, strassenart sa\r\n   where s.strassenart = sa.art AND\r\n         sa.bezeichnung = 'Landesstrasse')\r\n  UNION\r\n  (select ortNach\r\n   from strasse s, strassenart sa\r\n   where s.strassenart = sa.art AND\r\n         sa.bezeichnung = 'Landesstrasse') )
15	2	1	select *\r\nfrom ort o\r\nwhere not exists\r\n  (select *\r\n   from strassenart sa\r\n   where not exists\r\n     (select *\r\n      from liegtAnStrasse las, strasse s\r\n      where las.strassenname = s.name AND\r\n            s.strassenart = sa.art AND\r\n            o.plz = las.ort))
17	2	1	SELECT s1.filnr, s1.ean as EAN_1, p1.bezeichnung as BEZ_1, s2.ean as EAN_2, p2.bezeichnung as BEZ_2,\r\n       (s1.vkpreis-s1.preisred) as preis\r\nFROM   sortiment s1, sortiment s2, produkt p1, produkt p2\r\nWHERE  s1.ean = p1.ean\r\nAND    s2.ean = p2.ean \r\nAND    s1.ean <> s2.ean\r\nAND    s1.filnr = s2.filnr\r\nAND    s1.vkpreis-s1.preisred = s2.vkpreis-s2.preisred
18	2	1	SELECT p.ean, p.bezeichnung\r\nFROM   produkt p\r\nWHERE  p.ean NOT IN (SELECT s.ean\r\n                     FROM   sortiment s, filiale f\r\n                     WHERE  s.filnr = f.filnr\r\n                     AND    f.plz BETWEEN 4010 AND 4049)
19	2	1	SELECT f.filnr, f.inhname\r\nFROM   filiale f\r\nWHERE  NOT EXISTS (SELECT *\r\n                   FROM   produkt p\r\n                   WHERE  p.kategorie NOT IN (SELECT p2.kategorie\r\n                                              FROM   sortiment s, produkt p2\r\n                                              WHERE  s.ean=p2.ean\r\n                                              AND    s.filnr=f.filnr))
20	2	1	SELECT COUNT(*) as AnzahlSortiment, COUNT(DISTINCT s.ean)As AnzahlEAN, SUM(s.bestand*p.ekpreis) as Bestandwert\r\nFROM   sortiment s, produkt p\r\nWHERE  s.ean=p.ean
21	2	1	SELECT f.filnr, f.plz, SUM(p.ekpreis * s.bestand) as Lagerwert\r\nFROM   filiale f, produkt p, sortiment s\r\nWHERE  f.filnr = s.filnr\r\nAND    p.ean = s.ean\r\nAND    p.kategorie = 'Ersatz'\r\nGROUP BY f.filnr, f.plz\r\nHAVING SUM(p.ekpreis * s.bestand) > 300000
22	2	1	SELECT rp.rechnungnr, rp.datum as Datum, p.kategorie, COUNT(*) as Anzahl, \r\n       SUM(rp.einzelpreis*rp.menge) AS rechnungsbetrag\r\nFROM   rechnungpos rp, produkt p\r\nWHERE  rp.ean=p.ean\r\nAND    NOT EXISTS (SELECT *\r\n                   FROM   rechnungpos rp2, produkt p2\r\n                   WHERE  rp2.ean=p2.ean\r\n                   AND    (rp2.rechnungnr=rp.rechnungnr AND rp2.datum=rp.datum)AND p2.kategorie<>p.kategorie)\r\nGROUP BY rp.rechnungnr, rp.datum, p.kategorie\r\n
24	2	1	SELECT audio.kundenr, audio.umsatz As Umsatz_Audio, sonst.umsatz as Umsatz_Sonstiges\r\nFROM\r\n(SELECT k.kundenr, k.name, SUM(rp.menge*rp.einzelpreis) umsatz\r\nFROM   kunde k, rechnung r, rechnungpos rp, produkt p\r\nWHERE  k.kundenr=r.kundenr\r\nAND    r.rechnungnr=rp.rechnungnr\r\nAND    r.datum=rp.datum\r\nAND    rp.ean=p.ean\r\nAND    p.kategorie='Audio'\r\nGROUP BY k.kundenr, k.name) audio,\r\n(SELECT k.kundenr, k.name, SUM(rp.menge*rp.einzelpreis) umsatz\r\nFROM   kunde k, rechnung r, rechnungpos rp, produkt p\r\nWHERE  k.kundenr=r.kundenr\r\nAND    r.rechnungnr=rp.rechnungnr\r\nAND    r.datum=rp.datum\r\nAND    rp.ean=p.ean\r\nAND    p.kategorie='Sonstiges'\r\nGROUP BY k.kundenr, k.name) sonst\r\nWHERE  audio.kundenr=sonst.kundenr\r\n
27	2	1	SELECT f.filnr, p.kategorie, SUM(rp.menge*rp.einzelpreis) Umsatz, d.avg_umsatz\r\nFROM   filiale f, produkt p, rechnung r, rechnungpos rp,\r\n       (SELECT p1.kategorie, \r\n               SUM(rp1.menge*rp1.einzelpreis)/COUNT(DISTINCT r1.filnr) \r\n               AS avg_umsatz\r\n        FROM   rechnung r1, rechnungpos rp1, produkt p1\r\n        WHERE  r1.rechnungnr = rp1.rechnungnr AND r1.datum = rp1.datum\r\n        AND    rp1.ean = p1.ean\r\n        GROUP BY p1.kategorie) d\r\nWHERE  f.filnr=r.filnr\r\nAND    rp.ean=p.ean\r\nAND    r.rechnungnr=rp.rechnungnr AND r.datum = rp.datum\r\nAND    p.kategorie=d.kategorie\r\nGROUP BY f.filnr, p.kategorie, d.avg_umsatz\r\n
122	2	1	SELECT * FROM hotel WHERE address LIKE '%London%';
123	2	1	SELECT name, address FROM guest WHERE UPPER(address) LIKE '%LONDON%';
25	2	1	SELECT MIN(rp.datum) as Tag\nFROM   rechnungpos rp\nWHERE  (SELECT SUM(rp2.menge*rp2.einzelpreis)\n        FROM   rechnungpos rp2\n        WHERE  rp2.datum<=rp.datum) > 0.5 *\n       (SELECT SUM(rp3.menge*rp3.einzelpreis)\n        FROM   rechnungpos rp3)
26	2	1	SELECT f.filnr, f.plz, SUM(p.ekpreis * s.bestand) as Lagerwert\nFROM   filiale f, produkt p, sortiment s\nWHERE  f.filnr = s.filnr\nAND    p.ean = s.ean\nAND    p.kategorie = 'Ersatz'\nGROUP BY f.filnr, f.plz\nHAVING SUM(p.ekpreis * s.bestand) > \n                (\n\t\t\t\tSELECT \n\t\t\t\t  \tAVG(sum)\n\t\t\t\tFROM\n\t\t\t\t  \t(\n\t\t\t\t\tSELECT\n\t\t\t\t\t\tSUM(p1.ekpreis * s1.bestand)\n                  \tFROM   \n\t\t\t\t  \t\tprodukt p1, sortiment s1\n                 \tWHERE  \n\t\t\t\t  \t\tp1.ean = s1.ean\n                  \t\tAND    p1.kategorie = 'Ersatz'\n                  \tGROUP BY s1.filnr\n\t\t\t\t \t) as subquery\n\t\t\t\t);\n\t\t\t\t\n
28	2	1	SELECT (Bestell.BMenge - Liefer.LMenge) As Menge\r\n\tFROM\r\n\t(SELECT SUM(bp.Menge) AS BMenge \r\n\tFROM Bauprodukt p, Bestellposition bp, Bestellung b \tWHERE p.prod_nr = bp.prod_nr\r\n\tAND bp.bestell_nr = b.bestell_nr\r\n\tAND p.Bezeichnung = 'Zementsack'\r\n\tAND b.Anschrift = 'Uniweg 1')  Bestell,\r\n\t(SELECT SUM(lp.Menge) AS LMenge\r\n\tFROM Bauprodukt p, Bestellposition bp, Lieferposition lp, Bestellung b\r\n\tWHERE p.prod_nr = bp.prod_nr\r\n\tAND bp.bestell_nr = lp.bestell_nr\r\n\tAND bp.pos_nr = lp.bestellpos_nr\r\n\tAND bp.bestell_nr = b.bestell_nr\r\n\tAND p.Bezeichnung = 'Zementsack'\r\nAND b.Anschrift = 'Uniweg 1') Liefer;
30	2	1	SELECT name FROM human WHERE (age < 18) AND NOT EXISTS (SELECT * FROM parent WHERE name = ChildName)
32	2	1	SELECT count (*) As Anzahl FROM human vater, human mutter, parent vrel, parent mrel WHERE (vater.age - mutter.age >= 4) AND vater.name = vrel.ParentName AND mutter.name = mrel.ParentName AND vrel.ChildName = mrel.ChildName AND mutter.gender = 'f' AND vater.gender = 'm'
35	2	1	select distinct w.wohnnr, w.gross, p.name\r\nfrom   wohnung w, person p, mietet m, person p1\r\nwhere  w.eigentuemer=p.persnr\r\nand    w.gross > 50\r\nand    m.wohnnr=w.wohnnr \r\nand    p1.persnr=m.mieternr\r\nand    p1.stand='verheiratet'\r\norder by w.wohnnr
37	2	1	select p.persnr, p.name, count(*) AnzahlWohnungen, sum(w.gross) Gesamtwohnflaeche\r\nfrom   person p, wohnung w\r\nwhere  p.persnr=w.eigentuemer\r\ngroup by p.persnr, p.name\r\norder by count(*) desc, p.persnr
38	2	1	select w.wohnnr, w.gross, count(*) AnzahlMietverh, avg(m.preis/w.gross) D_Miete, max(m.preis/w.gross) Hoechstmiete\r\nfrom   wohnung w, mietet m\r\nwhere  w.wohnnr=m.wohnnr\r\ngroup by w.wohnnr, w.gross\r\nhaving avg(m.preis/w.gross) > 15\r\norder by w.wohnnr
42	2	1	select w.eigentuemer, COUNT(*) Anzahl_Mietverh, COUNT(DISTINCT w.wohnnr) Anzahl_Wohnungen, MAX(m.preis/w.gross) Hoechstmiete\r\nfrom   wohnung w, mietet m\r\nwhere  w.wohnnr=m.wohnnr\r\ngroup by w.eigentuemer\r\norder by w.eigentuemer
43	2	1	select w.eigentuemer, m.preis\r\nfrom   wohnung w, mietet m\r\nwhere  w.wohnnr=m.wohnnr\r\nand    not exists \r\n          (select *\r\n           from   mietet m1, wohnung w1\r\n           where  m1.wohnnr=w1.wohnnr\r\n           and    w1.eigentuemer=w.eigentuemer\r\n           and    m1.preis > m.preis)\r\nand    not exists\r\n          (select *\r\n           from   mietet m1, wohnung w1\r\n           where  m1.wohnnr=w1.wohnnr\r\n           and    w1.eigentuemer=w.eigentuemer\r\n           and    m1.von > m.von)   
44	2	1	select o1.plz as plz1, o1.name ort1, o2.plz plz2, o2.name ort2,\r\n       l2.beiKM - l1.beiKM as entfernung,\r\n       s.name, s.bezeichnung\r\nfrom ort o1, ort o2, liegtAnStrasse l1, liegtAnStrasse l2, strasse s\r\nwhere o1.plz = l1.ort AND\r\n      o2.plz = l2.ort AND\r\n      s.name = l1.strassenname AND\r\n      l1.strassenname = l2.strassenname AND\r\n      l2.beiKM > l1.beiKM AND\r\n      NOT exists (\r\n        select *\r\n        from liegtAnStrasse ldazw\r\n        where ldazw.strassenname = l1.strassenname AND\r\n              ldazw.beiKM > l1.beiKM AND\r\n              ldazw.beiKM < l2.beiKM)
54	2	1	SELECT DISTINCT p.persnr, p.name\r\nFROM   person p, wohnung w\r\nWHERE  p.persnr=w.eigentuemer\r\nAND    NOT EXISTS (SELECT * \r\n                   FROM   wohnung w2\r\n                   WHERE  w2.eigentuemer=p.persnr\r\n                   AND NOT EXISTS (SELECT * \r\n                                   FROM   mietet m\r\n                                   WHERE  m.wohnnr=w2.wohnnr))\r\n
124	2	1	SELECT * FROM room WHERE type IN ('double','family') AND price < 40;
125	2	1	SELECT * FROM booking WHERE dateto IS NULL;
126	2	1	SELECT name, address FROM guest WHERE UPPER(address) LIKE '%LONDON%' ORDER BY name;
33	2	1	SELECT AVG(min) AS DURCHSCHNITTSALTER\nFROM\n\t(\n\t\tSELECT MIN(p.age - enkel.age)\n\t\tFROM human p, human enkel, parent ist_kind, parent ist_enkel\n\t\tWHERE (p.name = ist_kind.ParentName)\n\t\tAND (ist_kind.ChildName = ist_enkel.ParentName)\n\t\tAND (ist_enkel.ChildName = enkel.name)\n\t\tAND (p.gender = 'm') GROUP BY p.name\n\t) as subquery\n
57	2	1	SELECT p.persnr, p.name, COUNT(*) as MIETVERHAELTNISSE\r\nFROM   person p, wohnung w, mietet m\r\nWHERE  p.persnr=w.eigentuemer AND w.wohnnr=m.wohnnr\r\nGROUP BY p.persnr, p.name\r\nHAVING COUNT(*)=COUNT(DISTINCT m.mieternr)\r\n
58	2	1	SELECT m1.mieternr, p.name, m1.wohnnr Wohnung1nr, m1.von Wohnung1von, m1.bis Wohnung1bis, m2.wohnnr Wohnung2nr, m2.von Wohnung2von, m2.bis Wohnung2bis\r\nFROM   mietet m1, person p, mietet m2, wohnung w1, wohnung w2\r\nWHERE  m1.mieternr=p.persnr AND m1.mieternr=m2.mieternr \r\nAND    m1.wohnnr=w1.wohnnr AND m2.wohnnr=w2.wohnnr\r\nAND    w1.bezirk=w2.bezirk\r\nAND    m1.wohnnr < m2.wohnnr\r\nAND    ((m1.von BETWEEN m2.von AND m2.bis) OR (m2.von BETWEEN m1.von AND m1.bis))\r\n
60	2	1	SELECT a1.name, a1.nationality, r1.title, r1.releaseDate FROM artist a1, record r1, distribute d1 WHERE a1.name=r1.artistName AND r1.recordId=d1.recordId AND d1.media='MD' AND NOT EXISTS (SELECT * FROM record r2, distribute d2 WHERE r2.recordId=d2.recordId AND d2.media='MD' AND r2.releaseDate<r1.releaseDate)
61	2	1	SELECT r.recordid, r.artistName, r.title, r.releaseDate, r.type FROM record r, distribute d WHERE d.recordId=r.recordId GROUP BY r.recordId, r.artistName, r.title, r.releaseDate, r.type HAVING COUNT(*) = (SELECT COUNT(DISTINCT media) FROM distribute)
62	2	1	SELECT g.genreId, g.name\r\nFROM genre g\r\nWHERE NOT EXISTS (\r\nSELECT *\r\nFROM record r, distribute d\r\nWHERE r.genreId=g.genreId AND r.recordId=d.recordId AND d.media='DVD'\r\n);
81	2	1	SELECT DISTINCT(s.Land) AS Land FROM student s, kurs k, belegung b WHERE b.MatrikelNr=s.MatrikelNr AND b.KursNr=k.KursNr AND k.Name='Datenbanken'
51	2	1	SELECT DISTINCT p.persnr, p.name\nFROM   person p, wohnung w, mietet m\nWHERE  p.persnr=w.eigentuemer AND w.wohnnr=m.wohnnr\nAND    m.bis=TO_DATE('31-12-1999','DD-MM-YYYY') AND p.stand='ledig'\nAND    m.preis/w.gross > 7\nORDER BY p.persnr\n
63	2	1	SELECT r1.recordId, r1.artistName, r1.title FROM record r1 WHERE \r\nr1.genreId IN ( \r\n   SELECT r2.genreId \r\n   FROM record r2 \r\n   WHERE r2.type='Single' \r\n   GROUP BY r2.genreId \r\n   HAVING COUNT(*) >= ALL \r\n     (SELECT COUNT(*) FROM record r3 WHERE r3.type='Single' GROUP BY \r\n     r3.genreId)) \r\nORDER BY r1.artistName, r1.title;
64	2	1	SELECT r1.artistname, AVG(v.vkCD)*100/SUM(d1.price) AS CDAnteil \r\nFROM record r1, distribute d1, \r\n     (SELECT r2.artistname, SUM(d2.price) AS vkCD \r\n     FROM record r2, distribute d2 \r\n     WHERE r2.recordId=d2.recordId AND d2.media='CD' \r\n     GROUP BY r2.artistname \r\n     ) v\r\nWHERE r1.recordId=d1.recordId AND r1.artistname=v.artistname \r\nGROUP BY r1.artistname;
65	2	1	select a.name, a.nationality, r.title \r\nfrom artist a, record r, distribute d \r\nwhere a.name=r.artistname and r.recordid=d.recordid and d.media='MD' \r\norder by a.name, r.title;
66	2	1	select a.name, a.nationality, min(r.releasedate) as Datum \r\nfrom artist a, record r, distribute d \r\nwhere a.name=r.artistname and r.recordid=d.recordid and d.media='CD' \r\ngroup by a.name, a.nationality \r\norder by a.name, a.nationality;
67	2	1	select r.title, r.artistname, d.price \r\nfrom  record r, distribute d \r\nwhere r.recordid=d.recordid and d.media='CD' \r\nand not exists \r\n      (select * \r\n       from   record r1, distribute d1 \r\n       where  r1.recordid=d1.recordid \r\n       and    d1.media='CD' \r\n       and    d1.price>d.price) \r\norder by r.title; 
69	2	1	select s.kennzahl as STR_KZ, s.bezeichnung as STR_BEZ, f.kurzbez as FK_KBEZ, f.bezeichnung as FK_BEZ\r\nfrom studienrichtung s, fakultaet f\r\nwhere s.gehoert_zu = f.kurzbez AND\r\n  not exists(\r\n     select *\r\n     from koje k\r\n     where k.gemietet_von = s.kennzahl);
70	2	1	select s.kennzahl, s.bezeichnung, sum(flaeche) as Flaeche\r\nfrom studienrichtung s, koje k\r\nwhere k.gemietet_von = s.kennzahl\r\ngroup by s.kennzahl, s.bezeichnung;
72	2	1	select s1.kennzahl SKZ1, s1.bezeichnung BEZ1, k1.standnr SN1, k2.standnr SN2, s2.kennzahl SKZ2, s2.bezeichnung BEZ2\r\nfrom studienrichtung s1, koje k1, studienrichtung s2, koje k2\r\nwhere k1.gemietet_von = s1.kennzahl AND\r\n      k2.gemietet_von = s2.kennzahl AND\r\n      k1.linkernachbar = k2.standnr AND\r\n      k1.standnr > k2.standnr AND\r\n      k1.gemietet_von <> k2.gemietet_von;
73	2	1	select g.genreId, g.name, count(*) anzahl\r\nfrom genre g, record r, distribute d\r\nwhere g.genreid=r.genreid and r.recordid=d.recordid and d.media='CD' \r\ngroup by g.genreid, g.name;
74	1	1	SELECT name FROM  human WHERE  gender='m' AND    age > 30
115	2	1	select * from students where country='Thailand' or country='Japan' order by country, name;
116	2	1	select distinct (s.country) from students s, course c, enrollment e where e.studentId=s.studentId and e.courseCode=c.courseCode and c.name='Database';
117	2	1	select country, count(*) as numberOfStudents from students group by country;
118	2	1	select country, count(*) as numberOfStudents from students where country <> 'Australia' group by country;
119	2	1	select country, count(*) as numberOfStudents from students group by country having count(*)>=10;
120	2	1	select * from students where studentId not in(select studentId from enrollment);
121	2	1	SELECT * FROM hotel;
68	2	1	select r.recordid, r.title, count(*) Tracks \nfrom   record r, track t \nwhere  r.recordid=t.recordid \ngroup by r.recordid, r.title \nhaving count(*) = \n\t(\n\t\tselect max(count)\n\t\tfrom\n\t\t(\n\t\t\tselect count(*) \n            from   record r1, track t1 \n            where  r1.recordid=t1.recordid \n            group by r1.recordid\n\t\t\t\n\t\t) as subquery\n\t)\norder by r.title\n
71	2	1	select f.kurzbez, f.bezeichnung, count(*) Anzahl\nfrom fakultaet f, studienrichtung s, koje k\nwhere s.gehoert_zu = f.kurzbez AND\n      k.gemietet_von = s.kennzahl\ngroup by f.kurzbez, f.bezeichnung\nhaving count (standnr) = \n(\n \tselect MAX(count)\n\tfrom\n\t(\n\t\tselect count(*)\n \t\tfrom studienrichtung s2, koje k2\n \t\twhere k2.gemietet_von = s2.kennzahl\n\t\tgroup by s2.gehoert_zu\n\t) as subquery\n);
127	2	1	SELECT * FROM booking WHERE dateto IS NULL ORDER BY hno, datefrom;
128	2	1	SELECT rno, hno, price FROM room WHERE type = 'family' ORDER BY hno, price DESC;
129	2	1	SELECT r.price, r.type FROM room r, hotel h WHERE r.hno = h.hno AND h.name = 'Grosvenor Hotel';
130	2	1	SELECT b.datefrom, b.dateto FROM booking b, room r WHERE b.hno = r.hno AND b.rno = r.rno AND r.type = 'family';
131	2	1	SELECT DISTINCT g.name, g.address FROM guest g, booking b, hotel h WHERE b.gno = g.gno AND b.hno = h.hno AND h.name = 'Grosvenor Hotel';
132	2	1	SELECT g.name, g.address FROM guest g, booking b, room r WHERE g.gno = b.gno AND b.hno = r.hno AND b.rno = r.rno AND r.type = 'family';
133	2	1	SELECT COUNT(*) AS noOfHotels FROM hotel;
134	2	1	SELECT AVG(price) AS AVGFamily FROM room WHERE type = 'family';
135	2	1	SELECT SUM(price) AS revenue FROM room WHERE type = 'double' AND hno = 'H001';
136	2	1	SELECT COUNT(DISTINCT gno) AS guests FROM booking WHERE datefrom < TO_DATE('01-05-1997','dd-mm-yyyy') AND dateto > TO_DATE('31-03-1997','dd-mm-yyyy');
137	2	1	SELECT SUM(price) AS income FROM room r, booking b, hotel h WHERE r.hno = h.hno AND r.rno = b.rno AND r.hno = b.hno AND h.name = 'Grosvenor Hotel' AND b.datefrom <= TO_DATE('26-03-1997','dd-mm-yyyy') AND b.dateto > TO_DATE('26-03-1997','dd-mm-yyyy');
138	2	1	SELECT r.rno FROM room r, hotel h WHERE r.hno = h.hno AND h.name = 'Grosvenor Hotel' AND r.rno NOT IN (SELECT b.rno FROM booking b WHERE b.rno = r.rno AND b.hno = r.hno AND datefrom <= TO_DATE('26-03-1997','dd-mm-yyyy'));
139	2	1	SELECT SUM(r.price) AS lost FROM room r, hotel h WHERE r.hno = h.hno AND h.name = 'Grosvenor Hotel' AND r.rno NOT IN (SELECT b.rno FROM booking b WHERE b.rno = r.rno AND b.hno = r.hno AND datefrom <= TO_DATE('26-03-1997','dd-mm-yyyy') AND dateto > TO_DATE('26-03-1997','dd-mm-yyyy'));
140	2	1	SELECT r.hno, r.rno, r.type, r.price, g.name\r\nFROM   hotel h JOIN room r ON h.hno = r.hno \r\n               LEFT OUTER JOIN (SELECT * \r\n                                FROM   booking b \r\n                                WHERE  b.datefrom <= TO_DATE('26-03-1997','dd-mm-yyyy') AND \r\n                                       b.dateto > TO_DATE('26-03-1997','dd-mm-yyyy')) b ON (r.rno = b.rno AND r.hno = b.hno)\r\n               LEFT OUTER JOIN guest g ON g.gno = b.gno\r\nWHERE  h.name='Grosvenor Hotel';
141	2	1	SELECT hno, COUNT(*) AS noOfRooms FROM room GROUP BY hno;
142	2	1	SELECT hno, COUNT(*) AS noOfRooms FROM room WHERE hno IN (SELECT hno FROM hotel WHERE UPPER(address) LIKE '%LONDON%') GROUP BY hno;
143	2	1	SELECT h.hno, h.name, COUNT(*) AS occRooms FROM hotel h, booking b WHERE h.hno = b.hno AND b.datefrom <= TO_DATE('26-03-1997','dd-mm-yyyy') AND b.dateto > TO_DATE('26-03-1997','dd-mm-yyyy') GROUP BY h.hno, h.name;
144	2	1	SELECT r1.type, COUNT (*) AS noBooked FROM room r1, booking b1 WHERE r1.hno = b1.hno AND r1.rno = b1.rno GROUP BY r1.type HAVING COUNT(*) >= ALL (SELECT COUNT(*) FROM room r2, booking b2 WHERE r2.hno = b2.hno AND r2.rno = b2.rno GROUP BY r2.type);
145	2	1	SELECT h.name, SUM(r.price) AS lost FROM room r, hotel h WHERE r.hno = h.hno AND (r.rno, r.hno) NOT IN (SELECT rno, hno FROM booking WHERE datefrom <= TO_DATE('26-03-1997','dd-mm-yyyy') AND dateto > TO_DATE('26-03-1997','dd-mm-yyyy')) GROUP BY h.name;
146	2	1	SELECT Name, Address, City FROM Staff WHERE Dnum = 'D001';
147	2	1	SELECT s.Name, d.dname FROM Staff s, Dept d WHERE s.Snum = d.Manager;
148	2	1	SELECT e.Name staff_member, s.Name supervisor FROM Staff s, Staff e WHERE e.Supervisor = s.Snum AND e.City <> s.City;
149	2	1	SELECT Name, Salary FROM Staff WHERE Salary > 65000 AND Snum NOT IN (SELECT DISTINCT Supervisor FROM Staff WHERE Supervisor IS NOT NULL);
150	2	1	SELECT p.Pnum, p.Pname, p.Pcity, p.Dnum FROM Project p WHERE p.Pcity NOT IN(SELECT dl.Dcity FROM DeptLocation dl WHERE dl.Dnum = p.Dnum);
151	2	1	SELECT p.Pname FROM Project p, WorksOn w WHERE p.Pnum = w.Pnum GROUP BY p.Pname HAVING COUNT(*) > 2;
152	2	1	SELECT s1.snum, s1.name, s1.dnum, count(*) AS nsupervised FROM staff s1, staff s2 WHERE s1.snum=s2.supervisor GROUP BY s1.snum, s1.name, s1.dnum;
10013	1	1	select l.state, pr.type, sum(s.price*s.qty) turnover,\r\nrank() over (partition by l.state order by sum(s.price*s.qty) desc) R\r\nfrom   location l, product pr, sales s\r\nwhere  l.locno=s.locno and pr.prodno=s.prodno\r\ngroup by l.state, pr.type
10014	1	1	select s.prodno, l.state, SUM(s.qty*s.price) TURNOVER, \r\n(SUM(s.qty*s.price)*100/SUM(SUM(s.qty*s.price)) OVER \r\n(PARTITION BY s.prodno ORDER BY l.state ROWS BETWEEN UNBOUNDED PRECEDING AND UNBOUNDED FOLLOWING)) TShARE\r\nfrom   sales s, location l\r\nwhere  s.locno=l.locno\r\ngroup by s.prodno, l.state\r\norder by s.prodno, l.state
1	2	1	SELECT a.name, a.nationality\r\nFROM   artist a \r\nWHERE  NOT EXISTS\r\n        (SELECT r.recordId \r\n         FROM record r, distribute d\r\n         WHERE r.artistName = a.name AND \r\n               r.recordId = d.recordId AND \r\n               d.media = 'CD' AND \r\n               d.price < 20);
13612	10	9	select s.mano, s.name, count(*) stunden\r\nfrom studenten s, reserviert r\r\nwhere s.mano = r.mano\r\ngroup by s.mano, s.name\r\nhaving count(*) >= ALL\r\n (Select count(*) from reserviert r1\r\n  group by r1.mano);\r\n
13613	10	9	select s.mano, s.name, r.tag, r.stunde, r.tno\r\nfrom studenten s, reserviert r\r\nwhere s.mano = r.mano \r\nand NOT Exists\r\n (Select * from terminal t, wartung w\r\n  where r.tno = t.tno\r\n  and t.rechner = w.rechner\r\n  and r.tag = w.tag\r\n  and r.stunde between w.vonstunde and w.bisstunde)\r\norder by s.mano, r.tag, r.stunde;
10009	1	1	select pu.prodno, t.m as month, SUM(pu.qty*pu.price) as value\nfrom   purchase pu, time t\nwhere  pu.dayno=t.dayno\ngroup by pu.prodno, t.m\n
10010	1	1	select pu.prodno, t.m as month, SUM(pu.qty*pu.price) as value\nfrom   purchase pu, time t\nwhere  pu.dayno=t.dayno\ngroup by grouping sets ((pu.prodno, t.m), (pu.prodno))\n
10049	1	1	SELECT s.code, s.segId, (s.toKM - s.fromKM) AS Length\nFROM   segment s WHERE  (s.toKM - s.fromKM) > \n       (SELECT (s1.toKM - s1.fromKM)\n        FROM   segment s1 \n        WHERE  s1.segId = 'S01' AND \n               s1.code = 'H10');
10011	1	1	select pu.prodno, t.y as year, t.m as month, SUM(pu.qty*pu.price) as value\nfrom   purchase pu, time t\nwhere  pu.dayno=t.dayno\ngroup by rollup (pu.prodno, t.y, t.m)\norder by pu.prodno, t.y, t.m
13614	10	9	Select s.mano, s.name\r\nfrom studenten s\r\nwhere exists\r\n (select * from reserviert r\r\n  where s.mano = r.mano)\r\nAND NOT EXISTS\r\n (select * from reserviert r\r\n  Where s.mano = r.mano \r\n  AND NOT EXISTS\r\n   (Select * from Terminal t, wartung w\r\n    where r.tno = t.tno \r\n    and t.rechner = w.rechner\r\n    and r.tag = w.tag\r\n    and r.stunde between w.vonstunde and w.bisstunde));\r\n
13615	8	7	select p.name, p.beruf, w.gross, p.stand\r\nfrom person p, vermietet v, wohnung w\r\nwhere p.persnr = v.mieternr\r\nand v.wohnnr = w.wohnnr\r\nand w.gross > 80\r\nand p.stand = 'ledig'\r\norder by p.name, w.gross;\r\n
13617	8	7	select p.name, p.stand, p.beruf\r\nfrom person p\r\nwhere p.persnr not in\r\n (Select v1.vermieternr from vermietet v1\r\n  union\r\n  select v2.mieternr from vermietet v2)\r\norder by p.name, p.stand, p.beruf;
13618	8	7	select w1.bezirk, min (v1.preis/w1.gross), max (v2.preis/w2.gross)\r\nfrom wohnung w1, wohnung w2, vermietet v1, vermietet v2\r\nwhere w1.wohnnr = v1.wohnnr \r\nand w2.wohnnr = v2.wohnnr\r\nand w1.bezirk = w2.bezirk\r\nand v1.preis/w1.gross * 1.5 < v2.preis/w2.gross\r\ngroup by w1.bezirk\r\norder by w1.bezirk;
13619	8	7	select w.bezirk, count (*)\r\nfrom wohnung w, vermietet v\r\nwhere w.wohnnr = v.wohnnr\r\ngroup by w.bezirk\r\norder by count (*);
13620	8	7	select p.name, avg(v.preis) Dpreis, avg(w.gross) DGroesse\r\nfrom person p, vermietet v, wohnung w\r\nwhere p.persnr = v.vermieternr\r\nand v.wohnnr = w.wohnnr\r\ngroup by p.name \r\norder by p.name;
13621	8	7	select w.bezirk, avg (v.preis/w.gross)\r\nfrom Wohnung w, vermietet v\r\nwhere w.wohnnr = v.wohnnr\r\ngroup by w.bezirk\r\nhaving avg(v.preis/w.gross) >= ALL\r\n  (select avg(v1.preis/w1.gross)\r\n   from wohnung w1, vermietet v1\r\n   where w1.wohnnr = v1.wohnnr\r\n   group by w1.bezirk);\r\n
13622	8	7	select p.name, w.bezirk, sum (v.preis)\r\nfrom person p, wohnung w, vermietet v\r\nwhere p.persnr = v.vermieternr\r\nand w.wohnnr = v.wohnnr\r\ngroup by p.name, w.bezirk\r\nhaving sum (v.preis) > ANY\r\n (Select sum (v1.preis) from vermietet v1, wohnung w1\r\n  where v1.wohnnr = w1.wohnnr\r\n  group by v1.vermieternr);\r\n
13623	8	7	select p1.persnr, p1.name, sum (v1.preis)\r\nfrom person p1, vermietet v1\r\nwhere p1.stand = 'verheiratet'\r\nand p1.persnr = v1.vermieternr\r\nand p1.beruf IN\r\n (select p2.beruf\r\n  from person p2\r\n  where p2.persnr <> p1.persnr)\r\ngroup by p1.persnr, p1.name;\r\n\r\n
13624	8	7	select w2.bezirk, count(*)\r\nfrom wohnung w2, vermietet v2\r\nwhere w2.wohnnr = v2.wohnnr\r\ngroup by w2.bezirk\r\nhaving count (*) > \r\n (select count(*) from person p, vermietet v, wohnung w\r\n  where p.persnr = v.mieternr\r\n  and v.wohnnr = w.wohnnr\r\n  and p.stand = 'ledig'\r\n  and w.bezirk = \r\n   (Select w1.bezirk\r\n    from wohnung w1\r\n    group by w1.bezirk\r\n    having count(*) <= ALL\r\n     (Select count(*) from wohnung w3\r\n      group by w3.bezirk)));\r\n
13645	2	1	select avg(tokm - fromkm) from segment
13646	2	1	select k.kontoNr, sum(b.betrag) as Gesamtsumme from konto k , buchung b where k.kontoNr=b.aufKonto group by kontoNr
13647	2	1	select i.name, i.gebdat, i.adresse, count(*) as Anzahl, sum(b.betrag) as Betragssumme from buchung b, konto k, inhaber i where i.name=k.inhname and i.gebdat=k.gebdat and k.kontoNr=b.aufKonto group by i.name, i.gebdat, i.adresse
100	2	1	SELECT k.kontonr, i.name, i.gebdat, i.adresse FROM   konto k, inhaber i WHERE  k.inhname=i.name AND k.gebdat=i.gebdat AND    i.adresse LIKE '%Linz%'
101	2	1	select k1.inhname, k1.gebdat, b.buchngnr from   konto k1, konto k2, buchung b where  k1.inhname = k2.inhname and    k1.gebdat = k2.gebdat and    k1.kontonr = b.vonkonto and    k2.kontonr = b.aufkonto order by k1.inhname, k1.gebdat, b.buchngnr desc
102	2	1	SELECT COUNT(*) AS Anzahl FROM konto
103	2	1	SELECT k.inhname, k.gebdat, COUNT(*) AS Anzahl FROM   konto k GROUP BY k.inhname, k.gebdat
105	2	1	select count(distinct aufkonto) as Anzahl\r\nfrom buchung
106	2	1	select i1.name, i1.gebdat, i1.adresse, count(*) as Anzahl, sum(betrag) SUM_Betrag from   inhaber i1, konto k1, buchung b1\r\nwhere  i1.name = k1.inhname and i1.gebdat = k1.gebdat\r\nand    k1.kontonr = b1.aufkonto\r\ngroup by i1.name, i1.gebdat, i1.adresse\r\nhaving count(*)>4
107	2	1	select distinct inhname, gebdat from konto where saldo> 10000
109	2	1	select i.name, i.gebdat\r\nfrom inhaber i\r\nwhere not exists (select *\r\n                  from   konto k\r\n                  where  k.inhname = i.name\r\n                  and    k.gebdat = i.gebdat\r\n                  and    not exists (select *\r\n                                     from   buchung b\r\n                                     where  k.kontonr = b.aufkonto))\r\norder by i.name, i.gebdat
110	2	1	select k.kontonr, k.filiale, sum(b.betrag) ksum, f.filsum\r\nfrom   konto k, buchung b,\r\n       (select k1.filiale,\r\n               sum(b1.betrag) filsum\r\n        from   konto k1, buchung b1\r\n        where  k1.kontonr = b1.aufkonto\r\n        or     k1.kontonr = b1.vonkonto\r\n        group by k1.filiale) f\r\n where  (k.kontonr=b.vonkonto\r\n or      k.kontonr=b.aufkonto)\r\n and    k.filiale = f.filiale\r\n group by k.kontonr, k.filiale, f.filsum
112	2	1	select k.inhname, k.gebdat, b.buchngnr, b.aufkonto\r\nfrom   konto k, buchung b\r\nwhere  k.kontonr = b.aufkonto\r\nand    not exists\r\n         (select *\r\n          from   konto k2, buchung b2\r\n          where k2.kontonr=b2.aufkonto\r\n          and   k2.inhname=k.inhname\r\n          and   k2.gebdat=k.gebdat\r\n          and   b2.buchngnr < b.buchngnr)
111	2	1	select k.kontonr, k.filiale\r\nfrom   konto k\r\nwhere  k.kontonr not in\r\n         (select b.vonkonto\r\n          from   buchung b, konto k2\r\n          where  b.aufkonto=k2.kontonr\r\n          and    k2.inhname='Hofreiter Martin'\r\n          and    k2.gebdat='12-FEB-80')
13648	2	1	select k.kontoNr from konto k\r\nwhere k.kontoNr not in (select distinct b.aufKonto from buchung b)
13649	2	1	SELECT segid, (toKM - fromKM) AS Length FROM segment WHERE   (toKM - fromKM) > (SELECT avg(toKM - fromKM) FROM segment)
13650	2	1	SELECT code, AVG(toKM - fromKM) AS AVGSegmentLength FROM segment GROUP BY code
13651	2	1	SELECT s1.code as s1_code, s1.segID as s1_secid, s2.code as s2_code, s2.segID as s2_segid FROM segment s1, segment s2 WHERE (s1.segID <> s2.segID OR s1.code <> s2.code) AND (s1.toKM - s1.fromKM) = (s2.toKM - s2.fromKM)
13616	8	7	select p1.name, p1.stand, v1.preis as v1_preis, v2.preis as v2_preis\nfrom person p1, vermietet v1, person p2, vermietet v2\nwhere p1.persnr = v1.mieternr\nand p2.persnr = v2.mieternr\nand v1.vermieternr = v2.mieternr\nand v1.preis < v2.preis\nand p1.stand = p2.stand\norder by p1.name, p1.stand;
13652	2	1	SELECT segID, s1.toKM - s1.fromKM AS SegmentLength, s2.HighwayLength FROM segment s1, ( SELECT code, SUM(toKM-fromKM) AS HighwayLength FROM segment GROUP BY code) s2\r\n\tWHERE   s2.code = s1.code;
13653	2	1	SELECT DISTINCT longitude, latitude FROM node ORDER BY  longitude ASC, latitude DESC;\r\n
13654	2	1	(SELECT\tn1.nodeID, n1.longitude, n1.latitude FROM node n1, exit e, highwayExit he WHERE\the.code = 'H10' AND he.nodeID = e.nodeID AND e.nodeID = n1.nodeID) UNION (SELECT n2.nodeID, n2.longitude, n2.latitude FROM node n2, intersection i, HighwayIntersection hi WHERE hi.code = 'H10' AND hi.nodeID = i.nodeID AND i.nodeID = n2.nodeID)
13777	6	5	select count(*) ENTLEHNUNGEN from entlehng e where (e.bis = '01-01-2999');
13778	6	5	select B.NAME, B.Adresse, COUNT(*) ANZAHL\r\nfrom BENUTZER B, ENTLEHNG E\r\nwhere (B.BENNR = E.BENUTZER)\r\ngroup by B.NAME, B.ADRESSE\r\norder by 3 desc;
13779	6	5	select b.bennr, b.name, b.gebdat, b.adresse, count(*) ANZAHL\r\nfrom benutzer b, entlehng e\r\nwhere (b.bennr = e.benutzer) and (e.bis = '01-01-2999')\r\ngroup by b.bennr, b.name, b.gebdat, b.adresse\r\nhaving count(*) > 2\r\norder by 2;
13788	6	5	select b.titel, count(*) ANZAHL,\r\n  ROUND(AVG(e.bis - e.von)) DURCHSCHNITT\r\nfrom buch b, entlehng e\r\nwhere (b.buchnr = e.buch) and (e.bis <> '01-01-2999')\r\ngroup by b.buchnr, b.titel\r\norder by 2 desc;
13811	2	1	select distinct k.kundeNr, k.name, k.bonStufe\r\nfrom kunde k, rechnung r\r\nwhere k.kundeNr = r.kundeNr\r\nand k.kundeNr NOT IN\r\n(select r1.kundeNr from rechnung r1 where bezahlt = 'N');
13815	2	1	select p.ean, p.bezeichnung, p.ekPreis\r\nfrom produkt p\r\nwhere p.ekPreis > \r\n(select avg(p1.ekPreis)\r\n from produkt p1\r\n where p1.kategorie = p.kategorie);
13823	2	1	SELECT p.ean, p.bezeichnung, COUNT(f.filNr)\r\nFROM produkt p\r\nJOIN sortiment s ON p.ean = s.ean\r\nJOIN filiale f ON s.filNr = f.filNr\r\nWHERE p.ean NOT IN (\r\n  SELECT DISTINCT rp.ean\r\n  FROM rechnungPos rp\r\n)\r\nGROUP BY p.ean, p.bezeichnung;
13825	2	1	select f.filNr, f.inhName, f.strasse, f.plz\r\nfrom filiale f\r\nwhere not exists(\r\nselect p.kategorie\r\nfrom produkt p\r\nwhere 2*(select count(*) \r\n         from produkt p1, sortiment s where p1.ean = s.ean \r\n         and p1.kategorie = p.kategorie \r\n         and f.filNr = s.filNr)\r\n      <=\r\n        (select count(*)\r\n         from produkt p2\r\n         where p2.kategorie = p.kategorie));
13863	2	1	select f.filnr, f.inhName, count(*)\r\nfrom filiale f, sortiment s\r\nwhere f.filnr=s.filnr\r\ngroup by f.filnr, f.inhName\r\norder by count(*) desc;
13864	2	1	select s.ean, s.filnr, (s.vkpreis-s.preisred) tats_Preis, p.listpreis,\r\n       ROUND(100*((s.vkpreis-s.preisred)-p.listpreis)/p.listpreis) Abweichung\r\nfrom sortiment s, produkt p\r\nwhere s.ean=p.ean\r\nand ABS((s.vkpreis-s.preisred)-p.listpreis)>0.2*p.listpreis\r\norder by s.ean, s.filnr;
13865	2	1	select distinct k.kundenr, k.name, k.bonStufe\r\nfrom kunde k, rechnung r\r\nwhere k.kundenr = r.kundenr\r\nand   r.bezahlt='N'\r\nand   k.kundenr NOT IN (select r2.kundenr from rechnung r2 where r2.bezahlt='Y')\r\norder by k.kundenr;
13866	4	1	select s.filnr, p.kategorie, Sum(s.bestand*p.ekpreis) lagerwert\r\nfrom sortiment s, produkt p\r\nwhere s.ean=p.ean\r\nand p.kategorie NOT IN\r\n(select p2.kategorie\r\n from produkt p2, rechnungpos rp2, rechnung r2\r\n where p2.ean=rp2.ean\r\n and rp2.datum=r2.datum\r\n and rp2.rechnungnr=r2.rechnungnr\r\n and s.filnr=r2.filnr)\r\ngroup by s.filnr, p.kategorie\r\norder by s.filnr, p.kategorie
13867	2	1	select p.kategorie, p.ean, SUM(rp.menge) Stueck, Sum(rp.einzelpreis*rp.menge) Umsatz\r\nfrom produkt p, rechnungpos rp\r\nwhere p.ean=rp.ean\r\ngroup by p.kategorie, p.ean\r\nhaving SUM(rp.menge)>=ALL\r\n (select sum(rp2.menge)\r\n  from produkt p2, rechnungpos rp2\r\n  where p2.ean = rp2.ean\r\n  and p2.kategorie =p.kategorie\r\n  group by p2.ean)\r\norder by p.kategorie;
82	2	1	SELECT Land, count(*) AS AnzahlStudierende FROM student GROUP BY Land
13869	2	1	select distinct f.filnr, f.plz, r.datum\r\nfrom filiale f, rechnung r\r\nwhere f.filnr = r.filnr\r\nand (select count(distinct p.kategorie)\r\n     from produkt p, sortiment s\r\n     where p.ean=s.ean and s.filnr=r.filnr) > 2*\r\n    (select count(distinct p2.kategorie)\r\n     from produkt p2, rechnungpos rp2, rechnung r2\r\n     where p2.ean=rp2.ean\r\n     and rp2.rechnungnr=r2.rechnungnr and rp2.datum=r2.datum\r\n     and r2.datum=r.datum and r2.filnr=r.filnr)\r\norder by f.filnr, r.datum;
13871	2	1	select p.ean, p.kategorie, sum(rp.einzelpreis*rp.menge) Umsatz, a.ges_umsatz\r\nfrom produkt p, rechnungpos rp,\r\n  (select p2.kategorie, sum(rp2.menge*rp2.einzelpreis) as ges_umsatz\r\n   from produkt p2, rechnungpos rp2\r\n   where p2.ean=rp2.ean\r\n   group by p2.kategorie) a\r\nwhere p.kategorie=a.kategorie\r\nand rp.ean=p.ean\r\ngroup by p.ean, p.kategorie, a.ges_umsatz\r\nhaving sum(rp.einzelpreis*rp.menge) > a.ges_umsatz/3\r\norder by p.ean;
13872	14	13	select kategorie, sum(vkpreis * menge) as umsatz \r\nfrom artikel a, auftragszeile az\r\nwhere az.artikel=a.ean\r\ngroup by kategorie\r\norder by umsatz;
13870	2	1	select f.filnr, f.plz, sum(rp.menge*rp.einzelpreis) Umsatz\nfrom filiale f, rechnung r, rechnungpos rp\nwhere f.filnr=r.filnr\nand r.rechnungnr=rp.rechnungnr and r.datum = rp.datum\ngroup by f.filnr, f.plz\nhaving sum(rp.menge*rp.einzelpreis) >\n  (select avg(sum)\n   from\n\t   (\n\t\t   select sum(rp2.menge*rp2.einzelpreis)\n\t\t   from filiale f2, rechnung r2, rechnungpos rp2\n\t\t   where f2.filnr=r2.filnr and r2.rechnungnr=rp2.rechnungnr and r2.datum=rp2.datum\n\t\t   group by f2.filnr\n\t   )as subquery\n\t)  \norder by umsatz desc;\n
13795	6	5	select b.buchnr, b.titel\nfrom buch b\nwhere b.buchnr not in\n  (select distinct e.buch\n   from entlehng e\n   where e.von <= '1994-12-31' and e.bis >= '1994-01-01');
13826	2	1	select f.filNr, f.inhName, p.ean, p.bezeichnung, (s.vkPreis - s.preisRed) as billigst\nfrom filiale f, produkt p, sortiment s\nwhere f.filNr = s.filNr and s.ean = p.ean\nand (s.vkPreis - s.preisRed) = \n(select MIN(s1.vkPreis - s1.preisRed)\n from sortiment s1\n where s1.ean = p.ean);
13824	2	1	select r.datum, r.rechnungNr, Sum(p.menge * p.einzelPreis) AS summe, k.name\nfrom rechnung r, kunde k, rechnungPos p\nwhere r.datum = p.datum AND r.rechnungNr = p.rechnungNr AND r.kundeNr = k.kundeNr\ngroup by r.datum, r.rechnungNr, k.name\nhaving not exists \n(select * from rechnungPos p1\n where p1.rechnungNr = r.rechnungNr AND p1.datum = r.datum\n and (p1.menge * p1.einzelPreis) <= 1000)\norder by Sum(p.menge * p.einzelPreis) DESC;
13805	2	1	select f.filNr, f.inhName, p.ean, p.bezeichnung, (p.ekPreis * s.bestand) as wert\nfrom filiale f, produkt p, sortiment s\nwhere p.ean = s.ean and s.filNr = f.filNr and p.listPreis = s.vkPreis;
13873	14	13	select k.nr, k.name, sum(vkpreis * menge) as umsatz \r\nfrom kunde k, auftragskopf ak, auftragszeile az\r\nwhere k.nr=ak.kunde and\r\n  ak.nr = az.nr\r\ngroup by k.nr, k.name\r\nhaving sum(vkpreis*menge) > 5000\r\norder by umsatz;
13874	14	13	select a.ean, a.bezeichnung\r\nfrom artikel a\r\nwhere\r\n  not exists (\r\n     select * \r\n     from auftragszeile az\r\n     where az.artikel = a.ean);
13875	14	13	select distinct v.kurzzeichen, v.name\r\nfrom vertreter v, auftragskopf ak, kunde k\r\nwhere v.kurzzeichen = ak.vertreter AND\r\n      ak.kunde = k.nr AND\r\n      k.gebiet = 'OST';
13876	14	13	select a.ean, a.bezeichnung, ekpreis, \r\n  sum(az.vkpreis * az.menge)/sum(Menge) as "d_vkpreis",\r\n  ((sum(az.vkpreis * az.menge)/sum(Menge))-ekpreis) as "d_db"\r\nfrom artikel a, auftragszeile az\r\nwhere a.ean = az.artikel\r\ngroup by ean, bezeichnung, ekpreis\r\norder by ean;
13878	14	13	select v.kurzzeichen as kz, v.name, v.provision, k.gebiet, \r\nsum(az.vkpreis*az.menge) as UMSATZ,\r\nsum(az.vkpreis*az.menge)*v.provision/100 as PROVBETRAG\r\nfrom kunde k, vertreter v, auftragskopf ak, auftragszeile az\r\nwhere k.nr = ak.kunde AND\r\n     v.kurzzeichen = ak.vertreter AND\r\n     ak.nr = az.nr AND\r\n     ak.lieferdatum >= '01-SEP-99'\r\ngroup by v.kurzzeichen, v.name, v.provision, k.gebiet\r\norder by v.kurzzeichen;
13879	14	13	(select k.nr, a.kategorie, sum(az.vkpreis*az.menge) as UMSATZ\r\n from kunde k, artikel a, auftragskopf ak, auftragszeile az\r\n where k.nr=ak.kunde and\r\n       ak.nr=az.nr and\r\n       az.artikel=a.ean and\r\n       k.gebiet = 'OST'\r\n group by k.nr, a.kategorie\r\n)\r\nUNION\r\n(select distinct k2.nr, a2.kategorie, 0 as UMSATZ\r\n from kunde k2, artikel a2\r\n where k2.gebiet = 'OST' and\r\n       not exists (\r\n          select * \r\n          from auftragskopf ak3, auftragszeile az3, artikel a3\r\n          where ak3.nr=az3.nr and\r\n                ak3.kunde=k2.nr and\r\n                az3.artikel=a3.ean and\r\n                a3.kategorie=a2.kategorie)\r\n)\r\norder by nr, kategorie;
13880	14	13	SELECT a.ean, a.bezeichnung,\r\n       (SUM((az.vkpreis - a.ekpreis) * az.menge)/SUM(az.menge)) AS DB_ARTIKEL,\r\n       kategorie.DB_KATEG\r\nFROM   artikel a, auftragszeile az,\r\n       (SELECT a2.kategorie, (SUM((az2.vkpreis - a2.ekpreis)*az2.menge)/SUM(az2.menge)) AS DB_KATEG\r\n        FROM   artikel a2, auftragszeile az2\r\n        WHERE  az2.artikel=a2.ean\r\n        GROUP BY a2.kategorie) kategorie\r\nWHERE  a.ean=az.artikel AND\r\n       kategorie.kategorie=a.kategorie\r\nGROUP BY a.ean, a.bezeichnung, kategorie.DB_KATEG\r\nHAVING (SUM((az.vkpreis - a.ekpreis) * az.menge)/SUM(az.menge)) > kategorie.DB_KATEG\r\nORDER BY ean;\r\n\r\n/*select a.ean, a.bezeichnung,\r\n(sum (az.vkpreis * az.menge)/sum(menge))-avg(a.ekpreis) as "DB_ARTIKEL",\r\nkategorie."DB_KATEG"\r\nfrom artikel a, auftragszeile az,\r\n(select a2.kategorie, (sum(az2.vkpreis*az2.menge)/sum(az2.menge)) - avg(a2.ekpreis) as "DB_KATEG"\r\n from artikel a2, auftragszeile az2\r\n where az2.artikel=a2.ean\r\n group by a2.kategorie) kategorie\r\nwhere\r\n a.ean=az.artikel and\r\n kategorie.kategorie=a.kategorie\r\ngroup by a.ean, a.bezeichnung, kategorie."DB_KATEG"\r\nhaving (sum(az.vkpreis*az.menge)/sum(Menge))\r\n       - avg(a.ekpreis) > kategorie."DB_KATEG"\r\norder by ean;*/
13881	14	13	select v.kurzzeichen, v.name\r\nfrom vertreter v\r\nwhere not exists (\r\n  select * \r\n  from kunde k\r\n  where not exists (\r\n    select * \r\n    from auftragskopf ak, kunde k2\r\n    where ak.kunde = k2.nr and\r\n          k2.gebiet = k.gebiet and\r\n          ak.vertreter = v.kurzzeichen));
99	2	1	SELECT DISTINCT p.persnr, p.name FROM person p, wohnung w WHERE  p.persnr=w.eigentuemer AND NOT EXISTS (SELECT * FROM wohnung w2 WHERE w2.eigentuemer=p.persnr AND NOT EXISTS (SELECT * FROM mietet m WHERE  m.wohnnr=w2.wohnnr))
79	2	1	SELECT KursNr FROM kurs WHERE Lektor='Mueller'
80	2	1	SELECT * FROM student WHERE Land='Deutschland' OR Land='Schweiz' ORDER BY land, name
83	2	1	SELECT Land, count(*) AS AnzahlStudierende FROM student WHERE Land <> 'Austria' GROUP BY Land
84	2	1	SELECT Land, count(*) AS AnzahlStudierende FROM student GROUP BY Land HAVING count(*)>10
85	2	1	SELECT * FROM student WHERE MatrikelNr NOT IN (SELECT MatrikelNr FROM belegung)
86	2	1	SELECT * FROM person ORDER BY Name, Beruf
87	2	1	SELECT DISTINCT beruf FROM person
88	2	1	SELECT name, beruf FROM person WHERE persnr = 1
89	2	1	SELECT eigentuemer AS persnr FROM wohnung WHERE bezirk = 2 OR bezirk = 3
90	2	1	SELECT persnr, name FROM person, wohnung WHERE (bezirk = 2 OR bezirk = 3) AND person.persnr = wohnung.eigentuemer
91	2	1	SELECT p.persnr, p.name, w.gross, m.preis FROM person p, wohnung w, mietet m WHERE w.bezirk = 2 AND p.persnr = w.eigentuemer AND w.wohnnr = m.wohnnr
92	2	1	SELECT AVG(gross) AS durchschnittsgroesse FROM wohnung
93	2	1	SELECT bezirk, AVG(gross) AS durchschnittsgroesse FROM wohnung GROUP BY bezirk
94	2	1	SELECT bezirk, AVG(gross) AS durchschnittsgroesse FROM wohnung GROUP BY bezirk HAVING count(*) > 1
95	2	1	SELECT bezirk, AVG (gross) as durchschnittsgroesse FROM wohnung WHERE wohnung.eigentuemer IN (SELECT persnr FROM person WHERE stand = 'ledig') GROUP BY bezirk
10003	2	1	select distinct inhname as name, gebdat\r\nfrom konto\r\nwhere saldo>10000
13883	10	1	select count(*) from cat
13882	14	13	(select k.nr, k.name\n from kunde k, auftragskopf ak, auftragszeile az\n where k.nr = ak.kunde and\n       ak.nr = az.nr and\n       az.menge > 0\n)\nEXCEPT\n(select k2.nr, k2.name\n from kunde k2, auftragskopf ak2\n where k2.nr = ak2.kunde and ak2.vertreter = 'GP');
10004	2	1	select i.name, i.gebdat, b.buchngNr, k.kontoNr \r\nfrom inhaber i, konto k, buchung b\r\nwhere i.name=k.inhname and i.gebdat=k.gebdat and b.aufkonto=k.kontonr \r\nand b.datum <= ALL(select datum from buchung b1 where b1.aufkonto=k.kontonr);
13884	10	1	select count(*) from cat
13885	1	1	select * from cat
114	2	1	select coursecode from course where lecturer='Miller'
13886	1	1	select count(*) from course
13887	1	1	select * from cat
13888	1	1	select name from course
13889	1	1	select * from course
13890	2	1	select * from artist
13891	6	5	SELECT titel, autor FROM buch WHERE LOWER(titel) LIKE '%database%';
13893	15	15	SELECT\r\n  name,\r\n  cnt\r\nFROM (\r\n       SELECT\r\n         c.NAME,\r\n         COUNT(DATE_VALID) AS cnt,\r\n         sum(SHARE_CNT)    AS share_sum\r\n       FROM COMPANY c\r\n         JOIN LISTED_AT la ON c.ID = la.COMPANY_ID AND DATE_VALID = TO_DATE('04-08-2016', 'dd-mm-yyyy')\r\n       GROUP BY c.ID, c.NAME) a\r\nWHERE share_sum = (SELECT max(summed)\r\n                   FROM (\r\n                          SELECT sum(SHARE_CNT) AS summed\r\n                          FROM LISTED_AT\r\n                          WHERE DATE_VALID = TO_DATE('04-08-2016', 'dd-mm-yyyy')\r\n                          GROUP BY COMPANY_ID) s)\r\n
13894	15	15	SELECT\r\n  c.NAME  AS company_name,\r\n  se.NAME AS stock_exchange_name,\r\n  value\r\nFROM (SELECT\r\n        COMPANY_ID,\r\n        STOCK_EXCHANGE_CODE,\r\n        SHARE_CNT * SHARE_PRICE AS value\r\n      FROM LISTED_AT\r\n      WHERE DATE_VALID = TO_DATE('04-08-2016', 'dd-mm-yyyy')) la\r\n  JOIN COMPANY c ON la.COMPANY_ID = c.ID\r\n  JOIN STOCK_EXCHANGE se ON se.CODE = la.STOCK_EXCHANGE_CODE\r\nORDER BY value DESC\r\n
13895	15	15	SELECT *\r\nFROM COMPANY c\r\nWHERE NOT exists(\r\n    SELECT sa.COUNTRY_CODE\r\n    FROM LISTED_AT la\r\n      JOIN STOCK_EXCHANGE sa ON la.STOCK_EXCHANGE_CODE = sa.CODE\r\n    WHERE la.COMPANY_ID = c.ID AND NOT exists(SELECT *\r\n                                              FROM BASED_IN bi\r\n                                              WHERE\r\n                                                bi.COUNTRY_CODE = sa.COUNTRY_CODE AND la.COMPANY_ID = bi.COMPANY_ID))\r\n
13896	15	15	SELECT co.NAME\r\nFROM COUNTRY co\r\nWHERE NOT exists(SELECT *\r\n                 FROM BASED_IN bi\r\n                 WHERE bi.COUNTRY_CODE = co.CODE)\r\n
13897	15	15	SELECT co.NAME\r\nFROM COUNTRY co\r\nWHERE exists(SELECT COUNTRY_CODE\r\n             FROM STOCK_EXCHANGE se\r\n             WHERE se.COUNTRY_CODE = co.CODE\r\n             GROUP BY COUNTRY_CODE\r\n             HAVING count(*) >= 2)\r\n
13898	15	15	SELECT DISTINCT STOCK_EXCHANGE_CODE\r\nFROM STOCK_EXCHANGE se\r\n  JOIN LISTED_AT la ON se.CODE = la.STOCK_EXCHANGE_CODE\r\nWHERE la.COMPANY_ID =\r\n      (SELECT id\r\n       FROM COMPANY c\r\n       WHERE c.year_established =\r\n             (SELECT min(YEAR_ESTABLISHED)\r\n              FROM COMPANY c))\r\nORDER BY STOCK_EXCHANGE_CODE;\r\n
13900	15	15	WITH main AS (SELECT *\r\n              FROM (\r\n                     SELECT\r\n                       c.name,\r\n                       sum(share_cnt * share_price) AS summed\r\n                     FROM listed_at la\r\n                       JOIN company c ON la.company_id = c.id\r\n                     WHERE date_valid = TO_DATE('04-08-2016', 'dd-mm-yyyy')\r\n                     GROUP BY c.id, c.name) a )\r\nSELECT NAME\r\nFROM main\r\nWHERE summed IN ((SELECT min(summed)\r\n                  FROM main), (SELECT max(summed)\r\n                               FROM main))\r\nORDER BY summed DESC;
13901	16	16	SELECT c."product_category", SUM(f."unit_sales")\r\nFROM   "sales_fact_1997" f\r\n       JOIN "product" p ON \r\n         f."product_id" = p."product_id"\r\n       JOIN "product_class" c ON \r\n         p."product_class_id" = c."product_class_id"\r\nGROUP BY c."product_category";
13902	16	16	SELECT s."store_state", c."product_category", SUM(f."unit_sales")\r\nFROM   "sales_fact_1997" f\r\n       JOIN "product" p ON \r\n         f."product_id" = p."product_id"\r\n       JOIN "product_class" c ON \r\n         p."product_class_id" = c."product_class_id"\r\n       JOIN "store" s ON\r\n         f."store_id" = s."store_id"\r\nWHERE s."store_type" = 'Supermarket'\r\nGROUP BY c."product_category", s."store_state"\r\nORDER BY s."store_state", c."product_category";
13903	16	16	SELECT t."month_of_year" as month_of_year, SUM(f."unit_sales") as sum_unit_sales\r\nFROM   "sales_fact_1997" f\r\n       JOIN "time_by_day" t ON \r\n         f."time_id" = t."time_id"\r\nGROUP BY t."month_of_year"\r\nORDER BY t."month_of_year";
13904	16	16	SELECT r."sales_state_province" AS province, SUM(f."unit_sales") AS unit_sales\r\nFROM   "sales_fact_1997" f\r\n       JOIN "customer" c ON \r\n         f."customer_id" = c."customer_id"\r\n       JOIN "region" r ON \r\n         c."customer_region_id" = r."region_id"\r\nWHERE r."sales_region" = 'North West'\r\nGROUP BY r."sales_state_province";
13905	16	16	SELECT s."store_state", c."product_category", SUM(f."unit_sales")\r\nFROM   "sales_fact_1997" f\r\n       JOIN "product" p ON \r\n         f."product_id" = p."product_id"\r\n       JOIN "product_class" c ON \r\n         p."product_class_id" = c."product_class_id"\r\n       JOIN "store" s ON\r\n         f."store_id" = s."store_id"\r\nGROUP BY ROLLUP(s."store_state", c."product_category");
13906	16	16	SELECT s."store_state", c."product_category", SUM(f."unit_sales")\r\nFROM   "sales_fact_1997" f\r\n       JOIN "product" p ON \r\n         f."product_id" = p."product_id"\r\n       JOIN "product_class" c ON \r\n         p."product_class_id" = c."product_class_id"\r\n       JOIN "store" s ON\r\n         f."store_id" = s."store_id"\r\nGROUP BY CUBE(s."store_state", c."product_category");
13907	16	16	SELECT s."store_state", c."product_category", SUM(f."unit_sales")\r\nFROM   "sales_fact_1997" f\r\n       JOIN "product" p ON \r\n         f."product_id" = p."product_id"\r\n       JOIN "product_class" c ON \r\n         p."product_class_id" = c."product_class_id"\r\n       JOIN "store" s ON\r\n         f."store_id" = s."store_id"\r\nGROUP BY GROUPING SETS((s."store_state", c."product_category"), ());
13908	16	16	SELECT r."sales_state_province", cl."product_family", SUM(f."unit_sales")\r\nFROM   "sales_fact_1997" f\r\n       JOIN "product" p ON\r\n         f."product_id" = p."product_id"\r\n       JOIN "product_class" cl ON \r\n         p."product_class_id" = cl."product_class_id"\r\n       JOIN "customer" c ON \r\n         f."customer_id" = c."customer_id"\r\n       JOIN "region" r ON \r\n         c."customer_region_id" = r."region_id"\r\nGROUP BY CUBE(r."sales_state_province", cl."product_family");
13892	1	1	SELECT   g.branche, SUM(umsatz) AS Umsatz\r\nFROM     gewinne g\r\nWHERE    g.bundesland = 'O' AND g.jahr = 2011\r\nGROUP BY g.branche\r\nHAVING   COUNT(g.firma) > 10;
13909	16	16	SELECT r."sales_state_province" AS province, cl."product_family" AS family, s."store_type" AS type, SUM(f."unit_sales") AS unit_sales\r\nFROM   "sales_fact_1997" f\r\n       JOIN "product" p ON\r\n         f."product_id" = p."product_id"\r\n       JOIN "product_class" cl ON \r\n         p."product_class_id" = cl."product_class_id"\r\n       JOIN "customer" c ON \r\n         f."customer_id" = c."customer_id"\r\n       JOIN "region" r ON \r\n         c."customer_region_id" = r."region_id"\r\n       JOIN "store" s ON\r\n         f."store_id" = s."store_id"\r\nGROUP BY GROUPING SETS((r."sales_state_province", cl."product_family", s."store_type"), (r."sales_state_province", s."store_type"), ())\r\nORDER BY r."sales_state_province", cl."product_family", s."store_type";
13910	16	16	SELECT r."sales_state_province" province, SUM(f."unit_sales") AS unit_sales,\r\n       RANK() OVER( PARTITION BY r."sales_country" ORDER BY SUM(f."unit_sales") DESC) AS rank\r\nFROM   "sales_fact_1997" f\r\n       JOIN "customer" c ON \r\n         f."customer_id" = c."customer_id"\r\n       JOIN "region" r ON \r\n         c."customer_region_id" = r."region_id"\r\nGROUP BY r."sales_state_province", r."sales_country";
13911	16	16	SELECT t."month_of_year", SUM(f."unit_sales") AS total,\r\n       RANK() OVER( PARTITION BY t."the_year" ORDER BY SUM(f."unit_sales") DESC) AS rank\r\nFROM   "sales_fact_1997" f\r\n       JOIN "time_by_day" t ON \r\n         f."time_id" = t."time_id"\r\nGROUP BY t."month_of_year", t."the_year"\r\nORDER BY t."the_year", t."month_of_year";
13912	16	16	SELECT t."month_of_year", SUM(f."unit_sales"),\r\n       SUM(SUM(f."unit_sales")) OVER( PARTITION BY t."the_year" ORDER BY t."month_of_year")\r\nFROM   "sales_fact_1997" f\r\n       JOIN "time_by_day" t ON \r\n         f."time_id" = t."time_id"\r\n       JOIN "store" s ON\r\n         f."store_id" = s."store_id"\r\nGROUP BY t."month_of_year", t."the_year";
13913	16	16	SELECT t."month_of_year", SUM(f."unit_sales"),\r\n       AVG(SUM(f."unit_sales")) OVER( PARTITION BY t."the_year" ORDER BY t."month_of_year" ROWS BETWEEN 1 PRECEDING AND 1 FOLLOWING) AS moving_average\r\nFROM   "sales_fact_1997" f\r\n       JOIN "time_by_day" t ON \r\n         f."time_id" = t."time_id"\r\n       JOIN "store" s ON\r\n         f."store_id" = s."store_id"\r\nGROUP BY t."month_of_year", t."the_year";
13818	2	1	SELECT ean, bezeichnung, Spanne, kategorie FROM (select p1.ean, p1.bezeichnung,\n((p1.listPreis - p1.ekPreis)/p1.ekPreis)*100 Spanne, p1.kategorie\nfrom produkt p1\nwhere ((p1.listPreis - p1.ekPreis)/p1.ekPreis) =\n    (select MIN((p2.listPreis - p2.ekPreis)/p2.ekPreis)\n     from produkt p2\n     group by p2.kategorie\n     having p2.kategorie = p1.kategorie) ) AS correctQuery ORDER BY ean, bezeichnung, Spanne, kategorie
2	2	1	SELECT r1.recordId, r1.artistName, r1.title\nFROM   record r1, track t1\nWHERE  r1.type='Album' AND r1.recordId=t1.recordId\nGROUP BY r1.recordId, r1.artistName, r1.title\nHAVING SUM(length) <\n  (SELECT \n   \t\tAVG(sum)\n\tFROM\n\t\t(\n\t\tSELECT\n\t\t\tSUM(t2.length) \n\t\tFROM \n\t\t\trecord r2, track t2\n\t\tWHERE \n\t\t\tr2.type='Album' AND r2.recordId=t2.recordId\n\t\tGROUP BY \n\t\t\tr2.recordId \n\t\t) as subquery\n  )\n;
23	2	1	(SELECT k.kundenr, k.name\nFROM   kunde k, rechnung r, rechnungpos rp, produkt p\nWHERE  k.kundenr=r.kundenr\nAND    r.rechnungnr=rp.rechnungnr\nAND    r.datum=rp.datum\nAND    rp.ean=p.ean\nAND    p.kategorie='Audio')\nINTERSECT\n(SELECT k.kundenr, k.name\nFROM   kunde k, rechnung r, rechnungpos rp, produkt p\nWHERE  k.kundenr=r.kundenr\nAND    r.rechnungnr=rp.rechnungnr\nAND    r.datum=rp.datum\nAND    rp.ean=p.ean\nAND    p.kategorie='Sonstiges')\nEXCEPT\n(SELECT k.kundenr, k.name\nFROM   kunde k, rechnung r, rechnungpos rp, produkt p\nWHERE  k.kundenr=r.kundenr\nAND    r.rechnungnr=rp.rechnungnr\nAND    r.datum=rp.datum\nAND    rp.ean=p.ean\nAND    p.kategorie='Pflege')
29	2	1	SELECT \n\tAVG(ANZAHL)\n\tFROM\n\t(\n\t\tSELECT \n\t\t\tCOUNT (*) AS ANZAHL\n\t\tFROM \n\t\t\thuman p, parent par \n\t\tWHERE \n\t\t\tParentName = name AND gender = 'f' \n\t\tGROUP BY name\n\t) as subquery
31	2	1	SELECT \n\tp.ChildName As Name \nFROM \n\tparent p, parent geschwister \nWHERE \n\tp.ParentName = geschwister.ParentName \nGROUP BY \n\tp.ChildName \nHAVING COUNT (distinct geschwister.ChildName) >\n\t(\n\t\tSELECT AVG(count)\n\t\tFROM\n\t\t(\n\t\t\tSELECT \n\t\t\t\tCOUNT(distinct g.ChildName)\n\t\t\tFROM parent p2, parent g \n\t\t\tWHERE p2.ParentName = g.ParentName \n\t\t\tGROUP BY p2.ChildName\n\t\t) as subquery\n\t);\n
39	2	1	select w.wohnnr, w.gross, count(*) Anzahlmietverh, avg(m.preis/w.gross) D_Miete, max(m.preis/w.gross) Hoechstmiete\nfrom   wohnung w, mietet m\nwhere  w.wohnnr=m.wohnnr\ngroup by w.wohnnr, w.gross\nhaving max(m.preis/w.gross) > \n          (\n\t\t\t  select avg(max)\n\t\t\t  from\n\t\t\t  (\n\t\t\t  \t \tselect (max(m1.preis/w1.gross))\n\t\t\t\t   from   wohnung w1, mietet m1\n\t\t\t\t   where  w1.wohnnr=m1.wohnnr\n\t\t\t\t   group by w1.wohnnr\n\t\t\t  ) as subquery\n\t\t   )\norder by w.wohnnr
96	2	1	SELECT DISTINCT p.persnr, p.name FROM person p, wohnung w, mietet m WHERE  p.persnr=w.eigentuemer AND w.wohnnr=m.wohnnr AND m.bis=TO_DATE('31-12-1999','dd-mm-yyyy') AND p.stand='ledig' AND m.preis/w.gross > 7 ORDER BY p.persnr
97	2	1	SELECT w.wohnnr, w.eigentuemer AS v_persnr, p1.name as v_name, m.mieternr AS m_persnr, p2.name as m_name FROM   wohnung w, person p1, person p2, mietet m WHERE  w.wohnnr=m.wohnnr AND w.eigentuemer=p1.persnr AND m.mieternr=p2.persnr AND w.bezirk=1 AND m.bis=TO_DATE('31-12-1999','dd-mm-yyyy') ORDER BY w.wohnnr
98	2	1	SELECT DISTINCT w.wohnnr, w.bezirk FROM wohnung w, mietet m WHERE w.wohnnr=m.wohnnr AND w.wohnnr NOT IN (SELECT m2.wohnnr FROM mietet m2 WHERE  m2.bis=TO_DATE('31-12-1999','dd-mm-yyyy')) ORDER BY w.bezirk, w.wohnnr
104	2	1	SELECT AVG(count)AS AVG_Anzahl\nFROM\n(\n\tSELECT COUNT(*)  FROM   konto k GROUP BY k.inhname, k.gebdat\n) as subquery\n
108	2	1	select i1.name, i1.gebdat, i1.adresse, count(*) anzahl, sum(betrag) sum_betrag\nfrom   inhaber i1, konto k1, buchung b1\nwhere  i1.name = k1.inhname and i1.gebdat = k1.gebdat\nand    k1.kontonr = b1.aufkonto\ngroup by i1.name, i1.gebdat, i1.adresse\nhaving count(*) >\n       (select avg(count)\n\t\tfrom\n\t\t\t(\n\t\t\tSelect count(*)\n\t\t\tfrom   konto k2, buchung b2\n\t\t\twhere  k2.kontonr = b2.aufkonto\n\t\t\tgroup by k2.inhname, k2.gebdat\n\t\t\t) as subquery\n\t\t)\n
153	2	1	SELECT   AVG(count) AS avgsupervised\nFROM\n(\n\tselect count(*)\n\tFROM     staff s1, staff s2\n\tWHERE    s1.snum = s2.supervisor \n\tGROUP BY s1.snum\n) as subquery\n
13171	4	3	select buchngnr, betrag\nfrom buchung\nwhere vonkonto in\n  (select kontonr\n   from konto\n   where (current_date - interval '360 months')<gebdat)\nor aufkonto in \n  (select kontonr\n   from konto\n   where (current_date - interval '360 months')<gebdat)\norder by betrag desc;\n
13868	2	1	Select rp.rechnungnr, rp.datum, sum((rp.einzelpreis-p.ekpreis)*rp.menge) RG\nfrom rechnungpos rp, produkt p\nwhere p.ean=rp.ean\ngroup by rp.rechnungnr, rp.datum\nhaving sum((rp.einzelpreis-p.ekpreis)*rp.menge)\n       > (select avg(sum)\n\t\t  from\n\t\t  \t(\n\t\t  \t  select sum((rp2.einzelpreis-p2.ekpreis)*rp2.menge)\n\t\t\t  from rechnungpos rp2, produkt p2\n\t\t\t  where rp2.ean=p2.ean\n\t\t\t  group by rp2.rechnungnr, rp2.datum\n\t\t  \t)as subquery\n\t\t  )\n
13877	14	13	select distinct k.gebiet\nfrom kunde k, auftragskopf ak, auftragszeile az\nwhere k.nr = ak.kunde AND\n      ak.nr = az.nr\ngroup by k.gebiet\nhaving sum(az.vkpreis * az.menge) = \n\t(\n  \tselect max(sum)\n\tfrom\n\t\t(\n\t\t\tselect sum(az2.vkpreis * az2.menge)\n\t\t\t  from kunde k2, auftragskopf ak2, auftragszeile az2\n\t\t\t  where k2.nr = ak2.kunde AND\n        \t\tak2.nr = az2.nr\n\t\t\tgroup by k2.gebiet\n\t\t)as subquery\n\t);\n
10012	1	1	select pu.prodno, t.m as month, SUM(pu.qty*pu.price) as value,\nSUM(SUM(pu.qty*pu.price)) OVER \n(PARTITION BY pu.prodno ORDER BY t.m ROWS UNBOUNDED PRECEDING) cumvalue\nfrom   purchase pu, time t\nwhere  pu.dayno=t.dayno\ngroup by pu.prodno, t.m;
13175	4	3	select i.name, i.gebdat, i.adresse, count(*)anzahl\nfrom inhaber i, konto k\nwhere i.name=k.inhname and i.gebdat=k.gebdat\ngroup by i.name, i.gebdat, i.adresse\nhaving count(*) >\n  (select avg(count)\n   from\n   (select count(*)\n   from konto\n   group by inhname, gebdat\n   )as subquery\n   );
13783	6	5	select e.entlngnr, e.von, be.name, bu.titel\nfrom entlehng e, benutzer be, buch bu\nwhere (e.buch = bu.buchnr) and (e.benutzer = be.bennr) and\n      (e.bis = '01-01-1999') and ((e.von + 100) < current_date)\norder by be.name;
34	2	1	select distinct p.persnr, p.name, p.beruf\nfrom   person p, mietet m, wohnung w\nwhere  p.persnr=m.mieternr\nand    m.wohnnr=w.wohnnr\nand    m.bis=TO_DATE('31-12-1999','DD-MM-YYYY') and    m.preis <= 1100\nand    w.bezirk=4\norder by p.name
36	2	1	select count(*) Anzahl, sum(m.preis) Gesamtsumme, avg(m.preis/w.gross) Durchschnittsmiete\nfrom   mietet m, wohnung w\nwhere  m.wohnnr=w.wohnnr\nand    m.bis=TO_DATE('31-12-1999','DD-MM-YYYY');
40	2	1	select distinct w.bezirk\nfrom   wohnung w\nwhere  not exists\n       (select * \n        from   wohnung w1\n        where  w1.bezirk=w.bezirk\n        and    not exists\n               (select *\n                from   mietet m\n                where  m.bis=TO_DATE('31-12-1999','DD-MM-YYYY')                and    m.wohnnr=w1.wohnnr))\norder by w.bezirk
41	2	1	select w.bezirk, count(*) Anzahl_Wohnungen\nfrom   wohnung w\nwhere  not exists\n       (select *\n        from   mietet m, wohnung w1\n        where  m.wohnnr=w1.wohnnr\n        and    m.bis=TO_DATE('31-12-1999','DD-MM-YYYY')\n        and    w1.bezirk=w.bezirk)\ngroup by w.bezirk\norder by w.bezirk
52	2	1	SELECT w.wohnnr, w.eigentuemer, p1.name as VName, m.mieternr, p2.name as MName\nFROM   wohnung w, person p1, person p2, mietet m\nWHERE  w.wohnnr=m.wohnnr AND w.eigentuemer=p1.persnr AND m.mieternr=p2.persnr\nAND    w.bezirk=1 AND m.bis=TO_DATE('31-12-1999','DD-MM-YYYY') ORDER BY w.wohnnr\n
53	2	1	SELECT DISTINCT w.wohnnr, w.bezirk FROM   wohnung w, mietet m WHERE  w.wohnnr=m.wohnnr AND    w.wohnnr NOT IN (SELECT m2.wohnnr FROM   mietet m2 WHERE  m2.bis=TO_DATE('31-12-1999','DD-MM-YYYY'))ORDER BY w.bezirk, w.wohnnr
55	2	1	SELECT w.bezirk, SUM(w.gross) FLAECHE\nFROM   wohnung w, mietet m\nWHERE  w.wohnnr=m.wohnnr AND m.bis=TO_DATE('31-12-1999','DD-MM-YYYY') GROUP BY w.bezirk\nHAVING SUM(w.gross)> \n\t(\n\t\tSELECT AVG(sum)\n\t\tFROM\n\t\t(\n\t\t\t SELECT SUM(w1.gross)\n             FROM   wohnung w1, mietet m1\n            WHERE  w1.wohnnr=m1.wohnnr AND m1.bis=TO_DATE('31-12-1999','DD-MM-YYYY')                      \n\t\t\tGROUP BY w1.bezirk\n\t\t) as subquery\t\t\t\n)
56	2	1	SELECT w.wohnnr, w.bezirk, w.gross, (m.preis/w.gross) qm_miete, d.d_miete \nFROM   wohnung w, mietet m,\n       (SELECT w1.bezirk, AVG(m1.preis/w1.gross) d_miete\n        FROM   wohnung w1, mietet m1\n        WHERE  w1.wohnnr=m1.wohnnr AND m1.bis=TO_DATE('31-12-1999','DD-MM-YYYY')\n        GROUP BY w1.bezirk) d\nWHERE  w.wohnnr=m.wohnnr AND m.bis=TO_DATE('31-12-1999','DD-MM-YYYY') AND    w.bezirk=d.bezirk\n
59	2	1	SELECT bezirk, SUM(erloes) as MIETEINNAHMEN \nFROM \n\t(\n\t\t(\n\t\t\tSELECT w.bezirk, SUM(ROUND(extract(year from (age(m.bis, m.von)))*12 + extract(month from (age(m.bis, m.von))))*m.preis) erloes\n\t\t\tFROM   wohnung w, mietet m\n\t\t\tWHERE  w.wohnnr=m.wohnnr\n\t\t\tAND    m.bis <> TO_DATE('31-12-1999','DD-MM-YYYY')\n\t\t\tGROUP BY w.bezirk\n\t\t) \n\t\tUNION\n\t\t(\n\t\t\tSELECT w.bezirk, SUM(ROUND( extract(year from (age(current_date, m.von)))*12+ extract(month from (age(current_date, m.von))))*m.preis) erloes\n\t\t\tFROM   wohnung w, mietet m\n\t\t\tWHERE  w.wohnnr=m.wohnnr\n\t\t\tAND    m.bis = TO_DATE('31-12-1999','DD-MM-YYYY')\n\t\t\tGROUP BY w.bezirk\n\t\t)\n\t)as subquery\nGROUP BY bezirk\nHAVING SUM(erloes)=\n\t\t(\n\t\t\tSELECT MAX(sum)\n\t\t\tFROM \n\t\t\t(\n\t\t\tSELECT SUM(erloes) \n            FROM \n\t\t\t\t(\n\t\t\t\t\t(\n\t\t\t\t\t\t\tSELECT w.bezirk, SUM(ROUND( extract(year from (age(m.bis, m.von)))*12+ extract(month from (age(m.bis, m.von))))*m.preis) erloes\n                           FROM   wohnung w, mietet m\n                           WHERE  w.wohnnr=m.wohnnr\n                           AND    m.bis <> TO_DATE('31-12-1999','DD-MM-YYYY')\n                           GROUP BY w.bezirk\n\t\t\t\t\t)\n                          UNION\n                          (\n\t\t\t\t\t\t\t  SELECT w.bezirk, SUM(ROUND(extract(year from (age(current_date, m.von)))*12+extract(month from (age(current_date, m.von))))*m.preis) erloes\n\t\t\t\t\t\t\t   FROM   wohnung w, mietet m\n\t\t\t\t\t\t\t   WHERE  w.wohnnr=m.wohnnr\n\t\t\t\t\t\t\t  AND    m.bis = TO_DATE('31-12-1999','DD-MM-YYYY')\n\t\t\t\t\t\t\t   GROUP BY w.bezirk\n\t\t\t\t\t\t\t)\n\t\t\t\t\t) as subquery\n\t\t\t\tGROUP BY bezirk\n\t\t\t\t) as subquery2\n\t\t) \n
13899	15	15	select s.*\nfrom stock_exchange s\nwhere (select sum(share_price * share_cnt) \n              from listed_at \n              where stock_exchange_code = s.code \n                and date_valid = to_date('2015-12-04', 'yyyy-mm-dd')) >\n      (select avg(sum)\n\t   from\n\t   (\n\t   select sum(share_price * share_cnt)\n              from listed_at \n              where date_valid = to_date('2015-12-04', 'yyyy-mm-dd')\n              group by stock_exchange_code\n\t  \t)as subquery \n\t   );
\.

COPY public.connectionmapping(database, schema, connection) from stdin;
begin	public	1
stock_exchange	public	15
wohnungen	public	7
pruefungen	public	11
auftraege	public	13
\.

--
-- Name: connections CONNECTIONS_PK; Type: CONSTRAINT; Schema: public; Owner: postgres
--

ALTER TABLE ONLY public.connections
    ADD CONSTRAINT "CONNECTIONS_PK" PRIMARY KEY (id);


--
-- Name: exercises EXERCISES_PK; Type: CONSTRAINT; Schema: public; Owner: postgres
--

ALTER TABLE ONLY public.exercises
    ADD CONSTRAINT "EXERCISES_PK" PRIMARY KEY (id);


ALTER TABLE ONLY public.connectionmapping
    ADD CONSTRAINT "CONNECTIONMAPPING_PK" PRIMARY KEY(database, schema);
--
-- Name: exercises EXERCISES_FK1; Type: FK CONSTRAINT; Schema: public; Owner: postgres
--

ALTER TABLE ONLY public.exercises
    ADD CONSTRAINT "EXERCISES_FK1" FOREIGN KEY (practise_db) REFERENCES public.connections(id);


ALTER TABLE ONLY public.connectionmapping
    ADD CONSTRAINT "CONNECTIONMAPPING_FK1" FOREIGN KEY(connection) REFERENCES public.connections(id);
--
-- Name: exercises EXERCISES_FK2; Type: FK CONSTRAINT; Schema: public; Owner: postgres
--

ALTER TABLE ONLY public.exercises
    ADD CONSTRAINT "EXERCISES_FK2" FOREIGN KEY (submission_db) REFERENCES public.connections(id);


--
-- Name: TABLE connections; Type: ACL; Schema: public; Owner: postgres
--

GRANT SELECT ON TABLE public.connections TO sql;


--
-- Name: TABLE exercises; Type: ACL; Schema: public; Owner: postgres
--

GRANT SELECT ON TABLE public.exercises TO sql;

--
-- Name: DEFAULT PRIVILEGES FOR TABLES; Type: DEFAULT ACL; Schema: public; Owner: postgres
--

ALTER DEFAULT PRIVILEGES FOR ROLE postgres IN SCHEMA public REVOKE ALL ON TABLES  FROM postgres;
ALTER DEFAULT PRIVILEGES FOR ROLE postgres IN SCHEMA public GRANT SELECT ON TABLES  TO sql;


--
-- PostgreSQL database dump complete
--

--
-- Database "sql_stock_exchange" dump
--

--
-- PostgreSQL database dump
--

-- Dumped from database version 13.2
-- Dumped by pg_dump version 13.2

SET statement_timeout = 0;
SET lock_timeout = 0;
SET idle_in_transaction_session_timeout = 0;
SET client_encoding = 'UTF8';
SET standard_conforming_strings = on;
SELECT pg_catalog.set_config('search_path', '', false);
SET check_function_bodies = false;
SET xmloption = content;
SET client_min_messages = warning;
SET row_security = off;

--
-- Name: sql_stock_exchange; Type: DATABASE; Schema: -; Owner: etutor
--

CREATE DATABASE sql_stock_exchange WITH TEMPLATE = template0 ENCODING = 'UTF8';


ALTER DATABASE sql_stock_exchange OWNER TO etutor;

\connect sql_stock_exchange

SET statement_timeout = 0;
SET lock_timeout = 0;
SET idle_in_transaction_session_timeout = 0;
SET client_encoding = 'UTF8';
SET standard_conforming_strings = on;
SELECT pg_catalog.set_config('search_path', '', false);
SET check_function_bodies = false;
SET xmloption = content;
SET client_min_messages = warning;
SET row_security = off;

SET default_tablespace = '';


--
-- Name: based_in; Type: TABLE; Schema: public; Owner: postgres
--

CREATE TABLE public.based_in (
    company_id integer NOT NULL,
    country_code character varying(3) NOT NULL
);


ALTER TABLE public.based_in OWNER TO postgres;

--
-- Name: company; Type: TABLE; Schema: public; Owner: postgres
--

CREATE TABLE public.company (
    id integer NOT NULL,
    name character varying(64),
    year_established integer
);


ALTER TABLE public.company OWNER TO postgres;

--
-- Name: country; Type: TABLE; Schema: public; Owner: postgres
--

CREATE TABLE public.country (
    code character varying(3) NOT NULL,
    name character varying(64)
);


ALTER TABLE public.country OWNER TO postgres;

--
-- Name: listed_at; Type: TABLE; Schema: public; Owner: postgres
--

CREATE TABLE public.listed_at (
    company_id integer,
    stock_exchange_code character varying(10),
    date_valid date,
    share_price numeric(10,2),
    share_cnt integer
);


ALTER TABLE public.listed_at OWNER TO postgres;

--
-- Name: stock_exchange; Type: TABLE; Schema: public; Owner: postgres
--

CREATE TABLE public.stock_exchange (
    code character varying(10) NOT NULL,
    name character varying(64),
    country_code character varying(3)
);


ALTER TABLE public.stock_exchange OWNER TO postgres;

--
-- Data for Name: based_in; Type: TABLE DATA; Schema: public; Owner: postgres
--

COPY public.based_in (company_id, country_code) FROM stdin;
3	AUT
3	CH
1	COL
1	GER
2	GER
3	GER
3	MEX
1	NL
1	USA
3	USA
4	USA
\.


--
-- Data for Name: company; Type: TABLE DATA; Schema: public; Owner: postgres
--

COPY public.company (id, name, year_established) FROM stdin;
1	Bayer AG	1863
2	Fraport AG	1947
3	Oracle Corporation	1977
4	Facebook	2004
\.


--
-- Data for Name: country; Type: TABLE DATA; Schema: public; Owner: postgres
--

COPY public.country (code, name) FROM stdin;
AUT	Austria
CAN	Canada
CH	Swiss
COL	Columbia
FR	France
GER	Deutschland
HU	Ungary
ITA	Italia
MEX	Mexico
NL	Netherland
USA	United states of America
\.


--
-- Data for Name: listed_at; Type: TABLE DATA; Schema: public; Owner: postgres
--

COPY public.listed_at (company_id, stock_exchange_code, date_valid, share_price, share_cnt) FROM stdin;
1	BRX	2015-08-04	80.20	500
1	BRX	2015-12-04	90.00	400
1	BRX	2016-08-04	100.04	1000
1	FSE	2015-08-04	94.02	2000
1	FSE	2015-12-05	90.51	0
1	FSE	2016-08-04	94.02	2000
1	L&S	2015-08-04	120.00	2500
1	L&S	2015-12-04	110.00	2500
1	L&S	2016-08-04	93.60	2500
1	STU	2015-08-04	93.61	1520
1	STU	2015-12-04	93.61	1500
1	STU	2016-08-04	93.61	1500
1	XETRA	2015-08-04	94.00	2500
1	XETRA	2015-12-04	94.30	2700
1	XETRA	2016-08-04	94.25	2600
2	BRX	2015-12-04	46.50	855
2	BRX	2016-08-04	58.63	800
2	BRX	2016-08-05	60.21	900
2	L&S	2015-08-04	47.95	1200
2	L&S	2016-08-04	48.20	1000
2	L&S	2016-08-05	48.25	1000
3	BRX	2015-12-04	39.08	1200
3	BRX	2016-08-04	36.77	250
3	FSE	2016-08-04	36.59	1800
3	MXK	2016-08-04	775.00	100
3	NYSE	2016-08-04	40.90	1426
3	STU	2016-08-04	36.45	2000
3	XETRA	2016-08-04	36.80	455
4	L&S	2016-08-04	112.01	500
4	MXK	2015-08-04	2315.50	200
4	MXK	2015-12-04	2000.00	250
4	NASDAQ	2016-08-04	124.36	1500
4	STU	2016-08-04	112.17	1500
\.


--
-- Data for Name: stock_exchange; Type: TABLE DATA; Schema: public; Owner: postgres
--

COPY public.stock_exchange (code, name, country_code) FROM stdin;
BRX	BX Swiss	CH
FSE	Frankfurter Brse	GER
L&S	Lang & Schwarz	AUT
MXK	Mexico Stock Exchange	MEX
NASDAQ	NASDAQ Stock Market	USA
NYSE	New York Stock Exchange	USA
STU	Stuttgarter Brse	GER
XETRA	XETRA	GER
\.


--
-- Name: based_in based_in_pkey; Type: CONSTRAINT; Schema: public; Owner: postgres
--

ALTER TABLE ONLY public.based_in
    ADD CONSTRAINT based_in_pkey PRIMARY KEY (company_id, country_code);


--
-- Name: company company_pkey; Type: CONSTRAINT; Schema: public; Owner: postgres
--

ALTER TABLE ONLY public.company
    ADD CONSTRAINT company_pkey PRIMARY KEY (id);


--
-- Name: country country_pkey; Type: CONSTRAINT; Schema: public; Owner: postgres
--

ALTER TABLE ONLY public.country
    ADD CONSTRAINT country_pkey PRIMARY KEY (code);


--
-- Name: stock_exchange stock_exchange_pkey; Type: CONSTRAINT; Schema: public; Owner: postgres
--

ALTER TABLE ONLY public.stock_exchange
    ADD CONSTRAINT stock_exchange_pkey PRIMARY KEY (code);


--
-- Name: based_in based_in_company_id_fkey; Type: FK CONSTRAINT; Schema: public; Owner: postgres
--

ALTER TABLE ONLY public.based_in
    ADD CONSTRAINT based_in_company_id_fkey FOREIGN KEY (company_id) REFERENCES public.company(id);


--
-- Name: based_in based_in_country_code_fkey; Type: FK CONSTRAINT; Schema: public; Owner: postgres
--

ALTER TABLE ONLY public.based_in
    ADD CONSTRAINT based_in_country_code_fkey FOREIGN KEY (country_code) REFERENCES public.country(code);


--
-- Name: listed_at listed_at_company_id_fkey; Type: FK CONSTRAINT; Schema: public; Owner: postgres
--

ALTER TABLE ONLY public.listed_at
    ADD CONSTRAINT listed_at_company_id_fkey FOREIGN KEY (company_id) REFERENCES public.company(id);


--
-- Name: listed_at listed_at_stock_exchange_code_fkey; Type: FK CONSTRAINT; Schema: public; Owner: postgres
--

ALTER TABLE ONLY public.listed_at
    ADD CONSTRAINT listed_at_stock_exchange_code_fkey FOREIGN KEY (stock_exchange_code) REFERENCES public.stock_exchange(code);


--
-- Name: stock_exchange stock_exchange_country_code_fkey; Type: FK CONSTRAINT; Schema: public; Owner: postgres
--

ALTER TABLE ONLY public.stock_exchange
    ADD CONSTRAINT stock_exchange_country_code_fkey FOREIGN KEY (country_code) REFERENCES public.country(code);


--
-- Name: TABLE based_in; Type: ACL; Schema: public; Owner: postgres
--

GRANT SELECT ON TABLE public.based_in TO sql;


--
-- Name: TABLE company; Type: ACL; Schema: public; Owner: postgres
--

GRANT SELECT ON TABLE public.company TO sql;


--
-- Name: TABLE country; Type: ACL; Schema: public; Owner: postgres
--

GRANT SELECT ON TABLE public.country TO sql;


--
-- Name: TABLE listed_at; Type: ACL; Schema: public; Owner: postgres
--

GRANT SELECT ON TABLE public.listed_at TO sql;


--
-- Name: TABLE stock_exchange; Type: ACL; Schema: public; Owner: postgres
--

GRANT SELECT ON TABLE public.stock_exchange TO sql;


--
-- Name: DEFAULT PRIVILEGES FOR TABLES; Type: DEFAULT ACL; Schema: public; Owner: postgres
--

ALTER DEFAULT PRIVILEGES FOR ROLE postgres IN SCHEMA public REVOKE ALL ON TABLES  FROM postgres;
ALTER DEFAULT PRIVILEGES FOR ROLE postgres IN SCHEMA public GRANT SELECT ON TABLES  TO sql;


--
-- PostgreSQL database dump complete
--

--
-- Database "sql_submission_auftraege" dump
--

--
-- PostgreSQL database dump
--

-- Dumped from database version 13.2
-- Dumped by pg_dump version 13.2

SET statement_timeout = 0;
SET lock_timeout = 0;
SET idle_in_transaction_session_timeout = 0;
SET client_encoding = 'UTF8';
SET standard_conforming_strings = on;
SELECT pg_catalog.set_config('search_path', '', false);
SET check_function_bodies = false;
SET xmloption = content;
SET client_min_messages = warning;
SET row_security = off;

--
-- Name: sql_submission_auftraege; Type: DATABASE; Schema: -; Owner: postgres
--

CREATE DATABASE sql_submission_auftraege WITH TEMPLATE = template0 ENCODING = 'UTF8';


ALTER DATABASE sql_submission_auftraege OWNER TO postgres;

\connect sql_submission_auftraege

SET statement_timeout = 0;
SET lock_timeout = 0;
SET idle_in_transaction_session_timeout = 0;
SET client_encoding = 'UTF8';
SET standard_conforming_strings = on;
SELECT pg_catalog.set_config('search_path', '', false);
SET check_function_bodies = false;
SET xmloption = content;
SET client_min_messages = warning;
SET row_security = off;

SET default_tablespace = '';


--
-- Name: artikel; Type: TABLE; Schema: public; Owner: postgres
--

CREATE TABLE public.artikel (
    ean character varying(15),
    bezeichnung character varying(20),
    kategorie character varying(10),
    ekpreis numeric
);


ALTER TABLE public.artikel OWNER TO postgres;

--
-- Name: auftragskopf; Type: TABLE; Schema: public; Owner: postgres
--

CREATE TABLE public.auftragskopf (
    nr numeric,
    kunde numeric,
    vertreter character varying(3),
    lieferdatum date
);


ALTER TABLE public.auftragskopf OWNER TO postgres;

--
-- Name: auftragszeile; Type: TABLE; Schema: public; Owner: postgres
--

CREATE TABLE public.auftragszeile (
    nr numeric,
    posnr numeric,
    artikel character varying(15),
    vkpreis numeric,
    menge numeric
);


ALTER TABLE public.auftragszeile OWNER TO postgres;

--
-- Name: kunde; Type: TABLE; Schema: public; Owner: postgres
--

CREATE TABLE public.kunde (
    nr numeric,
    name character varying(15),
    gebiet character varying(5)
);


ALTER TABLE public.kunde OWNER TO postgres;

--
-- Name: vertreter; Type: TABLE; Schema: public; Owner: postgres
--

CREATE TABLE public.vertreter (
    kurzzeichen character varying(3),
    name character varying(20),
    provision numeric
);


ALTER TABLE public.vertreter OWNER TO postgres;

--
-- Data for Name: artikel; Type: TABLE DATA; Schema: public; Owner: postgres
--

COPY public.artikel (ean, bezeichnung, kategorie, ekpreis) FROM stdin;
0-666-4567-2-22	Autoschampoo	Pflege	35
0-777-4997-2-43	Glanzpolitur	Pflege	70
0-456-4887-3-22	Kaltwachs	Pflege	90
0-55-48567-16-2	Armaturenreiniger	Pflege	115
1-626-7767-2-99	Scheibenwischer	Ersatz	390
1-256-7700-2-00	Sportlenkrad	Ersatz	1300
1-333-7788-2-31	Gaspedal	Ersatz	800
2-446-7240-9-15	Rennsitz	Ersatz	18900
9-396-7510-9-00	Chromfelge	Ersatz	9000
3-211-1000-2-00	Sonnenschutz	Ersatz	160
7-2881-760-3-70	Schraubantenne	Audio	965
5-2671-955-5-55	Autoradio	Audio	5555
1-4444-652-8-88	CD-Wechsler	Audio	2345
3-1111-654-3-99	Lautsprecher	Audio	999
6-581-1766-3-45	Telefonhalter	Sonstiges	130
6-231-4777-3-15	Lenkradueberzug	Sonstiges	125
4-1161-730-3-88	Warndreieck	Sonstiges	350
0-4381-880-7-00	Verbandskasten	Sonstiges	965
5-6661-000-0-00	Abschleppseil	Sonstiges	225
\.


--
-- Data for Name: auftragskopf; Type: TABLE DATA; Schema: public; Owner: postgres
--

COPY public.auftragskopf (nr, kunde, vertreter, lieferdatum) FROM stdin;
1	11111	SL	1999-08-11
2	15882	SL	1999-09-12
3	24537	IL	1999-08-15
4	78436	GP	1999-09-10
5	95543	GP	1999-08-11
6	13451	GP	1999-09-20
7	11111	GP	1999-10-30
\.


--
-- Data for Name: auftragszeile; Type: TABLE DATA; Schema: public; Owner: postgres
--

COPY public.auftragszeile (nr, posnr, artikel, vkpreis, menge) FROM stdin;
1	1	0-666-4567-2-22	58.9	5
2	1	0-456-4887-3-22	229.9	1
2	2	2-446-7240-9-15	22500	1
3	1	5-2671-955-5-55	7000	1
4	1	6-581-1766-3-45	200	3
5	1	9-396-7510-9-00	12000	1
5	2	1-4444-652-8-88	4500	1
6	1	0-777-4997-2-43	125	3
1	1	4-1161-730-3-88	500	2
2	1	5-2671-955-5-55	6800	1
3	1	9-396-7510-9-00	12900	1
3	2	3-1111-654-3-99	1600	2
1	1	5-6661-000-0-00	530	3
1	2	7-2881-760-3-70	1300	1
1	3	0-4381-880-7-00	1350	1
2	1	0-55-48567-16-2	330	2
1	1	5-6661-000-0-00	500	3
2	1	6-231-4777-3-15	525	3
2	2	5-6661-000-0-00	490	5
2	3	9-396-7510-9-00	14000	1
1	1	3-1111-654-3-99	1300	2
2	1	1-256-7700-2-00	2200	1
3	1	5-6661-000-0-00	380	2
4	1	0-4381-880-7-00	1100	1
5	1	4-1161-730-3-88	510	3
6	1	5-6661-000-0-00	500	2
1	1	6-581-1766-3-45	150	1
2	1	5-2671-955-5-55	6900	1
3	1	6-231-4777-3-15	500	2
1	1	0-55-48567-16-2	390	5
2	1	5-6661-000-0-00	450	1
\.


--
-- Data for Name: kunde; Type: TABLE DATA; Schema: public; Owner: postgres
--

COPY public.kunde (nr, name, gebiet) FROM stdin;
11111	Roller	OST
15882	Schieber	OST
78436	Flitzer	OST
98077	Sauser	OST
24537	Raser	WEST
13451	Stuerzer	WEST
22221	Bremser	WEST
99332	Kuppler	WEST
67891	Schleifer	WEST
95543	Kurver	NORD
55789	Schleuderer	NORD
87654	Unfaller	NORD
77777	Stenzer	NORD
\.


--
-- Data for Name: vertreter; Type: TABLE DATA; Schema: public; Owner: postgres
--

COPY public.vertreter (kurzzeichen, name, provision) FROM stdin;
GP	Ginzlinger-Philip	30
IL	Innaus-Lois	20
SL	Samsonig-Leopold	10
\.


--
-- Name: TABLE artikel; Type: ACL; Schema: public; Owner: postgres
--

GRANT SELECT ON TABLE public.artikel TO sql;


--
-- Name: TABLE auftragskopf; Type: ACL; Schema: public; Owner: postgres
--

GRANT SELECT ON TABLE public.auftragskopf TO sql;


--
-- Name: TABLE auftragszeile; Type: ACL; Schema: public; Owner: postgres
--

GRANT SELECT ON TABLE public.auftragszeile TO sql;


--
-- Name: TABLE kunde; Type: ACL; Schema: public; Owner: postgres
--

GRANT SELECT ON TABLE public.kunde TO sql;


--
-- Name: TABLE vertreter; Type: ACL; Schema: public; Owner: postgres
--

GRANT SELECT ON TABLE public.vertreter TO sql;


--
-- Name: DEFAULT PRIVILEGES FOR TABLES; Type: DEFAULT ACL; Schema: public; Owner: postgres
--

ALTER DEFAULT PRIVILEGES FOR ROLE postgres IN SCHEMA public REVOKE ALL ON TABLES  FROM postgres;
ALTER DEFAULT PRIVILEGES FOR ROLE postgres IN SCHEMA public GRANT SELECT ON TABLES  TO sql;


--
-- PostgreSQL database dump complete
--

--
-- Database "sql_submission_begin" dump
--

--
-- PostgreSQL database dump
--

-- Dumped from database version 13.2
-- Dumped by pg_dump version 13.2

SET statement_timeout = 0;
SET lock_timeout = 0;
SET idle_in_transaction_session_timeout = 0;
SET client_encoding = 'UTF8';
SET standard_conforming_strings = on;
SELECT pg_catalog.set_config('search_path', '', false);
SET check_function_bodies = false;
SET xmloption = content;
SET client_min_messages = warning;
SET row_security = off;

--
-- Name: sql_submission_begin; Type: DATABASE; Schema: -; Owner: postgres
--

CREATE DATABASE sql_submission_begin WITH TEMPLATE = template0 ENCODING = 'UTF8';


ALTER DATABASE sql_submission_begin OWNER TO postgres;

\connect sql_submission_begin

SET statement_timeout = 0;
SET lock_timeout = 0;
SET idle_in_transaction_session_timeout = 0;
SET client_encoding = 'UTF8';
SET standard_conforming_strings = on;
SELECT pg_catalog.set_config('search_path', '', false);
SET check_function_bodies = false;
SET xmloption = content;
SET client_min_messages = warning;
SET row_security = off;

SET default_tablespace = '';


--
-- Name: aenderungs_protokoll; Type: TABLE; Schema: public; Owner: postgres
--

CREATE TABLE public.aenderungs_protokoll (
    filnr integer,
    ean character(15),
    vkpreis numeric(7,2),
    preisred numeric(7,2),
    bestand numeric(3,0),
    zeit date
);


ALTER TABLE public.aenderungs_protokoll OWNER TO postgres;

--
-- Name: artist; Type: TABLE; Schema: public; Owner: postgres
--

CREATE TABLE public.artist (
    name character varying(50) NOT NULL,
    nationality character varying(10)
);


ALTER TABLE public.artist OWNER TO postgres;

--
-- Name: bauprodukt; Type: TABLE; Schema: public; Owner: postgres
--

CREATE TABLE public.bauprodukt (
    prod_nr numeric(4,0) NOT NULL,
    bezeichnung character varying(50) NOT NULL
);


ALTER TABLE public.bauprodukt OWNER TO postgres;

--
-- Name: belegung; Type: TABLE; Schema: public; Owner: postgres
--

CREATE TABLE public.belegung (
    matrikelnr character varying(7) NOT NULL,
    kursnr numeric(2,0) NOT NULL,
    note numeric(1,0)
);


ALTER TABLE public.belegung OWNER TO postgres;

--
-- Name: benutzer; Type: TABLE; Schema: public; Owner: postgres
--

CREATE TABLE public.benutzer (
    bennr numeric NOT NULL,
    name character varying(20),
    gebdat date,
    adresse character varying(20)
);


ALTER TABLE public.benutzer OWNER TO postgres;

--
-- Name: bestellposition; Type: TABLE; Schema: public; Owner: postgres
--

CREATE TABLE public.bestellposition (
    bestell_nr numeric(10,0) NOT NULL,
    pos_nr numeric(4,0) NOT NULL,
    prod_nr numeric(4,0) NOT NULL,
    menge numeric(4,0) NOT NULL
);


ALTER TABLE public.bestellposition OWNER TO postgres;

--
-- Name: bestellung; Type: TABLE; Schema: public; Owner: postgres
--

CREATE TABLE public.bestellung (
    bestell_nr numeric(10,0) NOT NULL,
    datum date NOT NULL,
    anschrift character varying(100) NOT NULL
);


ALTER TABLE public.bestellung OWNER TO postgres;

--
-- Name: book; Type: TABLE; Schema: public; Owner: postgres
--

CREATE TABLE public.book (
    bookid numeric(4,0) NOT NULL,
    title character varying(30),
    author character varying(20)
);


ALTER TABLE public.book OWNER TO postgres;

--
-- Name: bookcopies; Type: TABLE; Schema: public; Owner: postgres
--

CREATE TABLE public.bookcopies (
    bookid numeric(4,0) NOT NULL,
    branchid numeric(4,0) NOT NULL,
    ncopies numeric(4,0)
);


ALTER TABLE public.bookcopies OWNER TO postgres;

--
-- Name: booking; Type: TABLE; Schema: public; Owner: postgres
--

CREATE TABLE public.booking (
    hno character(4) NOT NULL,
    gno character(4) NOT NULL,
    datefrom date NOT NULL,
    dateto date,
    rno character(4)
);


ALTER TABLE public.booking OWNER TO postgres;

--
-- Name: bookloan; Type: TABLE; Schema: public; Owner: postgres
--

CREATE TABLE public.bookloan (
    bookid numeric(4,0) NOT NULL,
    branchid numeric(4,0) NOT NULL,
    cardno numeric(4,0) NOT NULL,
    dateout date,
    duedate date
);


ALTER TABLE public.bookloan OWNER TO postgres;

--
-- Name: borrower; Type: TABLE; Schema: public; Owner: postgres
--

CREATE TABLE public.borrower (
    cardno numeric(4,0) NOT NULL,
    name character varying(20),
    sex character varying(1),
    address character varying(30),
    borrowerbranch numeric(4,0)
);


ALTER TABLE public.borrower OWNER TO postgres;

--
-- Name: branch; Type: TABLE; Schema: public; Owner: postgres
--

CREATE TABLE public.branch (
    branchid numeric(4,0) NOT NULL,
    branchname character varying(30),
    branchaddress character varying(30)
);


ALTER TABLE public.branch OWNER TO postgres;

--
-- Name: buch; Type: TABLE; Schema: public; Owner: postgres
--

CREATE TABLE public.buch (
    buchnr numeric NOT NULL,
    titel character varying(30),
    autor character varying(20)
);


ALTER TABLE public.buch OWNER TO postgres;

--
-- Name: buchung; Type: TABLE; Schema: public; Owner: postgres
--

CREATE TABLE public.buchung (
    buchngnr numeric,
    vonkonto numeric,
    aufkonto numeric,
    betrag numeric(10,2),
    datum date
);


ALTER TABLE public.buchung OWNER TO postgres;

--
-- Name: city; Type: TABLE; Schema: public; Owner: postgres
--

CREATE TABLE public.city (
    zip character(4) NOT NULL,
    name character varying(30) NOT NULL
);


ALTER TABLE public.city OWNER TO postgres;

--
-- Name: course; Type: TABLE; Schema: public; Owner: postgres
--

CREATE TABLE public.course (
    coursecode numeric(2,0) NOT NULL,
    name character varying(40),
    lecturer character varying(20)
);


ALTER TABLE public.course OWNER TO postgres;

--
-- Name: dept; Type: TABLE; Schema: public; Owner: postgres
--

CREATE TABLE public.dept (
    dnum character(4) NOT NULL,
    dname character varying(20) NOT NULL,
    manager character(4),
    mgrstartdate date
);


ALTER TABLE public.dept OWNER TO postgres;

--
-- Name: deptlocation; Type: TABLE; Schema: public; Owner: postgres
--

CREATE TABLE public.deptlocation (
    dnum character(4) NOT NULL,
    dcity character varying(20) NOT NULL
);


ALTER TABLE public.deptlocation OWNER TO postgres;

--
-- Name: distribute; Type: TABLE; Schema: public; Owner: postgres
--

CREATE TABLE public.distribute (
    recordid numeric NOT NULL,
    media character varying(20) NOT NULL,
    price numeric
);


ALTER TABLE public.distribute OWNER TO postgres;

--
-- Name: enrollment; Type: TABLE; Schema: public; Owner: postgres
--

CREATE TABLE public.enrollment (
    studentid character varying(7) NOT NULL,
    coursecode numeric(2,0) NOT NULL,
    grade numeric(1,0)
);


ALTER TABLE public.enrollment OWNER TO postgres;

--
-- Name: entlehng; Type: TABLE; Schema: public; Owner: postgres
--

CREATE TABLE public.entlehng (
    entlngnr integer NOT NULL,
    buch integer,
    benutzer integer,
    von date,
    bis date
);


ALTER TABLE public.entlehng OWNER TO postgres;

--
-- Name: exit; Type: TABLE; Schema: public; Owner: postgres
--

CREATE TABLE public.exit (
    nodeid character varying(5) NOT NULL,
    exitno character(5) NOT NULL,
    zip character(4) NOT NULL
);


ALTER TABLE public.exit OWNER TO postgres;

--
-- Name: fakultaet; Type: TABLE; Schema: public; Owner: postgres
--

CREATE TABLE public.fakultaet (
    kurzbez character varying(5) NOT NULL,
    bezeichnung character varying(50) NOT NULL
);


ALTER TABLE public.fakultaet OWNER TO postgres;

--
-- Name: filiale; Type: TABLE; Schema: public; Owner: postgres
--

CREATE TABLE public.filiale (
    filnr numeric(3,0) NOT NULL,
    inhname character varying(20) NOT NULL,
    strasse character varying(30) NOT NULL,
    plz numeric(4,0) NOT NULL
);


ALTER TABLE public.filiale OWNER TO postgres;

--
-- Name: genre; Type: TABLE; Schema: public; Owner: postgres
--

CREATE TABLE public.genre (
    genreid numeric NOT NULL,
    name character varying(30),
    anzahl numeric(3,0)
);


ALTER TABLE public.genre OWNER TO postgres;

--
-- Name: gewinne; Type: TABLE; Schema: public; Owner: postgres
--

CREATE TABLE public.gewinne (
    firma character varying(100),
    branche character varying(100),
    bundesland character varying(100),
    jahr numeric(38,0),
    umsatz numeric(10,2)
);


ALTER TABLE public.gewinne OWNER TO postgres;

--
-- Name: guest; Type: TABLE; Schema: public; Owner: postgres
--

CREATE TABLE public.guest (
    gno character(4) NOT NULL,
    name character varying(20) NOT NULL,
    address character varying(50)
);


ALTER TABLE public.guest OWNER TO postgres;

--
-- Name: highway; Type: TABLE; Schema: public; Owner: postgres
--

CREATE TABLE public.highway (
    code character(5) NOT NULL,
    name character varying(30) NOT NULL,
    startnodeid character varying(5) NOT NULL,
    endnodeid character varying(5) NOT NULL,
    CONSTRAINT sys_c003462 CHECK ((NOT ((startnodeid)::text = (endnodeid)::text)))
);


ALTER TABLE public.highway OWNER TO postgres;

--
-- Name: highwayexit; Type: TABLE; Schema: public; Owner: postgres
--

CREATE TABLE public.highwayexit (
    code character(5),
    nodeid character varying(5) NOT NULL,
    atkm numeric(5,2) NOT NULL
);


ALTER TABLE public.highwayexit OWNER TO postgres;

--
-- Name: highwayintersection; Type: TABLE; Schema: public; Owner: postgres
--

CREATE TABLE public.highwayintersection (
    code character(5) NOT NULL,
    nodeid character varying(5) NOT NULL,
    atkm numeric(5,2) NOT NULL
);


ALTER TABLE public.highwayintersection OWNER TO postgres;

--
-- Name: hotel; Type: TABLE; Schema: public; Owner: postgres
--

CREATE TABLE public.hotel (
    hno character(4) NOT NULL,
    name character varying(20) NOT NULL,
    address character varying(50)
);


ALTER TABLE public.hotel OWNER TO postgres;

--
-- Name: human; Type: TABLE; Schema: public; Owner: postgres
--

CREATE TABLE public.human (
    name character varying(50) NOT NULL,
    gender character varying(1) NOT NULL,
    age numeric(3,0) NOT NULL
);


ALTER TABLE public.human OWNER TO postgres;

--
-- Name: inhaber; Type: TABLE; Schema: public; Owner: postgres
--

CREATE TABLE public.inhaber (
    name character(20),
    gebdat date,
    adresse character(20)
);


ALTER TABLE public.inhaber OWNER TO postgres;

--
-- Name: intersection; Type: TABLE; Schema: public; Owner: postgres
--

CREATE TABLE public.intersection (
    nodeid character varying(5) NOT NULL,
    name character varying(20) NOT NULL
);


ALTER TABLE public.intersection OWNER TO postgres;

--
-- Name: koje; Type: TABLE; Schema: public; Owner: postgres
--

CREATE TABLE public.koje (
    standnr character varying(5) NOT NULL,
    flaeche numeric NOT NULL,
    linkernachbar character varying(5),
    rechternachbar character varying(5),
    gemietet_von numeric,
    beschriftung character varying(50)
);


ALTER TABLE public.koje OWNER TO postgres;

--
-- Name: konto; Type: TABLE; Schema: public; Owner: postgres
--

CREATE TABLE public.konto (
    kontonr numeric,
    filiale numeric,
    inhname character(20),
    gebdat date,
    saldo numeric(10,2)
);


ALTER TABLE public.konto OWNER TO postgres;

--
-- Name: kunde; Type: TABLE; Schema: public; Owner: postgres
--

CREATE TABLE public.kunde (
    kundenr numeric(5,0) NOT NULL,
    name character varying(30) NOT NULL,
    bonstufe character(1) NOT NULL
);


ALTER TABLE public.kunde OWNER TO postgres;

--
-- Name: kurs; Type: TABLE; Schema: public; Owner: postgres
--

CREATE TABLE public.kurs (
    kursnr numeric(2,0) NOT NULL,
    name character varying(40),
    lektor character varying(20)
);


ALTER TABLE public.kurs OWNER TO postgres;

--
-- Name: lieferposition; Type: TABLE; Schema: public; Owner: postgres
--

CREATE TABLE public.lieferposition (
    liefer_nr numeric(10,0) NOT NULL,
    lieferpos_nr numeric(4,0) NOT NULL,
    bestell_nr numeric(10,0) NOT NULL,
    bestellpos_nr numeric(4,0),
    menge numeric(4,0) NOT NULL
);


ALTER TABLE public.lieferposition OWNER TO postgres;

--
-- Name: lieferschein; Type: TABLE; Schema: public; Owner: postgres
--

CREATE TABLE public.lieferschein (
    liefer_nr numeric(10,0) NOT NULL,
    datum date NOT NULL
);


ALTER TABLE public.lieferschein OWNER TO postgres;

--
-- Name: liegtanstrasse; Type: TABLE; Schema: public; Owner: postgres
--

CREATE TABLE public.liegtanstrasse (
    strassenname character varying(10) NOT NULL,
    ort character varying(6) NOT NULL,
    beikm numeric(5,2)
);


ALTER TABLE public.liegtanstrasse OWNER TO postgres;

--
-- Name: location; Type: TABLE; Schema: public; Owner: postgres
--

CREATE TABLE public.location (
    locno numeric(10,0) NOT NULL,
    name character varying(10),
    city character varying(10),
    state character varying(5)
);


ALTER TABLE public.location OWNER TO postgres;

--
-- Name: mietet; Type: TABLE; Schema: public; Owner: postgres
--

CREATE TABLE public.mietet (
    mieternr numeric,
    wohnnr numeric,
    preis numeric,
    von date,
    bis date
);


ALTER TABLE public.mietet OWNER TO postgres;

--
-- Name: node; Type: TABLE; Schema: public; Owner: postgres
--

CREATE TABLE public.node (
    nodeid character varying(5) NOT NULL,
    longitude numeric(5,2) NOT NULL,
    latitude numeric(5,2) NOT NULL,
    type character(13) NOT NULL,
    CONSTRAINT sys_c003455 CHECK ((longitude > (0)::numeric)),
    CONSTRAINT sys_c003456 CHECK ((latitude > (0)::numeric)),
    CONSTRAINT sys_c003457 CHECK ((type = ANY (ARRAY['exit'::bpchar, 'intersection'::bpchar])))
);


ALTER TABLE public.node OWNER TO postgres;

--
-- Name: ort; Type: TABLE; Schema: public; Owner: postgres
--

CREATE TABLE public.ort (
    plz character varying(6) NOT NULL,
    name character varying(20)
);


ALTER TABLE public.ort OWNER TO postgres;

--
-- Name: orteverbindung; Type: TABLE; Schema: public; Owner: postgres
--

CREATE TABLE public.orteverbindung (
    strassenname character varying(10) NOT NULL,
    ortvon character varying(6) NOT NULL,
    ortnach character varying(6) NOT NULL,
    distanz numeric(5,2)
);


ALTER TABLE public.orteverbindung OWNER TO postgres;

--
-- Name: parent; Type: TABLE; Schema: public; Owner: postgres
--

CREATE TABLE public.parent (
    parentname character varying(50) NOT NULL,
    childname character varying(50) NOT NULL
);


ALTER TABLE public.parent OWNER TO postgres;

--
-- Name: person; Type: TABLE; Schema: public; Owner: postgres
--

CREATE TABLE public.person (
    persnr integer NOT NULL,
    name character varying(10),
    stand character varying(15),
    beruf character varying(15)
);


ALTER TABLE public.person OWNER TO postgres;

--
-- Name: product; Type: TABLE; Schema: public; Owner: postgres
--

CREATE TABLE public.product (
    prodno numeric(20,0) NOT NULL,
    name character varying(15),
    type character varying(10),
    cat character varying(10)
);


ALTER TABLE public.product OWNER TO postgres;

--
-- Name: produkt; Type: TABLE; Schema: public; Owner: postgres
--

CREATE TABLE public.produkt (
    ean character(15) NOT NULL,
    bezeichnung character varying(20) NOT NULL,
    kategorie character varying(10) NOT NULL,
    ekpreis numeric(7,2) NOT NULL,
    listpreis numeric(7,2) NOT NULL
);


ALTER TABLE public.produkt OWNER TO postgres;

--
-- Name: project; Type: TABLE; Schema: public; Owner: postgres
--

CREATE TABLE public.project (
    pnum character(4) NOT NULL,
    pname character varying(20) NOT NULL,
    pcity character varying(20),
    dnum character(4)
);


ALTER TABLE public.project OWNER TO postgres;

--
-- Name: purchase; Type: TABLE; Schema: public; Owner: postgres
--

CREATE TABLE public.purchase (
    dayno numeric(2,0) NOT NULL,
    prodno numeric(20,0) NOT NULL,
    qty numeric(6,0),
    price numeric(6,0)
);


ALTER TABLE public.purchase OWNER TO postgres;

--
-- Name: rechnung; Type: TABLE; Schema: public; Owner: postgres
--

CREATE TABLE public.rechnung (
    rechnungnr numeric(5,0) NOT NULL,
    datum date NOT NULL,
    bezahlt character(1) NOT NULL,
    kundenr numeric(5,0) NOT NULL,
    filnr numeric(3,0) NOT NULL
);


ALTER TABLE public.rechnung OWNER TO postgres;

--
-- Name: rechnungpos; Type: TABLE; Schema: public; Owner: postgres
--

CREATE TABLE public.rechnungpos (
    rechnungnr numeric(5,0) NOT NULL,
    datum date NOT NULL,
    ean character(15) NOT NULL,
    positionnr numeric(3,0) NOT NULL,
    einzelpreis numeric(7,2) NOT NULL,
    menge numeric(3,0) NOT NULL
);


ALTER TABLE public.rechnungpos OWNER TO postgres;

--
-- Name: record; Type: TABLE; Schema: public; Owner: postgres
--

CREATE TABLE public.record (
    recordid numeric NOT NULL,
    artistname character varying(50),
    title character varying(50),
    releasedate date,
    type character varying(20),
    genreid numeric
);


ALTER TABLE public.record OWNER TO postgres;

--
-- Name: reserviert; Type: TABLE; Schema: public; Owner: postgres
--

CREATE TABLE public.reserviert (
    tno numeric NOT NULL,
    tag numeric NOT NULL,
    stunde numeric NOT NULL,
    mano numeric NOT NULL
);


ALTER TABLE public.reserviert OWNER TO postgres;

--
-- Name: room; Type: TABLE; Schema: public; Owner: postgres
--

CREATE TABLE public.room (
    hno character(4) NOT NULL,
    rno character(4) NOT NULL,
    type character varying(10),
    price numeric(6,2)
);


ALTER TABLE public.room OWNER TO postgres;

--
-- Name: sales; Type: TABLE; Schema: public; Owner: postgres
--

CREATE TABLE public.sales (
    dayno numeric(3,0) NOT NULL,
    locno numeric(3,0) NOT NULL,
    prodno numeric(3,0) NOT NULL,
    qty numeric(3,0),
    price numeric(3,0)
);


ALTER TABLE public.sales OWNER TO postgres;

--
-- Name: segment; Type: TABLE; Schema: public; Owner: postgres
--

CREATE TABLE public.segment (
    code character(5) NOT NULL,
    segid character(5) NOT NULL,
    fromkm numeric(5,2) NOT NULL,
    tokm numeric(5,2) NOT NULL
);


ALTER TABLE public.segment OWNER TO postgres;

--
-- Name: sortiment; Type: TABLE; Schema: public; Owner: postgres
--

CREATE TABLE public.sortiment (
    filnr numeric(3,0) NOT NULL,
    ean character(15) NOT NULL,
    vkpreis numeric(7,2) NOT NULL,
    preisred numeric(7,2) NOT NULL,
    bestand numeric(3,0) NOT NULL
);


ALTER TABLE public.sortiment OWNER TO postgres;

--
-- Name: sortiment_aenderungen; Type: TABLE; Schema: public; Owner: postgres
--

CREATE TABLE public.sortiment_aenderungen (
    filnr numeric(3,0),
    ean character(15),
    vkpreis numeric(7,2),
    preisred numeric(7,2),
    bestand numeric(3,0)
);


ALTER TABLE public.sortiment_aenderungen OWNER TO postgres;

--
-- Name: staff; Type: TABLE; Schema: public; Owner: postgres
--

CREATE TABLE public.staff (
    snum character(4) NOT NULL,
    name character varying(20) NOT NULL,
    dob date,
    address character varying(30),
    city character varying(20),
    gender character(1),
    salary numeric(9,2),
    supervisor character(4),
    dnum character(4)
);


ALTER TABLE public.staff OWNER TO postgres;

--
-- Name: staffhotel; Type: TABLE; Schema: public; Owner: postgres
--

CREATE TABLE public.staffhotel (
    sno character(4) NOT NULL,
    name character varying(16) NOT NULL,
    address character varying(40),
    "position" character varying(16),
    salary numeric(8,2)
);


ALTER TABLE public.staffhotel OWNER TO postgres;

--
-- Name: strasse; Type: TABLE; Schema: public; Owner: postgres
--

CREATE TABLE public.strasse (
    name character varying(10) NOT NULL,
    bezeichnung character varying(30),
    ortvon character varying(6),
    ortnach character varying(6),
    strassenart character varying(2),
    laenge numeric(5,2)
);


ALTER TABLE public.strasse OWNER TO postgres;

--
-- Name: strassenart; Type: TABLE; Schema: public; Owner: postgres
--

CREATE TABLE public.strassenart (
    art character varying(2) NOT NULL,
    bezeichnung character varying(30)
);


ALTER TABLE public.strassenart OWNER TO postgres;

--
-- Name: student; Type: TABLE; Schema: public; Owner: postgres
--

CREATE TABLE public.student (
    matrikelnr character varying(7) NOT NULL,
    name character varying(20),
    land character varying(20)
);


ALTER TABLE public.student OWNER TO postgres;

--
-- Name: studenten; Type: TABLE; Schema: public; Owner: postgres
--

CREATE TABLE public.studenten (
    mano numeric NOT NULL,
    name character varying(10) NOT NULL,
    rechner character varying(10) NOT NULL
);


ALTER TABLE public.studenten OWNER TO postgres;

--
-- Name: students; Type: TABLE; Schema: public; Owner: postgres
--

CREATE TABLE public.students (
    studentid character varying(7) NOT NULL,
    name character varying(20),
    country character varying(20)
);


ALTER TABLE public.students OWNER TO postgres;

--
-- Name: studienrichtung; Type: TABLE; Schema: public; Owner: postgres
--

CREATE TABLE public.studienrichtung (
    kennzahl numeric NOT NULL,
    gehoert_zu character varying(5) NOT NULL,
    bezeichnung character varying(50) NOT NULL
);


ALTER TABLE public.studienrichtung OWNER TO postgres;

--
-- Name: terminal; Type: TABLE; Schema: public; Owner: postgres
--

CREATE TABLE public.terminal (
    tno numeric NOT NULL,
    rechner character varying(10) NOT NULL
);


ALTER TABLE public.terminal OWNER TO postgres;

--
-- Name: test; Type: TABLE; Schema: public; Owner: postgres
--

CREATE TABLE public.test (
    id numeric(10,0)
);


ALTER TABLE public.test OWNER TO postgres;

--
-- Name: time; Type: TABLE; Schema: public; Owner: postgres
--

CREATE TABLE public."time" (
    dayno numeric(3,0) NOT NULL,
    d character(10),
    m character(7),
    y numeric(4,0)
);


ALTER TABLE public."time" OWNER TO postgres;

--
-- Name: track; Type: TABLE; Schema: public; Owner: postgres
--

CREATE TABLE public.track (
    recordid numeric NOT NULL,
    tnumber numeric NOT NULL,
    title character varying(50),
    length numeric
);


ALTER TABLE public.track OWNER TO postgres;

--
-- Name: wartung; Type: TABLE; Schema: public; Owner: postgres
--

CREATE TABLE public.wartung (
    rechner character varying(10) NOT NULL,
    tag numeric NOT NULL,
    vonstunde numeric NOT NULL,
    bisstunde numeric
);


ALTER TABLE public.wartung OWNER TO postgres;

--
-- Name: wohnung; Type: TABLE; Schema: public; Owner: postgres
--

CREATE TABLE public.wohnung (
    wohnnr integer NOT NULL,
    eigentuemer integer,
    bezirk integer,
    gross integer
);


ALTER TABLE public.wohnung OWNER TO postgres;

--
-- Name: workson; Type: TABLE; Schema: public; Owner: postgres
--

CREATE TABLE public.workson (
    snum character(4) NOT NULL,
    pnum character(4) NOT NULL,
    hours numeric(2,0)
);


ALTER TABLE public.workson OWNER TO postgres;

--
-- Data for Name: aenderungs_protokoll; Type: TABLE DATA; Schema: public; Owner: postgres
--

COPY public.aenderungs_protokoll (filnr, ean, vkpreis, preisred, bestand, zeit) FROM stdin;
\.


--
-- Data for Name: artist; Type: TABLE DATA; Schema: public; Owner: postgres
--

COPY public.artist (name, nationality) FROM stdin;
Sigi Saenger	AT
Trude Traeller	DE
Johann Jodler	AT
Carlo Cravallo	IT
\.


--
-- Data for Name: bauprodukt; Type: TABLE DATA; Schema: public; Owner: postgres
--

COPY public.bauprodukt (prod_nr, bezeichnung) FROM stdin;
1	Zementsack
2	Ziegel
3	Betonmischmaschine
4	Schalltafel
11	Ziegel grau
\.


--
-- Data for Name: belegung; Type: TABLE DATA; Schema: public; Owner: postgres
--

COPY public.belegung (matrikelnr, kursnr, note) FROM stdin;
9978653	8	1
9978653	9	2
9978653	10	4
9978653	13	3
0034534	1	1
5489007	1	2
5489007	11	2
5489007	12	4
0299123	7	1
0299123	6	5
0178543	10	2
7813037	1	5
9954632	2	2
9954632	3	3
9954632	5	1
9755785	4	4
9755785	1	1
9856564	2	4
9876542	9	3
9876542	10	2
9800745	11	2
9800745	3	1
9900965	10	2
9900965	11	3
9900965	12	4
9955432	2	1
7732123	6	1
7732123	13	2
0023132	8	1
0023132	9	1
0023132	10	2
0199054	13	5
0203032	12	3
0203032	5	3
0278321	1	2
0278321	11	3
9722543	1	2
9677432	10	1
\.


--
-- Data for Name: benutzer; Type: TABLE DATA; Schema: public; Owner: postgres
--

COPY public.benutzer (bennr, name, gebdat, adresse) FROM stdin;
1	Steiner Heinz	2042-10-10	Linz
2	Hafner Eleonore	2060-03-09	Salzburg
3	Wopfner Karin	1975-08-13	Innsbruck
4	Steindl Kurt	2036-04-24	Wien
5	Hofreiter Martin	1980-02-12	Graz
6	Gruber Martha	2050-07-29	Klagenfurt
\.


--
-- Data for Name: bestellposition; Type: TABLE DATA; Schema: public; Owner: postgres
--

COPY public.bestellposition (bestell_nr, pos_nr, prod_nr, menge) FROM stdin;
1001	1	2	200
1001	2	3	1
1001	3	4	10
1002	1	1	150
1002	2	2	120
1002	3	4	120
1003	1	1	10
1003	2	2	40
1004	1	1	200
1004	2	2	300
1005	1	2	250
1006	1	1	90
1007	1	1	90
1008	1	1	120
1009	1	1	100
1010	1	1	90
1011	1	1	190
1012	1	1	90
1013	1	1	90
1014	1	1	90
1006	2	11	1000
1007	2	11	500
1008	2	11	350
1009	2	11	200
1010	2	11	400
1011	2	11	300
1012	2	11	400
1013	2	11	100
1014	2	11	300
\.


--
-- Data for Name: bestellung; Type: TABLE DATA; Schema: public; Owner: postgres
--

COPY public.bestellung (bestell_nr, datum, anschrift) FROM stdin;
1001	2003-10-13	Lindenstrasse 11b
1002	2002-10-11	Uniweg 1
1003	2003-10-01	Lindenstrasse 11b
1004	2002-06-05	Uniweg 1
1005	2003-10-13	Uniweg 1
1006	2003-10-13	Lindenstrasse 11b
1007	2003-10-13	Lindenstrasse 11b
1008	2003-10-13	Lindenstrasse 11b
1009	2003-10-13	Lindenstrasse 11b
1010	2003-10-13	Lindenstrasse 11b
1011	2003-10-13	Lindenstrasse 11b
1012	2003-10-13	Lindenstrasse 11b
1013	2003-10-13	Lindenstrasse 11b
1014	2003-10-13	Lindenstrasse 11b
\.


--
-- Data for Name: book; Type: TABLE DATA; Schema: public; Owner: postgres
--

COPY public.book (bookid, title, author) FROM stdin;
1	Misry	Stephen King
2	Wizard and Glass	Stephen King
3	The Drawing of the Three	Stephen King
4	What We're Reading	Leslie Yerkes
5	The Art of the Advantage	Kaihan Krippendorff
6	Harry Potter (1)	J. K. Rowling
7	Harry Potter (2)	J. K. Rowling
\.


--
-- Data for Name: bookcopies; Type: TABLE DATA; Schema: public; Owner: postgres
--

COPY public.bookcopies (bookid, branchid, ncopies) FROM stdin;
1	1	10
1	3	2
1	4	1
1	5	20
2	1	1
2	4	5
3	3	3
3	5	8
4	1	10
5	4	5
5	5	4
6	1	5
6	3	20
6	4	5
7	1	5
7	4	9
\.


--
-- Data for Name: booking; Type: TABLE DATA; Schema: public; Owner: postgres
--

COPY public.booking (hno, gno, datefrom, dateto, rno) FROM stdin;
H001	G001	1997-05-01	\N	    
H002	G003	1997-03-25	1997-03-27	R203
H003	G005	1997-03-15	1997-03-20	R101
H004	G006	1997-04-01	\N	R102
H005	G004	1997-03-26	1997-04-04	R103
H001	G001	1997-03-12	1997-04-12	R202
H002	G002	1997-03-21	1997-04-05	R101
H003	G003	1997-03-31	1997-04-13	R102
H001	G004	1997-08-05	1997-08-10	    
H002	G001	1997-07-26	1997-08-05	    
H003	G002	1997-08-26	1997-09-03	    
\.


--
-- Data for Name: bookloan; Type: TABLE DATA; Schema: public; Owner: postgres
--

COPY public.bookloan (bookid, branchid, cardno, dateout, duedate) FROM stdin;
1	1	1	2003-01-01	2003-03-02
2	1	1	2003-01-01	2003-03-02
1	3	3	2003-03-13	2003-05-14
2	5	7	2003-03-24	2003-05-25
2	5	1	2003-03-31	2003-06-01
3	4	3	2003-04-01	2003-06-02
4	1	6	2003-04-09	2003-06-10
4	3	4	2003-04-21	2003-06-02
4	3	3	2003-04-27	2003-06-28
6	1	2	2003-05-05	2003-07-06
7	5	4	2003-05-12	2003-07-13
\.


--
-- Data for Name: borrower; Type: TABLE DATA; Schema: public; Owner: postgres
--

COPY public.borrower (cardno, name, sex, address, borrowerbranch) FROM stdin;
1	ATZENI, John	M	16 Holhead, Aberdeen	2
2	BLAHA, Nick	M	6 Argyll St, London	1
3	BROWN, Barry	M	Lawrence St, Glasgow	3
4	CHEN, Mary	F	2 Manor St, Glasgow	3
5	BLACK, Dan	M	18 Dale St, Bristol	4
6	DAVIES, Kathy	F	9 Novar Dr, Bristol	4
7	ATZENI, John	M	50 Clover Dr, London	1
\.


--
-- Data for Name: branch; Type: TABLE DATA; Schema: public; Owner: postgres
--

COPY public.branch (branchid, branchname, branchaddress) FROM stdin;
1	Branch London	22 Deer Rd, London
2	Branch Aberdeen	Argyll St, Aberdeen
3	Branch Glasgow	163 Main St, Glasgow
4	Branch Bristol	32 Manse St, Bristol
5	Branch Vienna	56 Clover Dr, Vienna
\.


--
-- Data for Name: buch; Type: TABLE DATA; Schema: public; Owner: postgres
--

COPY public.buch (buchnr, titel, autor) FROM stdin;
1	Artificial Intelligence	Winston
2	The Art of Prolog	Sterling
3	Inside Smalltalk	Lalonde
4	Distributed Databases	Ceri
5	Advanced Database Systems	Gray
6	Computability and Logic	Boolos
7	Temporal Databases	Tansel
8	Multimedia Computing	Hodges
9	Concurrent Systems	Bacon
10	Introduction to SQL	Van der Lans
11	Object Databases	Loomis
12	Modern Operating Systems	Tanenbaum
\.


--
-- Data for Name: buchung; Type: TABLE DATA; Schema: public; Owner: postgres
--

COPY public.buchung (buchngnr, vonkonto, aufkonto, betrag, datum) FROM stdin;
1	1	2	200.00	1995-08-01
2	12	6	1200.00	1995-08-05
3	4	7	340.00	1995-08-12
4	11	10	560.00	1995-08-13
5	3	8	1200.00	1995-08-20
6	4	12	780.00	1995-08-25
7	3	5	1230.00	1995-08-29
8	6	7	500.00	1995-09-01
9	8	3	1200.00	1995-09-07
10	10	9	100.00	1995-09-12
11	4	9	130.00	1995-09-15
12	7	1	230.00	1995-09-20
13	9	12	450.00	1995-09-27
14	7	4	1400.00	1995-09-30
15	10	3	230.00	1995-10-01
16	7	2	560.00	1995-10-02
17	2	11	340.00	1995-10-04
18	7	4	120.00	1995-10-08
19	5	1	250.00	1995-10-14
20	3	4	560.00	1995-10-18
21	7	6	240.00	1995-10-23
22	4	9	1100.00	1995-10-24
23	8	7	240.00	1995-10-26
24	8	1	1100.00	1995-10-30
25	10	9	10.00	1995-10-31
26	8	2	260.00	1995-11-01
27	5	8	390.00	1995-11-02
28	7	11	1300.00	1995-11-03
29	12	11	130.00	1995-11-04
30	7	12	410.00	1995-11-05
\.


--
-- Data for Name: city; Type: TABLE DATA; Schema: public; Owner: postgres
--

COPY public.city (zip, name) FROM stdin;
2001	Cinderella City
2011	Dagobert City
2002	Donald Duck City
2007	Dumbo City
2009	Flipper City
2006	Goofy City
2004	Lassie City
2005	Mickey Mouse City
2003	Mowgli City
2008	Robin Hood City
2010	Seven Dwarfs City
\.


--
-- Data for Name: course; Type: TABLE DATA; Schema: public; Owner: postgres
--

COPY public.course (coursecode, name, lecturer) FROM stdin;
1	Database	Huber
2	Software Engineering	Miller
3	Information Engineering	Miller
4	Management	Amon
5	Communication Engineering	Zirm
6	C++ /C#	Huber
7	JAVA	Miller
8	Business Engineering	Glatz
9	Business Communication	Glatz
10	Accounting Systems	Glatz
11	Data Mining and Data Warehouse	Huber
12	Oracle	Huber
13	International Accounting	Glatz
\.


--
-- Data for Name: dept; Type: TABLE DATA; Schema: public; Owner: postgres
--

COPY public.dept (dnum, dname, manager, mgrstartdate) FROM stdin;
D001	Administration	E001	1990-06-11
D002	Purchasing	E002	1995-07-22
D003	Marketing	E003	1997-08-06
D004	Development	E004	1997-09-12
\.


--
-- Data for Name: deptlocation; Type: TABLE DATA; Schema: public; Owner: postgres
--

COPY public.deptlocation (dnum, dcity) FROM stdin;
D001	Springton
D002	Summerton
D003	Watervale
D004	Cookfield
D004	Springton
D004	Summerton
D004	Watervale
\.


--
-- Data for Name: distribute; Type: TABLE DATA; Schema: public; Owner: postgres
--

COPY public.distribute (recordid, media, price) FROM stdin;
1	CD	19
1	MC	20
2	CD	22
2	MC	23
2	DVD	30
2	MD	24
3	CD	8
4	CD	20
4	MD	26
5	CD	23
5	MC	25
6	CD	9
7	CD	8
8	MC	18
8	CD	18
9	CD	7
10	CD	8
11	CD	7
12	CD	9
13	CD	8
14	CD	7
15	CD	22
15	MC	24
15	MD	27
15	DVD	28
16	CD	21
17	CD	23
\.


--
-- Data for Name: enrollment; Type: TABLE DATA; Schema: public; Owner: postgres
--

COPY public.enrollment (studentid, coursecode, grade) FROM stdin;
9978653	8	1
9978653	9	2
9978653	10	4
9978653	13	3
0034534	1	1
5489007	1	2
5489007	11	2
5489007	12	4
0299123	7	1
0299123	6	5
0178543	10	2
7813037	1	5
9954632	2	2
9954632	3	3
9954632	5	1
9755785	4	4
9755785	1	1
9856564	2	4
9876542	9	3
9876542	10	2
9800745	11	2
9800745	3	1
9900965	10	2
9900965	11	3
9900965	12	4
9955432	2	1
7732123	6	1
7732123	13	2
0023132	8	1
0023132	9	1
0023132	10	2
0199054	13	5
0203032	12	3
0203032	5	3
0278321	1	2
0278321	11	3
9722543	1	2
9677432	10	1
\.


--
-- Data for Name: entlehng; Type: TABLE DATA; Schema: public; Owner: postgres
--

COPY public.entlehng (entlngnr, buch, benutzer, von, bis) FROM stdin;
1	5	3	1993-09-09	1993-12-13
2	12	3	1993-09-09	1994-01-03
3	10	4	1993-10-14	1994-02-12
4	2	6	1993-10-28	1993-12-03
5	6	1	1993-11-03	1994-02-25
6	3	2	1993-12-18	1994-02-23
7	5	6	1993-12-20	1994-03-13
8	8	5	1994-01-02	1994-03-30
9	9	4	1994-02-05	1994-06-18
10	10	1	1994-02-18	1994-09-06
11	6	3	1994-03-12	1994-08-08
12	1	5	1994-05-03	1994-09-09
13	5	6	1994-06-10	1995-02-14
14	9	3	1994-07-03	1994-11-18
15	8	2	1994-08-30	1994-12-14
16	2	5	1994-09-10	1995-01-12
17	12	1	1994-11-11	1994-11-18
18	1	4	1994-12-03	1995-05-16
19	9	3	1995-01-02	1995-02-28
20	8	3	1995-01-02	1995-08-28
21	6	3	1995-01-02	1999-01-01
22	4	2	1995-01-04	1999-01-01
23	5	6	1995-02-20	1995-10-18
24	7	2	1995-03-01	1999-01-01
25	10	5	1995-03-13	1999-01-01
26	12	6	1995-04-10	1999-01-01
27	11	2	1995-05-06	1999-01-01
28	8	5	1995-06-12	1999-01-01
29	1	5	1995-06-12	1999-01-01
30	3	4	1995-10-13	1999-01-01
\.


--
-- Data for Name: exit; Type: TABLE DATA; Schema: public; Owner: postgres
--

COPY public.exit (nodeid, exitno, zip) FROM stdin;
N02	E01  	2001
N03	E02  	2002
N04	E03  	2003
N05	E04  	2004
N06	E05  	2005
N07	E06  	2006
N08	E07  	2007
N10	E08  	2008
N11	E09  	2009
N12	E10  	2010
\.


--
-- Data for Name: fakultaet; Type: TABLE DATA; Schema: public; Owner: postgres
--

COPY public.fakultaet (kurzbez, bezeichnung) FROM stdin;
SoWi	Sozial- und Wirtschaftswissenschaftliche Fakultdt
TNF	Teschnisch-Naturwissenschaftliche Fakultdt
ReWi	Rechtswissenschaftliche Fakultaet
\.


--
-- Data for Name: filiale; Type: TABLE DATA; Schema: public; Owner: postgres
--

COPY public.filiale (filnr, inhname, strasse, plz) FROM stdin;
1	Leitner	Strubergasse 3	4040
2	Schraubner	Blattallee 7	4020
3	Rathgeb	Hauptstrasse 22	4744
4	Fiedler	Feldweg 8	6040
5	Hauser	Klessheimer Allee 6	5020
6	Huber	Ring 2	1010
\.


--
-- Data for Name: genre; Type: TABLE DATA; Schema: public; Owner: postgres
--

COPY public.genre (genreid, name, anzahl) FROM stdin;
1	Schoene Lieder	\N
2	Jodler	\N
3	Gegenden	\N
\.


--
-- Data for Name: gewinne; Type: TABLE DATA; Schema: public; Owner: postgres
--

COPY public.gewinne (firma, branche, bundesland, jahr, umsatz) FROM stdin;
Stahl und Co AG	Stahl	O	2011	1433499.25
Voest Alpine AG	Stahl	O	2011	4413100.05
Stahl und Co AG	Stahl	O	2011	3242222.33
Stahlblech GmbH	Stahl	O	2011	98238.76
Stahlzuschnitte GmbH und Co KG	Stahl	O	2011	122442.33
Stahl und Co Regio	Stahl	O	2011	1433499.25
VAI	Stahl	O	2011	4413100.05
Stahl und Aluminium	Stahl	O	2011	3242222.33
Stahl Experts	Stahl	O	2011	983238.76
Edler Stahl	Stahl	O	2011	198238.76
Diskont-Stahl-Hndler	Stahl	O	2011	982238.76
BMW Steyr	Auto	O	2011	1334929.25
VA Auto	Auto	O	2011	4411500.05
Solarauto	Auto	O	2011	1242222.33
Pferdestark	Auto	O	2011	82438.76
Austro-Ferrari	Auto	O	2011	124492.33
Die Automanufaktur	Auto	O	2011	1434949.25
Crash	Auto	O	2011	4411200.05
Super-Vehikel	Auto	O	2011	2342222.33
VW Linz	Auto	O	2011	932378.76
Magna Steyr	Auto	O	2011	198382.76
Pferdekutschen und Zubehr	Auto	O	2011	198223.76
Flughafen Linz	Luftfahrt	O	2011	147642.36
FACC	Luftfahrt	O	2011	4317330.85
Luftschiff AG	Luftfahrt	O	2011	1832231.33
\.


--
-- Data for Name: guest; Type: TABLE DATA; Schema: public; Owner: postgres
--

COPY public.guest (gno, name, address) FROM stdin;
G001	Thomas, Thomas	2 North Street, Chelsea, London
G002	Wong, Veronica	7 South Street, Wimbledon, London
G003	Bianca, Bruce	452 West Terrace, Adelaide
G004	Imbrogno, Ignatius	Unit 3, 7 Smith Road, Detroit
G005	Hannagan, Sue	15 Earls Court, Edinburgh
G006	Boucher, Lesley	22 Seventh Avenue, Bristol
\.


--
-- Data for Name: highway; Type: TABLE DATA; Schema: public; Owner: postgres
--

COPY public.highway (code, name, startnodeid, endnodeid) FROM stdin;
H10  	Highway ARIELLE	N01	N10
H35  	Highway PETER PAN	N11	N01
H70  	Highway ALADIN	N02	N12
\.


--
-- Data for Name: highwayexit; Type: TABLE DATA; Schema: public; Owner: postgres
--

COPY public.highwayexit (code, nodeid, atkm) FROM stdin;
H70  	N02	0.00
H70  	N06	123.00
H70  	N12	299.00
H35  	N11	0.00
H35  	N05	113.00
H35  	N08	250.00
H10  	N03	84.00
H10  	N04	173.00
H10  	N07	212.00
H10  	N10	357.00
\.


--
-- Data for Name: highwayintersection; Type: TABLE DATA; Schema: public; Owner: postgres
--

COPY public.highwayintersection (code, nodeid, atkm) FROM stdin;
H10  	N01	0.00
H10  	N09	160.00
H35  	N01	307.00
H70  	N09	35.00
\.


--
-- Data for Name: hotel; Type: TABLE DATA; Schema: public; Owner: postgres
--

COPY public.hotel (hno, name, address) FROM stdin;
H001	Grosvenor Hotel	Mayfair, London
H002	Hyatt Regency	99 Main Street, Edinburgh
H003	Earls Court Hotel	123 Earls Court Road, London
H004	Lakes Resort Hotel	Ambleside, Lake Windermere
H005	Eagle Cliffs Hotel	63 West Terrace, Aberdeen
H006	Caledonian Hotel	12 Bannockburn Street, Glasgow
\.


--
-- Data for Name: human; Type: TABLE DATA; Schema: public; Owner: postgres
--

COPY public.human (name, gender, age) FROM stdin;
Manfred Huber	m	65
Aloisia Huber	f	61
Alfons Meier	m	56
Gabriele M|ller	f	17
Hannes Meier	m	23
Leopold Meier	m	81
Anna Gruber	f	33
Kevin M|ller	m	1
Gerhard Burger	m	60
Franziska Burger	f	50
Christian Burger	m	25
Georg Oberer	m	34
Christine Oberer	f	28
Susanne Oberer	f	4
Daniel Steirer	m	33
Gabriele Steirer	f	26
Silvia Steirer	f	2
Stefan Wolkl	m	17
Lydia Wachter	f	19
Wilhelm Amsel	m	16
Rudolf Steirer	m	60
Patrick Steirer	m	4
Ferdinand Steirer	m	3
Peter Steinberger	m	1
Cindy Steinberger	f	22
\.


--
-- Data for Name: inhaber; Type: TABLE DATA; Schema: public; Owner: postgres
--

COPY public.inhaber (name, gebdat, adresse) FROM stdin;
Steiner Heinz       	2042-10-10	Linz                
Hafner Eleonore     	2060-03-09	Salzburg            
Wopfner Karin       	1975-08-13	Innsbruck           
Steindl Kurt        	2036-04-24	Wien                
Hofreiter Martin    	1980-02-12	Graz                
Gruber Martha       	2050-07-29	Klagenfurt          
\.


--
-- Data for Name: intersection; Type: TABLE DATA; Schema: public; Owner: postgres
--

COPY public.intersection (nodeid, name) FROM stdin;
N09	Inntaldreieck
N01	Voralpenkreuz
\.


--
-- Data for Name: koje; Type: TABLE DATA; Schema: public; Owner: postgres
--

COPY public.koje (standnr, flaeche, linkernachbar, rechternachbar, gemietet_von, beschriftung) FROM stdin;
C11	5	RAND	C12	175	WIN
C12	4	C11	C13	175	Das Studium
C13	3	C12	RAND	880	Informatik: Das bringt es!
D11	3	RAND	D12	175	Berufsmoeglichkeiten nach dem Studium der WIN
D12	2	D11	D13	880	Berufsmoeglichkeiten fuer Informatiker
D13	4	D12	RAND	880	Bio-Informatik: Eine Chance fuer die Zukunft?
\.


--
-- Data for Name: konto; Type: TABLE DATA; Schema: public; Owner: postgres
--

COPY public.konto (kontonr, filiale, inhname, gebdat, saldo) FROM stdin;
13	3	Gruber Martha       	2050-07-29	1000.00
1	1	Steiner Heinz       	2042-10-10	12400.00
2	2	Wopfner Karin       	1975-08-13	500.00
3	3	Steiner Heinz       	2042-10-10	13500.00
4	3	Hafner Eleonore     	2060-03-09	8000.00
5	2	Wopfner Karin       	1975-08-13	1100.00
6	2	Steindl Kurt        	2036-04-24	6000.00
7	1	Gruber Martha       	2050-07-29	7500.00
8	2	Wopfner Karin       	1975-08-13	1900.00
9	1	Hofreiter Martin    	1980-02-12	10400.00
10	2	Hofreiter Martin    	1980-02-12	5100.00
11	1	Gruber Martha       	2050-07-29	8200.00
12	3	Gruber Martha       	2050-07-29	1200.00
\.


--
-- Data for Name: kunde; Type: TABLE DATA; Schema: public; Owner: postgres
--

COPY public.kunde (kundenr, name, bonstufe) FROM stdin;
11111	Roller	C
15882	Schieber	B
78436	Flitzer	A
98077	Sauser	A
24537	Raser	B
13451	Stuerzer	C
22221	Bremser	B
99332	Kuppler	A
67891	Schleifer	C
95543	Kurver	B
55789	Schleuderer	A
87654	Unfaller	C
77777	Stenzer	A
\.


--
-- Data for Name: kurs; Type: TABLE DATA; Schema: public; Owner: postgres
--

COPY public.kurs (kursnr, name, lektor) FROM stdin;
1	Datenbanken	Huber
2	Software Engineering	Mueller
3	Information Engineering	Mueller
4	Management	Amon
5	Communication Engineering	Zirm
6	C++ /C#	Huber
7	JAVA	Mueller
8	Unternehmensfhrung	Glatz
9	Unternehmensbewertung und -analyse	Glatz
10	Konzernrechnungslegung	Glatz
11	Data Mining and Data Warehouse	Huber
12	Oracle	Huber
13	International Accounting	Glatz
\.


--
-- Data for Name: lieferposition; Type: TABLE DATA; Schema: public; Owner: postgres
--

COPY public.lieferposition (liefer_nr, lieferpos_nr, bestell_nr, bestellpos_nr, menge) FROM stdin;
901	1	1001	1	100
901	2	1001	2	1
902	1	1002	1	80
902	2	1004	1	40
903	1	1004	1	160
904	1	1003	2	40
904	2	1003	1	10
906	1	1004	2	300
906	2	1005	1	200
907	1	1005	1	40
908	1	1006	1	90
909	1	1008	1	100
\.


--
-- Data for Name: lieferschein; Type: TABLE DATA; Schema: public; Owner: postgres
--

COPY public.lieferschein (liefer_nr, datum) FROM stdin;
901	2003-10-13
902	2003-10-13
903	2003-10-13
904	2003-10-13
906	2003-10-13
907	2003-10-14
908	2003-10-14
909	2003-10-14
\.


--
-- Data for Name: liegtanstrasse; Type: TABLE DATA; Schema: public; Owner: postgres
--

COPY public.liegtanstrasse (strassenname, ort, beikm) FROM stdin;
A1	1010	0.00
A10	5020	0.00
A8	4780	0.00
B148	4780	0.00
L345	4982	0.00
A1	5020	500.00
A10	7010	250.00
A8	4040	100.00
B148	5280	60.00
L345	4999	20.00
B148	4982	25.00
A8	4982	65.00
B148	4999	10.00
\.


--
-- Data for Name: location; Type: TABLE DATA; Schema: public; Owner: postgres
--

COPY public.location (locno, name, city, state) FROM stdin;
1	PassageXY	Linz	OOE
2	ABC-Markt	Linz	OOE
3	Plus City	Pasching	OOE
4	Airport C.	Salzburg	SBG-L
5	Mozart-M.	Salzburg	SBG-L
6	Hal-Markt	Hallein	SBG-L
\.


--
-- Data for Name: mietet; Type: TABLE DATA; Schema: public; Owner: postgres
--

COPY public.mietet (mieternr, wohnnr, preis, von, bis) FROM stdin;
1	2	500	1996-01-01	1999-08-31
8	2	900	1999-10-01	2001-12-31
6	9	1500	1994-04-01	1999-09-30
11	9	1600	1999-10-01	1999-12-31
9	4	700	1997-01-01	1999-02-28
11	4	650	1999-03-01	1999-12-31
9	11	1200	2002-01-01	2001-09-30
9	1	950	1996-01-01	1999-12-31
11	6	1400	1996-01-01	1999-12-31
1	13	2100	1990-01-01	1997-12-31
13	5	1000	1996-01-01	2001-08-31
14	12	1200	1996-01-01	2002-01-31
1	1	950	1990-01-01	1990-06-01
\.


--
-- Data for Name: node; Type: TABLE DATA; Schema: public; Owner: postgres
--

COPY public.node (nodeid, longitude, latitude, type) FROM stdin;
N01	21.00	19.00	intersection 
N02	21.00	19.00	exit         
N03	20.00	13.00	exit         
N04	18.00	16.00	exit         
N05	18.00	22.00	exit         
N06	17.00	26.00	exit         
N07	15.00	12.00	exit         
N08	15.00	17.00	exit         
N09	14.00	21.00	intersection 
N10	14.00	21.00	exit         
N11	12.00	15.00	exit         
N12	12.00	22.00	exit         
\.


--
-- Data for Name: ort; Type: TABLE DATA; Schema: public; Owner: postgres
--

COPY public.ort (plz, name) FROM stdin;
4040	Linz
1010	Wien
5020	Salzburg
7010	Klagenfurt
4982	Obernberg
4780	Schaerding
5280	Braunau
4999	Hinterdupfing
\.


--
-- Data for Name: orteverbindung; Type: TABLE DATA; Schema: public; Owner: postgres
--

COPY public.orteverbindung (strassenname, ortvon, ortnach, distanz) FROM stdin;
A1	1010	5020	500.00
A10	5020	7010	250.00
A8	4780	4982	65.00
A8	4982	4040	35.00
B148	4780	4999	10.00
B148	4982	5280	35.00
B148	4999	4982	15.00
L345	4982	4999	20.00
\.


--
-- Data for Name: parent; Type: TABLE DATA; Schema: public; Owner: postgres
--

COPY public.parent (parentname, childname) FROM stdin;
Alfons Meier	Anna Gruber
Alfons Meier	Hannes Meier
Aloisia Huber	Anna Gruber
Christine Oberer	Susanne Oberer
Cindy Steinberger	Peter Steinberger
Daniel Steirer	Ferdinand Steirer
Daniel Steirer	Patrick Steirer
Daniel Steirer	Peter Steinberger
Daniel Steirer	Silvia Steirer
Franziska Burger	Christian Burger
Gabriele M|ller	Kevin M|ller
Gabriele Steirer	Ferdinand Steirer
Gabriele Steirer	Patrick Steirer
Gabriele Steirer	Silvia Steirer
Georg Oberer	Susanne Oberer
Gerhard Burger	Christian Burger
Leopold Meier	Alfons Meier
Rudolf Steirer	Gabriele Steirer
\.


--
-- Data for Name: person; Type: TABLE DATA; Schema: public; Owner: postgres
--

COPY public.person (persnr, name, stand, beruf) FROM stdin;
1	Decker    	ledig          	Student        
2	Meier     	verheiratet    	Maurer         
3	Huber     	ledig          	Schlosser      
4	Bauer     	verwitwet      	Beamter        
5	Kaiser    	verheiratet    	Beamter        
6	Richter   	ledig          	Anwalt         
7	Weiss     	ledig          	Maler          
8	Traxler   	verheiratet    	Student        
9	Seyfried  	ledig          	
10	Weikinger 	ledig          	Lehrer         
11	Rechberger	verheiratet    	Hausmeister    
13	Kofler    	ledig          	Autor          
14	Seberry   	ledig          	Autor          
\.


--
-- Data for Name: product; Type: TABLE DATA; Schema: public; Owner: postgres
--

COPY public.product (prodno, name, type, cat) FROM stdin;
1	Jeans L501	Hose	Bekleidung
2	Jeans X318	Hose	Bekleidung
3	Replay ABC	Hose	Bekleidung
4	H+M 347	Hemd	Bekleidung
5	Esprit 128	Hemd	Bekleidung
6	Pullover XL	Pullover	Bekleidung
7	Scholle	Tiefkuehl	LM
8	Erbsen	Tiefkuehl	LM
9	Pizza C+M	Tiefkuehl	LM
10	Bohnensuppe	Konserven	LM
11	Gulaschsuppe	Konserven	LM
\.


--
-- Data for Name: produkt; Type: TABLE DATA; Schema: public; Owner: postgres
--

COPY public.produkt (ean, bezeichnung, kategorie, ekpreis, listpreis) FROM stdin;
0-666-4567-2-22	Autoschampoo	Pflege	35.00	69.90
0-777-4997-2-43	Glanzpolitur	Pflege	70.00	119.90
0-456-4887-3-22	Kaltwachs	Pflege	90.00	199.90
0-55-48567-16-2	Armaturenreiniger	Pflege	115.00	333.00
1-626-7767-2-99	Scheibenwischer	Ersatz	390.00	400.00
1-256-7700-2-00	Sportlenkrad	Ersatz	1300.00	1999.00
1-333-7788-2-31	Gaspedal	Ersatz	800.00	960.00
2-446-7240-9-15	Rennsitz	Ersatz	18900.00	22999.00
9-396-7510-9-00	Chromfelge	Ersatz	9000.00	12980.00
3-211-1000-2-00	Sonnenschutz	Ersatz	160.00	250.00
7-2881-760-3-70	Schraubantenne	Audio	965.00	1300.00
5-2671-955-5-55	Autoradio	Audio	5555.00	6800.00
1-4444-652-8-88	CD-Wechsler	Audio	2345.00	3999.00
3-1111-654-3-99	Lautsprecher	Audio	999.00	1599.00
6-581-1766-3-45	Telefonhalter	Sonstiges	130.00	225.00
6-231-4777-3-15	Lenkradueberzug	Sonstiges	125.00	529.90
4-1161-730-3-88	Warndreieck	Sonstiges	350.00	499.00
0-4381-880-7-00	Verbandskasten DIN	Sonstiges	965.00	999.00
5-6661-000-0-00	Abschleppseil	Sonstiges	225.00	475.00
\.


--
-- Data for Name: project; Type: TABLE DATA; Schema: public; Owner: postgres
--

COPY public.project (pnum, pname, pcity, dnum) FROM stdin;
P001	Springton Hospital	Springton	D004
P002	Springton Fire Dept	Springton	D004
P003	Summerton Expo 2002	Summerton	D003
P004	Watervale Show	Watervale	D003
P005	Adelaide Festival	Adelaide	D003
P006	Ashes Tour Promo	Cookfield	D004
P007	Opera House	Cookfield	D004
P008	Cookfield High Gym	Cookfield	D004
P009	Summerton Hospital	Summerton	D004
P010	Watervale Ambulance	Watervale	D004
P011	Medici	Springton	D004
P012	Springton Show	Springton	D003
\.


--
-- Data for Name: purchase; Type: TABLE DATA; Schema: public; Owner: postgres
--

COPY public.purchase (dayno, prodno, qty, price) FROM stdin;
1	1	20	600
1	5	40	300
1	6	20	600
1	2	35	500
1	3	70	550
1	4	20	400
1	7	50	20
1	8	140	24
1	9	110	33
1	10	50	15
1	11	100	22
2	2	5	440
2	5	50	320
2	7	10	18
3	4	10	390
3	7	100	16
3	9	80	31
4	1	15	560
4	10	20	14
4	11	40	20
5	7	20	19
5	8	30	26
5	1	30	610
5	2	30	290
5	6	50	600
6	7	20	22
6	3	100	530
6	4	50	380
7	5	40	290
7	8	80	25
7	9	90	32
7	10	70	16
7	11	120	21
\.


--
-- Data for Name: rechnung; Type: TABLE DATA; Schema: public; Owner: postgres
--

COPY public.rechnung (rechnungnr, datum, bezahlt, kundenr, filnr) FROM stdin;
1	2000-08-11	Y	11111	1
2	2000-08-11	N	15882	1
3	2000-08-11	Y	24537	1
4	2000-08-11	Y	78436	1
5	2000-08-11	Y	95543	1
6	2000-08-11	N	13451	2
1	2000-09-15	Y	11111	1
2	2000-09-15	Y	22221	3
3	2000-09-15	Y	87654	4
1	2000-10-03	Y	11111	6
2	2000-10-03	Y	95543	5
1	2000-10-10	N	77777	5
2	2000-10-10	Y	99332	2
1	2000-10-20	Y	67891	2
2	2000-10-20	N	15882	3
3	2000-10-20	Y	98077	3
4	2000-10-20	N	78436	3
5	2000-10-20	Y	95543	5
6	2000-10-20	N	13451	5
1	2000-10-21	Y	87654	4
2	2000-10-21	Y	22221	4
3	2000-10-21	Y	87654	5
1	2000-10-25	N	13451	2
2	2000-10-25	Y	99332	1
2	2000-10-31	N	22221	4
\.


--
-- Data for Name: rechnungpos; Type: TABLE DATA; Schema: public; Owner: postgres
--

COPY public.rechnungpos (rechnungnr, datum, ean, positionnr, einzelpreis, menge) FROM stdin;
1	2000-08-11	0-666-4567-2-22	1	58.90	5
2	2000-08-11	0-456-4887-3-22	1	229.90	1
2	2000-08-11	2-446-7240-9-15	2	22500.00	1
3	2000-08-11	5-2671-955-5-55	1	7000.00	1
4	2000-08-11	6-581-1766-3-45	1	200.00	3
5	2000-08-11	9-396-7510-9-00	1	12000.00	1
5	2000-08-11	1-4444-652-8-88	2	4500.00	1
6	2000-08-11	0-777-4997-2-43	1	125.00	3
1	2000-09-15	4-1161-730-3-88	1	500.00	2
2	2000-09-15	5-2671-955-5-55	1	6800.00	1
3	2000-09-15	9-396-7510-9-00	1	12900.00	1
3	2000-09-15	3-1111-654-3-99	2	1600.00	2
1	2000-10-03	5-6661-000-0-00	1	530.00	3
1	2000-10-03	7-2881-760-3-70	2	1300.00	1
1	2000-10-03	0-4381-880-7-00	3	1350.00	1
2	2000-10-03	0-55-48567-16-2	1	330.00	2
1	2000-10-10	5-6661-000-0-00	1	500.00	3
2	2000-10-10	6-231-4777-3-15	1	525.00	3
2	2000-10-10	5-6661-000-0-00	2	490.00	5
2	2000-10-10	9-396-7510-9-00	3	14000.00	1
1	2000-10-20	3-1111-654-3-99	1	1300.00	2
2	2000-10-20	1-256-7700-2-00	1	2200.00	1
3	2000-10-20	5-6661-000-0-00	1	380.00	2
4	2000-10-20	0-4381-880-7-00	1	1100.00	1
5	2000-10-20	4-1161-730-3-88	1	510.00	3
6	2000-10-20	5-6661-000-0-00	1	500.00	2
1	2000-10-21	6-581-1766-3-45	1	150.00	1
2	2000-10-21	5-2671-955-5-55	1	6900.00	1
3	2000-10-21	6-231-4777-3-15	1	500.00	2
1	2000-10-25	0-55-48567-16-2	1	390.00	5
2	2000-10-25	5-6661-000-0-00	1	450.00	1
\.


--
-- Data for Name: record; Type: TABLE DATA; Schema: public; Owner: postgres
--

COPY public.record (recordid, artistname, title, releasedate, type, genreid) FROM stdin;
1	Sigi Saenger	Meine schoensten Lieder	2000-11-12	Album	1
2	Sigi Saenger	Meine schoensten Lieder 2	2001-06-04	Album	1
3	Sigi Saenger	Noch ein schoenes Lied	2002-02-23	Single	1
4	Trude Traeller	Der Bach	1998-07-03	Album	3
5	Trude Traeller	Der Baum	1999-09-24	Album	3
6	Trude Traeller	Die Wiese	2000-01-03	Single	3
7	Trude Traeller	Das Feld	2000-10-22	Single	3
8	Trude Traeller	Der Acker	2001-05-17	Album	3
9	Johann Jodler	Steiermark-Jodler	1999-05-13	Single	2
10	Johann Jodler	Tirol-Jodler	2000-11-04	Single	2
11	Johann Jodler	Vorarlberg-Jodler	2000-12-06	Single	2
12	Johann Jodler	Wien-Jodler	2000-12-08	Single	2
13	Johann Jodler	Salzburg-Jodler	1997-04-27	Single	2
14	Johann Jodler	Kaernten-Jodler	1998-03-18	Single	2
15	Carlo Cravallo	Roma	1999-06-01	Album	3
16	Carlo Cravallo	Venezia	2002-07-02	Single	3
17	Carlo Cravallo	Milano	2003-08-03	Album	3
\.


--
-- Data for Name: reserviert; Type: TABLE DATA; Schema: public; Owner: postgres
--

COPY public.reserviert (tno, tag, stunde, mano) FROM stdin;
1	10	10	9101
1	10	11	9102
1	10	12	9103
2	10	12	9101
1	10	14	9101
3	10	14	9104
1	11	10	9101
4	11	10	9101
4	11	11	9105
3	11	12	9105
2	11	13	9101
1	11	13	9102
\.


--
-- Data for Name: room; Type: TABLE DATA; Schema: public; Owner: postgres
--

COPY public.room (hno, rno, type, price) FROM stdin;
H001	R101	single	22.00
H001	R102	double	39.00
H001	R103	double	39.00
H001	R201	family	44.00
H001	R202	double	44.00
H001	R203	family	49.00
H002	R101	double	41.00
H002	R102	single	25.00
H002	R103	family	49.00
H002	R201	family	49.00
H002	R202	double	41.00
H002	R203	double	48.00
H003	R101	double	44.00
H003	R102	family	55.00
H003	R103	family	55.00
H003	R201	double	44.00
H003	R202	single	28.00
H003	R203	double	44.00
H004	R101	double	41.00
H004	R102	family	49.00
H004	R103	family	49.00
H004	R201	single	27.00
H004	R202	single	24.00
H004	R203	double	39.00
H005	R101	single	23.00
H005	R102	double	35.00
H005	R103	double	35.00
H005	R201	family	39.00
H005	R202	single	23.00
H005	R203	single	90.00
H006	R101	double	33.00
H006	R102	double	37.00
H006	R103	family	45.00
H006	R201	family	49.00
H006	R202	family	39.00
H006	R203	family	85.00
\.


--
-- Data for Name: sales; Type: TABLE DATA; Schema: public; Owner: postgres
--

COPY public.sales (dayno, locno, prodno, qty, price) FROM stdin;
1	3	1	10	900
1	3	2	7	600
1	3	3	15	800
1	4	7	80	25
1	4	8	60	35
1	4	9	40	40
1	4	10	30	25
1	4	11	50	30
1	1	10	30	27
1	2	11	50	29
2	3	8	100	25
2	5	5	10	500
2	5	6	15	800
2	4	4	25	530
3	2	4	10	490
3	1	1	10	900
3	1	2	7	600
3	1	3	15	800
3	1	7	80	25
4	1	8	60	35
4	2	9	40	40
4	2	10	30	23
4	1	7	30	26
5	4	6	50	865
5	2	11	50	32
5	2	4	20	500
5	2	5	25	510
6	2	9	40	44
6	4	1	30	920
6	3	3	50	760
7	3	1	20	950
7	5	2	25	580
\.


--
-- Data for Name: segment; Type: TABLE DATA; Schema: public; Owner: postgres
--

COPY public.segment (code, segid, fromkm, tokm) FROM stdin;
H10  	S01  	0.00	65.00
H10  	S02  	65.00	120.00
H10  	S03  	120.00	160.00
H10  	S04  	160.00	227.00
H10  	S05  	227.00	281.00
H10  	S06  	281.00	357.00
H35  	S01  	0.00	35.00
H35  	S02  	35.00	167.00
H35  	S03  	167.00	307.00
H70  	S01  	0.00	35.00
H70  	S02  	35.00	177.00
H70  	S03  	177.00	299.00
\.


--
-- Data for Name: sortiment; Type: TABLE DATA; Schema: public; Owner: postgres
--

COPY public.sortiment (filnr, ean, vkpreis, preisred, bestand) FROM stdin;
1	0-666-4567-2-22	69.00	9.00	100
1	0-777-4997-2-43	120.00	30.00	150
1	0-456-4887-3-22	229.00	9.00	130
1	0-55-48567-16-2	300.00	0.00	100
1	1-626-7767-2-99	420.00	10.10	100
1	1-256-7700-2-00	1999.00	0.00	30
1	1-333-7788-2-31	999.00	0.00	30
1	2-446-7240-9-15	22500.00	0.00	7
1	9-396-7510-9-00	13000.00	1000.00	15
1	7-2881-760-3-70	1500.00	0.00	23
1	5-2671-955-5-55	7000.00	0.00	12
1	1-4444-652-8-88	4500.00	0.00	4
1	3-1111-654-3-99	1700.00	0.00	7
1	6-581-1766-3-45	200.00	0.00	40
1	6-231-4777-3-15	500.00	0.00	35
1	4-1161-730-3-88	500.00	0.00	25
1	0-4381-880-7-00	1250.00	250.00	85
1	5-6661-000-0-00	450.00	0.00	11
2	0-666-4567-2-22	69.00	9.00	90
2	0-777-4997-2-43	125.00	0.00	155
2	0-456-4887-3-22	200.00	9.00	120
2	0-55-48567-16-2	390.00	0.00	100
2	1-626-7767-2-99	400.00	0.00	110
2	1-256-7700-2-00	1900.00	0.00	40
2	2-446-7240-9-15	21999.00	0.00	0
2	9-396-7510-9-00	14000.00	0.00	25
2	7-2881-760-3-70	1300.00	0.00	9
2	5-2671-955-5-55	6800.00	250.00	9
2	1-4444-652-8-88	4000.00	0.00	3
2	3-1111-654-3-99	1500.00	125.00	1
2	6-581-1766-3-45	230.00	0.00	44
2	6-231-4777-3-15	530.00	0.00	0
2	4-1161-730-3-88	500.00	11.00	8
2	0-4381-880-7-00	1220.00	0.00	5
2	5-6661-000-0-00	400.00	0.00	1
3	0-666-4567-2-22	90.00	0.00	85
3	0-456-4887-3-22	199.00	0.00	80
3	0-55-48567-16-2	390.00	0.00	90
3	1-626-7767-2-99	400.00	0.00	50
3	1-256-7700-2-00	1900.00	0.00	10
3	9-396-7510-9-00	13800.00	0.00	5
3	7-2881-760-3-70	1300.00	0.00	0
3	5-2671-955-5-55	6800.00	0.00	0
3	1-4444-652-8-88	3999.00	0.00	0
3	6-581-1766-3-45	230.00	0.00	14
3	6-231-4777-3-15	530.00	0.00	4
3	0-4381-880-7-00	1211.00	0.00	4
3	5-6661-000-0-00	380.00	0.00	4
4	2-446-7240-9-15	22480.00	0.00	6
4	9-396-7510-9-00	12900.00	0.00	2
4	7-2881-760-3-70	1300.00	111.00	5
4	5-2671-955-5-55	6900.00	0.00	34
4	1-4444-652-8-88	4490.00	0.00	5
4	3-1111-654-3-99	1600.00	0.00	7
4	6-581-1766-3-45	200.00	20.00	9
5	0-666-4567-2-22	80.00	5.00	0
5	0-777-4997-2-43	160.00	0.00	150
5	0-456-4887-3-22	250.00	0.00	130
5	0-55-48567-16-2	330.00	0.00	108
5	6-231-4777-3-15	525.00	25.00	12
5	4-1161-730-3-88	510.00	0.00	66
5	0-4381-880-7-00	1425.00	125.00	2
5	5-6661-000-0-00	500.00	0.00	3
6	0-666-4567-2-22	70.00	11.00	100
6	0-777-4997-2-43	95.00	0.00	0
6	1-626-7767-2-99	380.00	25.00	100
6	1-256-7700-2-00	2109.00	0.00	0
6	1-333-7788-2-31	960.00	0.00	9
6	9-396-7510-9-00	11500.00	0.00	15
6	7-2881-760-3-70	1420.00	120.00	23
6	5-2671-955-5-55	6800.00	0.00	12
6	1-4444-652-8-88	4225.00	0.00	8
6	3-1111-654-3-99	1300.00	0.00	7
6	0-4381-880-7-00	1350.00	0.00	25
6	5-6661-000-0-00	553.00	23.00	11
6	3-211-1000-2-00	20.00	0.00	20
\.


--
-- Data for Name: sortiment_aenderungen; Type: TABLE DATA; Schema: public; Owner: postgres
--

COPY public.sortiment_aenderungen (filnr, ean, vkpreis, preisred, bestand) FROM stdin;
\.


--
-- Data for Name: staff; Type: TABLE DATA; Schema: public; Owner: postgres
--

COPY public.staff (snum, name, dob, address, city, gender, salary, supervisor, dnum) FROM stdin;
E001	ATZENI, John	2035-01-01	1 Spring Rd	Springton	M	90000.00	    	D001
E002	BLAHA, Nick	2040-02-02	2 Main St	Summerton	M	70000.00	E001	D002
E003	BROWN, Barry	2045-03-03	3 Summer Rd	Watervale	M	70000.00	E001	D003
E004	CHEN, Mary	2050-04-04	4 Smith St	Cookfield	F	70000.00	E001	D004
E005	BLACK, Dan	2055-05-05	5 High View Rd	Springton	M	60000.00	E001	D001
E006	DAVIES, Kathy	2060-06-06	6 Brown Rd	Summerton	F	50000.00	E002	D002
E007	SMITH, Andy	2065-07-07	7 Roberts Rd	Watervale	M	50000.00	E003	D003
E008	JONES, Frances	1970-08-08	8 Peters Rd	Cookfield	F	50000.00	E004	D004
E009	ROBERTS, Simon	1985-09-09	9 Mary St	Springton	M	40000.00	E005	D001
E010	GRAINGER, Bernard	1981-10-10	10 Adelaide Rd	Summerton	M	35000.00	E002	D002
E011	McBRIDE, David	1975-11-11	11 Laura Ave	Watervale	M	35000.00	E003	D003
E012	MARSHALL, John	1970-12-12	12 Apple Tree Lane	Cookfield	M	35000.00	E004	D004
E013	MATTHEWS, George	2065-01-13	13 May Ave	Springton	M	35000.00	E005	D001
E014	MORRISON, Joe	2060-02-14	14 Sussex St	Summerton	M	35000.00	E002	D002
E015	CERI, Rose	2055-03-15	15 Murray Rd	Watervale	F	35000.00	E003	D003
E016	PRICE, Patricia	2050-04-16	16 McGraw Hill	Cookfield	F	35000.00	E004	D004
E017	WHITE, John	2045-05-17	17 Nelson Rd	Springton	M	66000.00	E005	D004
E018	STURT, Michael	2040-06-18	18 Wills Rd	Summerton	M	60000.00	E002	D004
E019	SWAFFER, Jill	2035-07-19	19 Burke St	Watervale	F	67000.00	E003	D004
\.


--
-- Data for Name: staffhotel; Type: TABLE DATA; Schema: public; Owner: postgres
--

COPY public.staffhotel (sno, name, address, "position", salary) FROM stdin;
S011	Moira, Samuel	49 School Road, Broxburn	Charge Nurse	37520.00
S098	Carol, Cummings	15 High Street, Edinburgh	Staff Nurse	28000.00
S123	Morgan, Russell	23A George Street, Broxburn	Nurse	18000.00
S167	Robin, Plevin	7 Glen Terrace, Edinburgh	Staff Nurse	28000.00
S234	Amy ,O'Donnell	234 Princes Street, Edinburgh	Nurse	20200.00
S344	Laurence, Burns	1 Apple Drive, Edinburgh	Consultant	56000.00
S321	Mohammed, Sharif		Charge Nurse	35110.00
S099	Mary,Keegan		Consultant	86000.00
S515	Mikhail,Kruschev		Nurse	24000.00
S143	Myron,Isaacs		Staff Nurse	30800.00
S323	M.,Morgenstern		Nurse	19710.00
\.


--
-- Data for Name: strasse; Type: TABLE DATA; Schema: public; Owner: postgres
--

COPY public.strasse (name, bezeichnung, ortvon, ortnach, strassenart, laenge) FROM stdin;
A1	Westautobahn	1010	5020	A	500.00
A10	Tauernautobahn	5020	7010	A	250.00
A8	Innkreisautobahn	4780	4040	A	100.00
B148	Innviertler Bundesstrasse	4780	5280	B	60.00
L345	Hinterdupfinger Feldweg	4982	4999	L	20.00
\.


--
-- Data for Name: strassenart; Type: TABLE DATA; Schema: public; Owner: postgres
--

COPY public.strassenart (art, bezeichnung) FROM stdin;
A	Autobahn
B	Bundesstrasse
L	Landesstrasse
\.


--
-- Data for Name: student; Type: TABLE DATA; Schema: public; Owner: postgres
--

COPY public.student (matrikelnr, name, land) FROM stdin;
9978653	Maria Mayr	Austria
0034534	James Bond	England
5489007	Adam Smith	England
9988687	Anna Kurz	Schweiz
0299123	Maria Mayr	Schweiz
0178543	Barbara Eggersdorfer	Schweiz
7813037	Michael Lofter	Schweiz
9954632	Christian Just	Deutschland
0076802	Bernd Achleitner	Deutschland
9756432	Barbara Anegg	Deutschland
9755785	Margit Bauer	Deutschland
9784322	Martina Binder	Deutschland
9856564	Manfred Fiebiger	Austria
9876542	Gabriele Grabner	Austria
9800745	Alfred Grassegger	Austria
9900965	Herwig Huber	Austria
9921213	Manuela Jansa	Austria
9955432	Reinhard Kaiser	Austria
7732123	Heinz Kneifel	Austria
0076768	Helmut Leonhart	Austria
0076323	Gabriel Menzinger	Austria
0023132	Gabriela Oettl	Austria
0154321	Maria-Anna Pelzl	USA
0158732	Matthias Sandhofer	Deutschland
0199054	Arno Seeber	Deutschland
0203032	Ludwig Spoetl	Deutschland
0299789	Michaela Stangl	Deutschland
0278321	Michael Steyrer	Deutschland
9677432	Toegel Richard	USA
9722543	Natalie Zoechling	Schweiz
\.


--
-- Data for Name: studenten; Type: TABLE DATA; Schema: public; Owner: postgres
--

COPY public.studenten (mano, name, rechner) FROM stdin;
9101	atzel	andi
9102	asser	andi
9103	abelko	andi
9104	brunisch	bibi
9105	brabec	bibi
9106	berti	bibi
9107	fauler	bibi
9108	lazyguy	bibi
\.


--
-- Data for Name: students; Type: TABLE DATA; Schema: public; Owner: postgres
--

COPY public.students (studentid, name, country) FROM stdin;
9978653	Maria Mayr	Australia
0034534	James Bond	England
5489007	Adam Smith	England
9988687	Anna Kurz	Japan
0299123	Maria Mayr	Japan
0178543	Barbara Eggersdorfer	Japan
7813037	Michael Lofter	Japan
9954632	Christian Just	Thailand
0076802	Bernd Achleitner	Thailand
9756432	Barbara Anegg	Thailand
9755785	Margit Bauer	Thailand
9784322	Martina Binder	Thailand
9856564	Manfred Fiebiger	Australia
9876542	Gabriele Grabner	Australia
9800745	Alfred Grassegger	Australia
9900965	Herwig Huber	Australia
9921213	Manuela Jansa	Australia
9955432	Reinhard Kaiser	Australia
7732123	Heinz Kneifel	Australia
0076768	Helmut Leonhart	Australia
0076323	Gabriel Menzinger	Australia
0023132	Gabriela Oettl	Australia
0154321	Maria-Anna Pelzl	USA
0158732	Matthias Sandhofer	Thailand
0199054	Arno Seeber	Thailand
0203032	Ludwig Spoetl	Thailand
0299789	Michaela Stangl	Thailand
0278321	Michael Steyrer	Thailand
9677432	Toegel Richard	USA
9722543	Natalie Zoechling	Japan
\.


--
-- Data for Name: studienrichtung; Type: TABLE DATA; Schema: public; Owner: postgres
--

COPY public.studienrichtung (kennzahl, gehoert_zu, bezeichnung) FROM stdin;
175	SoWi	Wirtschaftsinformatik
880	TNF	Informatik
750	TNF	Technische Physik
101	ReWi	Rechtswissenschaften
\.


--
-- Data for Name: terminal; Type: TABLE DATA; Schema: public; Owner: postgres
--

COPY public.terminal (tno, rechner) FROM stdin;
1	andi
2	andi
3	bibi
4	caesar
\.


--
-- Data for Name: test; Type: TABLE DATA; Schema: public; Owner: postgres
--

COPY public.test (id) FROM stdin;
\.


--
-- Data for Name: time; Type: TABLE DATA; Schema: public; Owner: postgres
--

COPY public."time" (dayno, d, m, y) FROM stdin;
1	1999/11/03	1999/11	1999
2	1999/11/04	1999/11	1999
3	1999/12/06	1999/12	1999
4	2000/04/13	2000/04	2000
5	2000/04/28	2000/04	2000
6	2000/05/05	2000/05	2000
7	2000/05/18	2000/05	2000
\.


--
-- Data for Name: track; Type: TABLE DATA; Schema: public; Owner: postgres
--

COPY public.track (recordid, tnumber, title, length) FROM stdin;
1	1	Mein 1.-schoenstes Lied	182
1	2	Mein 2.-schoenstes Lied	143
1	3	Mein 3.-schoenstes Lied	205
1	4	Mein 4.-schoenstes Lied	199
2	1	Mein 5.-schoenstes Lied	176
2	2	Mein 6.-schoenstes Lied	177
2	3	Mein 7.-schoenstes Lied	178
2	4	Mein 8.-schoenstes Lied	179
2	5	Mein 9.-schoenstes Lied	209
3	1	Noch ein schoenes Lied - Disco Version	180
3	2	Noch ein schoenes Lied - Extended Version	190
4	1	Der blaue Bach	192
4	2	Der gruene Bach	209
4	3	Der weisse Bach	170
4	4	Der andere blaue Bach	206
4	5	Der zweite gruene Bach	190
4	6	Der dritte gruene Bach	220
5	1	Die Buche	190
5	2	Die Eiche	200
5	3	Die Tanne	210
5	4	Die Fichte	220
5	5	Der Kirschbaum	230
5	6	Die Linde	240
5	7	Die Birke	220
5	8	Die Kiefer	208
6	1	Die Wiese - Vocal	270
6	2	Die Wiese - Instrumental	270
7	1	Das Feld - Vocal	170
7	2	Das Feld - Instrumental	173
8	1	Martins Ruebenacker	194
8	2	Kurts Maisacker	234
8	3	Lisas Getreideacker	210
8	4	Marias Gemuesefeld	195
9	1	Graz-Jodler	250
10	1	Innsbruck-Joder	184
10	2	Kitzbuehel-Joder	191
11	1	Bregenz-Jodler	301
12	1	Grinzing-Jodler	140
13	1	St.-Johann-Jodler	262
13	2	Zell-am-See-Jodler	213
14	1	Klagenfurt-Jodler	200
14	2	Villach-Jodler	211
15	1	Colosseo	240
15	2	Vaticano	253
15	3	Fontana di Trevi	187
15	4	Piazza di Spagna	210
16	1	Ponte di Rialto	182
16	2	San Marco	194
17	1	Luigi	240
17	2	Alessandra	253
17	3	Antonio	187
17	4	Gianna	199
17	5	Adriano	177
17	6	Nicoletta	310
\.


--
-- Data for Name: wartung; Type: TABLE DATA; Schema: public; Owner: postgres
--

COPY public.wartung (rechner, tag, vonstunde, bisstunde) FROM stdin;
andi	11	14	15
bibi	10	11	12
caesar	13	10	12
dora	14	14	18
andi	10	12	13
\.


--
-- Data for Name: wohnung; Type: TABLE DATA; Schema: public; Owner: postgres
--

COPY public.wohnung (wohnnr, eigentuemer, bezirk, gross) FROM stdin;
1	6	4	62
2	6	1	100
3	4	1	60
5	7	5	40
6	3	3	100
8	9	5	40
9	10	5	100
10	4	3	30
11	7	3	95
12	9	3	50
13	10	4	120
\.


--
-- Data for Name: workson; Type: TABLE DATA; Schema: public; Owner: postgres
--

COPY public.workson (snum, pnum, hours) FROM stdin;
E001	P005	8
E003	P003	16
E007	P004	16
E011	P005	16
E011	P012	16
E015	P005	16
E015	P012	16
E004	P001	8
E012	P001	16
E004	P007	8
E012	P007	16
E008	P006	8
E016	P006	8
E008	P002	8
E016	P002	8
E008	P008	8
E016	P008	16
E017	P011	32
E018	P009	32
E019	P010	32
\.


--
-- Name: benutzer benutzer_pkey; Type: CONSTRAINT; Schema: public; Owner: postgres
--

ALTER TABLE ONLY public.benutzer
    ADD CONSTRAINT benutzer_pkey PRIMARY KEY (bennr);


--
-- Name: book book_pkey; Type: CONSTRAINT; Schema: public; Owner: postgres
--

ALTER TABLE ONLY public.book
    ADD CONSTRAINT book_pkey PRIMARY KEY (bookid);


--
-- Name: bookcopies bookcopies_pkey; Type: CONSTRAINT; Schema: public; Owner: postgres
--

ALTER TABLE ONLY public.bookcopies
    ADD CONSTRAINT bookcopies_pkey PRIMARY KEY (bookid, branchid);


--
-- Name: bookloan bookloan_pkey; Type: CONSTRAINT; Schema: public; Owner: postgres
--

ALTER TABLE ONLY public.bookloan
    ADD CONSTRAINT bookloan_pkey PRIMARY KEY (bookid, branchid, cardno);


--
-- Name: borrower borrower_pkey; Type: CONSTRAINT; Schema: public; Owner: postgres
--

ALTER TABLE ONLY public.borrower
    ADD CONSTRAINT borrower_pkey PRIMARY KEY (cardno);


--
-- Name: branch branch_pkey; Type: CONSTRAINT; Schema: public; Owner: postgres
--

ALTER TABLE ONLY public.branch
    ADD CONSTRAINT branch_pkey PRIMARY KEY (branchid);


--
-- Name: buch buch_pkey; Type: CONSTRAINT; Schema: public; Owner: postgres
--

ALTER TABLE ONLY public.buch
    ADD CONSTRAINT buch_pkey PRIMARY KEY (buchnr);


--
-- Name: course course_pkey; Type: CONSTRAINT; Schema: public; Owner: postgres
--

ALTER TABLE ONLY public.course
    ADD CONSTRAINT course_pkey PRIMARY KEY (coursecode);


--
-- Name: dept dept_pkey; Type: CONSTRAINT; Schema: public; Owner: postgres
--

ALTER TABLE ONLY public.dept
    ADD CONSTRAINT dept_pkey PRIMARY KEY (dnum);


--
-- Name: deptlocation deptlocation_pkey; Type: CONSTRAINT; Schema: public; Owner: postgres
--

ALTER TABLE ONLY public.deptlocation
    ADD CONSTRAINT deptlocation_pkey PRIMARY KEY (dnum, dcity);


--
-- Name: enrollment enrollment_pkey; Type: CONSTRAINT; Schema: public; Owner: postgres
--

ALTER TABLE ONLY public.enrollment
    ADD CONSTRAINT enrollment_pkey PRIMARY KEY (studentid, coursecode);


--
-- Name: entlehng entlehng_buch_benutzer_von_key; Type: CONSTRAINT; Schema: public; Owner: postgres
--

ALTER TABLE ONLY public.entlehng
    ADD CONSTRAINT entlehng_buch_benutzer_von_key UNIQUE (buch, benutzer, von);


--
-- Name: entlehng entlehng_pkey; Type: CONSTRAINT; Schema: public; Owner: postgres
--

ALTER TABLE ONLY public.entlehng
    ADD CONSTRAINT entlehng_pkey PRIMARY KEY (entlngnr);


--
-- Name: location location_pkey; Type: CONSTRAINT; Schema: public; Owner: postgres
--

ALTER TABLE ONLY public.location
    ADD CONSTRAINT location_pkey PRIMARY KEY (locno);


--
-- Name: person person_pkey; Type: CONSTRAINT; Schema: public; Owner: postgres
--

ALTER TABLE ONLY public.person
    ADD CONSTRAINT person_pkey PRIMARY KEY (persnr);


--
-- Name: booking pk_booking; Type: CONSTRAINT; Schema: public; Owner: postgres
--

ALTER TABLE ONLY public.booking
    ADD CONSTRAINT pk_booking PRIMARY KEY (hno, gno, datefrom);


--
-- Name: guest pk_guest; Type: CONSTRAINT; Schema: public; Owner: postgres
--

ALTER TABLE ONLY public.guest
    ADD CONSTRAINT pk_guest PRIMARY KEY (gno);


--
-- Name: hotel pk_hotel; Type: CONSTRAINT; Schema: public; Owner: postgres
--

ALTER TABLE ONLY public.hotel
    ADD CONSTRAINT pk_hotel PRIMARY KEY (hno);


--
-- Name: room pk_room; Type: CONSTRAINT; Schema: public; Owner: postgres
--

ALTER TABLE ONLY public.room
    ADD CONSTRAINT pk_room PRIMARY KEY (hno, rno);


--
-- Name: product product_pkey; Type: CONSTRAINT; Schema: public; Owner: postgres
--

ALTER TABLE ONLY public.product
    ADD CONSTRAINT product_pkey PRIMARY KEY (prodno);


--
-- Name: produkt produkt_uk41098377439043; Type: CONSTRAINT; Schema: public; Owner: postgres
--

ALTER TABLE ONLY public.produkt
    ADD CONSTRAINT produkt_uk41098377439043 UNIQUE (bezeichnung);


--
-- Name: project project_pkey; Type: CONSTRAINT; Schema: public; Owner: postgres
--

ALTER TABLE ONLY public.project
    ADD CONSTRAINT project_pkey PRIMARY KEY (pnum);


--
-- Name: purchase purchase_pkey; Type: CONSTRAINT; Schema: public; Owner: postgres
--

ALTER TABLE ONLY public.purchase
    ADD CONSTRAINT purchase_pkey PRIMARY KEY (dayno, prodno);


--
-- Name: rechnung rechnung_pkey; Type: CONSTRAINT; Schema: public; Owner: postgres
--

ALTER TABLE ONLY public.rechnung
    ADD CONSTRAINT rechnung_pkey PRIMARY KEY (rechnungnr, datum);


--
-- Name: rechnungpos rechnungpos_pkey; Type: CONSTRAINT; Schema: public; Owner: postgres
--

ALTER TABLE ONLY public.rechnungpos
    ADD CONSTRAINT rechnungpos_pkey PRIMARY KEY (rechnungnr, datum, positionnr);


--
-- Name: reserviert reserviert_pkey; Type: CONSTRAINT; Schema: public; Owner: postgres
--

ALTER TABLE ONLY public.reserviert
    ADD CONSTRAINT reserviert_pkey PRIMARY KEY (tno, tag, stunde);


--
-- Name: sales sales_pkey; Type: CONSTRAINT; Schema: public; Owner: postgres
--

ALTER TABLE ONLY public.sales
    ADD CONSTRAINT sales_pkey PRIMARY KEY (dayno, locno, prodno);


--
-- Name: segment segment_pkey; Type: CONSTRAINT; Schema: public; Owner: postgres
--

ALTER TABLE ONLY public.segment
    ADD CONSTRAINT segment_pkey PRIMARY KEY (code, segid);


--
-- Name: sortiment sortiment_pkey; Type: CONSTRAINT; Schema: public; Owner: postgres
--

ALTER TABLE ONLY public.sortiment
    ADD CONSTRAINT sortiment_pkey PRIMARY KEY (filnr, ean);


--
-- Name: staff staff_pkey; Type: CONSTRAINT; Schema: public; Owner: postgres
--

ALTER TABLE ONLY public.staff
    ADD CONSTRAINT staff_pkey PRIMARY KEY (snum);


--
-- Name: staffhotel staffhotel_pkey; Type: CONSTRAINT; Schema: public; Owner: postgres
--

ALTER TABLE ONLY public.staffhotel
    ADD CONSTRAINT staffhotel_pkey PRIMARY KEY (sno);


--
-- Name: strassenart strassenart_pkey; Type: CONSTRAINT; Schema: public; Owner: postgres
--

ALTER TABLE ONLY public.strassenart
    ADD CONSTRAINT strassenart_pkey PRIMARY KEY (art);


--
-- Name: studenten studenten_pkey; Type: CONSTRAINT; Schema: public; Owner: postgres
--

ALTER TABLE ONLY public.studenten
    ADD CONSTRAINT studenten_pkey PRIMARY KEY (mano);


--
-- Name: students students_pkey; Type: CONSTRAINT; Schema: public; Owner: postgres
--

ALTER TABLE ONLY public.students
    ADD CONSTRAINT students_pkey PRIMARY KEY (studentid);


--
-- Name: ort sys_c002764; Type: CONSTRAINT; Schema: public; Owner: postgres
--

ALTER TABLE ONLY public.ort
    ADD CONSTRAINT sys_c002764 PRIMARY KEY (plz);


--
-- Name: strasse sys_c002766; Type: CONSTRAINT; Schema: public; Owner: postgres
--

ALTER TABLE ONLY public.strasse
    ADD CONSTRAINT sys_c002766 PRIMARY KEY (name);


--
-- Name: liegtanstrasse sys_c002770; Type: CONSTRAINT; Schema: public; Owner: postgres
--

ALTER TABLE ONLY public.liegtanstrasse
    ADD CONSTRAINT sys_c002770 PRIMARY KEY (strassenname, ort);


--
-- Name: produkt sys_c002817; Type: CONSTRAINT; Schema: public; Owner: postgres
--

ALTER TABLE ONLY public.produkt
    ADD CONSTRAINT sys_c002817 PRIMARY KEY (ean);


--
-- Name: filiale sys_c002821; Type: CONSTRAINT; Schema: public; Owner: postgres
--

ALTER TABLE ONLY public.filiale
    ADD CONSTRAINT sys_c002821 PRIMARY KEY (filnr);


--
-- Name: kunde sys_c002824; Type: CONSTRAINT; Schema: public; Owner: postgres
--

ALTER TABLE ONLY public.kunde
    ADD CONSTRAINT sys_c002824 PRIMARY KEY (kundenr);


--
-- Name: bauprodukt sys_c002850; Type: CONSTRAINT; Schema: public; Owner: postgres
--

ALTER TABLE ONLY public.bauprodukt
    ADD CONSTRAINT sys_c002850 PRIMARY KEY (prod_nr);


--
-- Name: bestellung sys_c002853; Type: CONSTRAINT; Schema: public; Owner: postgres
--

ALTER TABLE ONLY public.bestellung
    ADD CONSTRAINT sys_c002853 PRIMARY KEY (bestell_nr);


--
-- Name: bestellposition sys_c002856; Type: CONSTRAINT; Schema: public; Owner: postgres
--

ALTER TABLE ONLY public.bestellposition
    ADD CONSTRAINT sys_c002856 PRIMARY KEY (bestell_nr, pos_nr);


--
-- Name: lieferschein sys_c002859; Type: CONSTRAINT; Schema: public; Owner: postgres
--

ALTER TABLE ONLY public.lieferschein
    ADD CONSTRAINT sys_c002859 PRIMARY KEY (liefer_nr);


--
-- Name: lieferposition sys_c002862; Type: CONSTRAINT; Schema: public; Owner: postgres
--

ALTER TABLE ONLY public.lieferposition
    ADD CONSTRAINT sys_c002862 PRIMARY KEY (liefer_nr, lieferpos_nr);


--
-- Name: human sys_c002867; Type: CONSTRAINT; Schema: public; Owner: postgres
--

ALTER TABLE ONLY public.human
    ADD CONSTRAINT sys_c002867 PRIMARY KEY (name);


--
-- Name: parent sys_c002868; Type: CONSTRAINT; Schema: public; Owner: postgres
--

ALTER TABLE ONLY public.parent
    ADD CONSTRAINT sys_c002868 PRIMARY KEY (parentname, childname);


--
-- Name: artist sys_c002893; Type: CONSTRAINT; Schema: public; Owner: postgres
--

ALTER TABLE ONLY public.artist
    ADD CONSTRAINT sys_c002893 PRIMARY KEY (name);


--
-- Name: genre sys_c002894; Type: CONSTRAINT; Schema: public; Owner: postgres
--

ALTER TABLE ONLY public.genre
    ADD CONSTRAINT sys_c002894 PRIMARY KEY (genreid);


--
-- Name: record sys_c002895; Type: CONSTRAINT; Schema: public; Owner: postgres
--

ALTER TABLE ONLY public.record
    ADD CONSTRAINT sys_c002895 PRIMARY KEY (recordid);


--
-- Name: distribute sys_c002900; Type: CONSTRAINT; Schema: public; Owner: postgres
--

ALTER TABLE ONLY public.distribute
    ADD CONSTRAINT sys_c002900 PRIMARY KEY (recordid, media);


--
-- Name: fakultaet sys_c002923; Type: CONSTRAINT; Schema: public; Owner: postgres
--

ALTER TABLE ONLY public.fakultaet
    ADD CONSTRAINT sys_c002923 PRIMARY KEY (kurzbez);


--
-- Name: studienrichtung sys_c002926; Type: CONSTRAINT; Schema: public; Owner: postgres
--

ALTER TABLE ONLY public.studienrichtung
    ADD CONSTRAINT sys_c002926 PRIMARY KEY (kennzahl);


--
-- Name: koje sys_c002929; Type: CONSTRAINT; Schema: public; Owner: postgres
--

ALTER TABLE ONLY public.koje
    ADD CONSTRAINT sys_c002929 PRIMARY KEY (standnr);


--
-- Name: orteverbindung sys_c002933; Type: CONSTRAINT; Schema: public; Owner: postgres
--

ALTER TABLE ONLY public.orteverbindung
    ADD CONSTRAINT sys_c002933 PRIMARY KEY (strassenname, ortvon, ortnach);


--
-- Name: node sys_c003458; Type: CONSTRAINT; Schema: public; Owner: postgres
--

ALTER TABLE ONLY public.node
    ADD CONSTRAINT sys_c003458 PRIMARY KEY (nodeid);


--
-- Name: highway sys_c003463; Type: CONSTRAINT; Schema: public; Owner: postgres
--

ALTER TABLE ONLY public.highway
    ADD CONSTRAINT sys_c003463 PRIMARY KEY (code);


--
-- Name: highway sys_c003464; Type: CONSTRAINT; Schema: public; Owner: postgres
--

ALTER TABLE ONLY public.highway
    ADD CONSTRAINT sys_c003464 UNIQUE (name);


--
-- Name: city sys_c003475; Type: CONSTRAINT; Schema: public; Owner: postgres
--

ALTER TABLE ONLY public.city
    ADD CONSTRAINT sys_c003475 PRIMARY KEY (zip);


--
-- Name: city sys_c003476; Type: CONSTRAINT; Schema: public; Owner: postgres
--

ALTER TABLE ONLY public.city
    ADD CONSTRAINT sys_c003476 UNIQUE (name);


--
-- Name: exit sys_c003479; Type: CONSTRAINT; Schema: public; Owner: postgres
--

ALTER TABLE ONLY public.exit
    ADD CONSTRAINT sys_c003479 PRIMARY KEY (nodeid);


--
-- Name: exit sys_c003480; Type: CONSTRAINT; Schema: public; Owner: postgres
--

ALTER TABLE ONLY public.exit
    ADD CONSTRAINT sys_c003480 UNIQUE (exitno);


--
-- Name: highwayexit sys_c003484; Type: CONSTRAINT; Schema: public; Owner: postgres
--

ALTER TABLE ONLY public.highwayexit
    ADD CONSTRAINT sys_c003484 PRIMARY KEY (nodeid);


--
-- Name: intersection sys_c003488; Type: CONSTRAINT; Schema: public; Owner: postgres
--

ALTER TABLE ONLY public.intersection
    ADD CONSTRAINT sys_c003488 PRIMARY KEY (nodeid);


--
-- Name: intersection sys_c003489; Type: CONSTRAINT; Schema: public; Owner: postgres
--

ALTER TABLE ONLY public.intersection
    ADD CONSTRAINT sys_c003489 UNIQUE (name);


--
-- Name: highwayintersection sys_c003492; Type: CONSTRAINT; Schema: public; Owner: postgres
--

ALTER TABLE ONLY public.highwayintersection
    ADD CONSTRAINT sys_c003492 PRIMARY KEY (code, nodeid);


--
-- Name: student sys_c005003; Type: CONSTRAINT; Schema: public; Owner: postgres
--

ALTER TABLE ONLY public.student
    ADD CONSTRAINT sys_c005003 PRIMARY KEY (matrikelnr);


--
-- Name: kurs sys_c005004; Type: CONSTRAINT; Schema: public; Owner: postgres
--

ALTER TABLE ONLY public.kurs
    ADD CONSTRAINT sys_c005004 PRIMARY KEY (kursnr);


--
-- Name: belegung sys_c005005; Type: CONSTRAINT; Schema: public; Owner: postgres
--

ALTER TABLE ONLY public.belegung
    ADD CONSTRAINT sys_c005005 PRIMARY KEY (matrikelnr, kursnr);


--
-- Name: terminal terminal_pkey; Type: CONSTRAINT; Schema: public; Owner: postgres
--

ALTER TABLE ONLY public.terminal
    ADD CONSTRAINT terminal_pkey PRIMARY KEY (tno);


--
-- Name: time time_pkey; Type: CONSTRAINT; Schema: public; Owner: postgres
--

ALTER TABLE ONLY public."time"
    ADD CONSTRAINT time_pkey PRIMARY KEY (dayno);


--
-- Name: track track_pkey; Type: CONSTRAINT; Schema: public; Owner: postgres
--

ALTER TABLE ONLY public.track
    ADD CONSTRAINT track_pkey PRIMARY KEY (recordid, tnumber);


--
-- Name: wartung wartung_pkey; Type: CONSTRAINT; Schema: public; Owner: postgres
--

ALTER TABLE ONLY public.wartung
    ADD CONSTRAINT wartung_pkey PRIMARY KEY (rechner, tag, vonstunde);


--
-- Name: wohnung wohnung_pkey; Type: CONSTRAINT; Schema: public; Owner: postgres
--

ALTER TABLE ONLY public.wohnung
    ADD CONSTRAINT wohnung_pkey PRIMARY KEY (wohnnr);


--
-- Name: workson workson_pkey; Type: CONSTRAINT; Schema: public; Owner: postgres
--

ALTER TABLE ONLY public.workson
    ADD CONSTRAINT workson_pkey PRIMARY KEY (snum, pnum);


--
-- Name: bookcopies bookcopies_bookid_fkey; Type: FK CONSTRAINT; Schema: public; Owner: postgres
--

ALTER TABLE ONLY public.bookcopies
    ADD CONSTRAINT bookcopies_bookid_fkey FOREIGN KEY (bookid) REFERENCES public.book(bookid);


--
-- Name: bookcopies bookcopies_branchid_fkey; Type: FK CONSTRAINT; Schema: public; Owner: postgres
--

ALTER TABLE ONLY public.bookcopies
    ADD CONSTRAINT bookcopies_branchid_fkey FOREIGN KEY (branchid) REFERENCES public.branch(branchid);


--
-- Name: bookloan bookloan_bookid_fkey; Type: FK CONSTRAINT; Schema: public; Owner: postgres
--

ALTER TABLE ONLY public.bookloan
    ADD CONSTRAINT bookloan_bookid_fkey FOREIGN KEY (bookid) REFERENCES public.book(bookid);


--
-- Name: bookloan bookloan_branchid_fkey; Type: FK CONSTRAINT; Schema: public; Owner: postgres
--

ALTER TABLE ONLY public.bookloan
    ADD CONSTRAINT bookloan_branchid_fkey FOREIGN KEY (branchid) REFERENCES public.branch(branchid);


--
-- Name: bookloan bookloan_cardno_fkey; Type: FK CONSTRAINT; Schema: public; Owner: postgres
--

ALTER TABLE ONLY public.bookloan
    ADD CONSTRAINT bookloan_cardno_fkey FOREIGN KEY (cardno) REFERENCES public.borrower(cardno);


--
-- Name: borrower borrower_borrowerbranch_fkey; Type: FK CONSTRAINT; Schema: public; Owner: postgres
--

ALTER TABLE ONLY public.borrower
    ADD CONSTRAINT borrower_borrowerbranch_fkey FOREIGN KEY (borrowerbranch) REFERENCES public.branch(branchid);


--
-- Name: dept dept_fk_staff; Type: FK CONSTRAINT; Schema: public; Owner: postgres
--

ALTER TABLE ONLY public.dept
    ADD CONSTRAINT dept_fk_staff FOREIGN KEY (manager) REFERENCES public.staff(snum) DEFERRABLE INITIALLY DEFERRED;


--
-- Name: deptlocation deptlocation_dnum_fkey; Type: FK CONSTRAINT; Schema: public; Owner: postgres
--

ALTER TABLE ONLY public.deptlocation
    ADD CONSTRAINT deptlocation_dnum_fkey FOREIGN KEY (dnum) REFERENCES public.dept(dnum);


--
-- Name: enrollment enrollment_coursecode_fkey; Type: FK CONSTRAINT; Schema: public; Owner: postgres
--

ALTER TABLE ONLY public.enrollment
    ADD CONSTRAINT enrollment_coursecode_fkey FOREIGN KEY (coursecode) REFERENCES public.course(coursecode);


--
-- Name: enrollment enrollment_studentid_fkey; Type: FK CONSTRAINT; Schema: public; Owner: postgres
--

ALTER TABLE ONLY public.enrollment
    ADD CONSTRAINT enrollment_studentid_fkey FOREIGN KEY (studentid) REFERENCES public.students(studentid);


--
-- Name: entlehng entlehng_benutzer_fkey; Type: FK CONSTRAINT; Schema: public; Owner: postgres
--

ALTER TABLE ONLY public.entlehng
    ADD CONSTRAINT entlehng_benutzer_fkey FOREIGN KEY (benutzer) REFERENCES public.benutzer(bennr);


--
-- Name: entlehng entlehng_buch_fkey; Type: FK CONSTRAINT; Schema: public; Owner: postgres
--

ALTER TABLE ONLY public.entlehng
    ADD CONSTRAINT entlehng_buch_fkey FOREIGN KEY (buch) REFERENCES public.buch(buchnr);


--
-- Name: room fk_room_hno; Type: FK CONSTRAINT; Schema: public; Owner: postgres
--

ALTER TABLE ONLY public.room
    ADD CONSTRAINT fk_room_hno FOREIGN KEY (hno) REFERENCES public.hotel(hno);


--
-- Name: project project_dnum_fkey; Type: FK CONSTRAINT; Schema: public; Owner: postgres
--

ALTER TABLE ONLY public.project
    ADD CONSTRAINT project_dnum_fkey FOREIGN KEY (dnum) REFERENCES public.dept(dnum);


--
-- Name: purchase purchase_dayno_fkey; Type: FK CONSTRAINT; Schema: public; Owner: postgres
--

ALTER TABLE ONLY public.purchase
    ADD CONSTRAINT purchase_dayno_fkey FOREIGN KEY (dayno) REFERENCES public."time"(dayno);


--
-- Name: purchase purchase_prodno_fkey; Type: FK CONSTRAINT; Schema: public; Owner: postgres
--

ALTER TABLE ONLY public.purchase
    ADD CONSTRAINT purchase_prodno_fkey FOREIGN KEY (prodno) REFERENCES public.product(prodno);


--
-- Name: sales sales_dayno_fkey; Type: FK CONSTRAINT; Schema: public; Owner: postgres
--

ALTER TABLE ONLY public.sales
    ADD CONSTRAINT sales_dayno_fkey FOREIGN KEY (dayno) REFERENCES public."time"(dayno);


--
-- Name: sales sales_locno_fkey; Type: FK CONSTRAINT; Schema: public; Owner: postgres
--

ALTER TABLE ONLY public.sales
    ADD CONSTRAINT sales_locno_fkey FOREIGN KEY (locno) REFERENCES public.location(locno);


--
-- Name: sales sales_prodno_fkey; Type: FK CONSTRAINT; Schema: public; Owner: postgres
--

ALTER TABLE ONLY public.sales
    ADD CONSTRAINT sales_prodno_fkey FOREIGN KEY (prodno) REFERENCES public.product(prodno);


--
-- Name: staff staff_dnum_fkey; Type: FK CONSTRAINT; Schema: public; Owner: postgres
--

ALTER TABLE ONLY public.staff
    ADD CONSTRAINT staff_dnum_fkey FOREIGN KEY (dnum) REFERENCES public.dept(dnum);


--
-- Name: liegtanstrasse sys_c002771; Type: FK CONSTRAINT; Schema: public; Owner: postgres
--

ALTER TABLE ONLY public.liegtanstrasse
    ADD CONSTRAINT sys_c002771 FOREIGN KEY (strassenname) REFERENCES public.strasse(name) ON DELETE CASCADE DEFERRABLE INITIALLY DEFERRED;


--
-- Name: liegtanstrasse sys_c002772; Type: FK CONSTRAINT; Schema: public; Owner: postgres
--

ALTER TABLE ONLY public.liegtanstrasse
    ADD CONSTRAINT sys_c002772 FOREIGN KEY (ort) REFERENCES public.ort(plz) ON DELETE CASCADE DEFERRABLE INITIALLY DEFERRED;


--
-- Name: bestellposition sys_c002857; Type: FK CONSTRAINT; Schema: public; Owner: postgres
--

ALTER TABLE ONLY public.bestellposition
    ADD CONSTRAINT sys_c002857 FOREIGN KEY (prod_nr) REFERENCES public.bauprodukt(prod_nr);


--
-- Name: lieferposition sys_c002863; Type: FK CONSTRAINT; Schema: public; Owner: postgres
--

ALTER TABLE ONLY public.lieferposition
    ADD CONSTRAINT sys_c002863 FOREIGN KEY (liefer_nr) REFERENCES public.lieferschein(liefer_nr) DEFERRABLE INITIALLY DEFERRED;


--
-- Name: lieferposition sys_c002864; Type: FK CONSTRAINT; Schema: public; Owner: postgres
--

ALTER TABLE ONLY public.lieferposition
    ADD CONSTRAINT sys_c002864 FOREIGN KEY (bestell_nr, bestellpos_nr) REFERENCES public.bestellposition(bestell_nr, pos_nr) DEFERRABLE INITIALLY DEFERRED;


--
-- Name: record sys_c002896; Type: FK CONSTRAINT; Schema: public; Owner: postgres
--

ALTER TABLE ONLY public.record
    ADD CONSTRAINT sys_c002896 FOREIGN KEY (artistname) REFERENCES public.artist(name);


--
-- Name: record sys_c002897; Type: FK CONSTRAINT; Schema: public; Owner: postgres
--

ALTER TABLE ONLY public.record
    ADD CONSTRAINT sys_c002897 FOREIGN KEY (genreid) REFERENCES public.genre(genreid);


--
-- Name: distribute sys_c002901; Type: FK CONSTRAINT; Schema: public; Owner: postgres
--

ALTER TABLE ONLY public.distribute
    ADD CONSTRAINT sys_c002901 FOREIGN KEY (recordid) REFERENCES public.record(recordid);


--
-- Name: studienrichtung sys_c002927; Type: FK CONSTRAINT; Schema: public; Owner: postgres
--

ALTER TABLE ONLY public.studienrichtung
    ADD CONSTRAINT sys_c002927 FOREIGN KEY (gehoert_zu) REFERENCES public.fakultaet(kurzbez);


--
-- Name: koje sys_c002932; Type: FK CONSTRAINT; Schema: public; Owner: postgres
--

ALTER TABLE ONLY public.koje
    ADD CONSTRAINT sys_c002932 FOREIGN KEY (gemietet_von) REFERENCES public.studienrichtung(kennzahl);


--
-- Name: highway sys_c003465; Type: FK CONSTRAINT; Schema: public; Owner: postgres
--

ALTER TABLE ONLY public.highway
    ADD CONSTRAINT sys_c003465 FOREIGN KEY (startnodeid) REFERENCES public.node(nodeid);


--
-- Name: highway sys_c003466; Type: FK CONSTRAINT; Schema: public; Owner: postgres
--

ALTER TABLE ONLY public.highway
    ADD CONSTRAINT sys_c003466 FOREIGN KEY (endnodeid) REFERENCES public.node(nodeid);


--
-- Name: exit sys_c003481; Type: FK CONSTRAINT; Schema: public; Owner: postgres
--

ALTER TABLE ONLY public.exit
    ADD CONSTRAINT sys_c003481 FOREIGN KEY (nodeid) REFERENCES public.node(nodeid) ON DELETE CASCADE;


--
-- Name: exit sys_c003482; Type: FK CONSTRAINT; Schema: public; Owner: postgres
--

ALTER TABLE ONLY public.exit
    ADD CONSTRAINT sys_c003482 FOREIGN KEY (zip) REFERENCES public.city(zip);


--
-- Name: highwayexit sys_c003485; Type: FK CONSTRAINT; Schema: public; Owner: postgres
--

ALTER TABLE ONLY public.highwayexit
    ADD CONSTRAINT sys_c003485 FOREIGN KEY (code) REFERENCES public.highway(code);


--
-- Name: highwayexit sys_c003486; Type: FK CONSTRAINT; Schema: public; Owner: postgres
--

ALTER TABLE ONLY public.highwayexit
    ADD CONSTRAINT sys_c003486 FOREIGN KEY (nodeid) REFERENCES public.exit(nodeid);


--
-- Name: intersection sys_c003490; Type: FK CONSTRAINT; Schema: public; Owner: postgres
--

ALTER TABLE ONLY public.intersection
    ADD CONSTRAINT sys_c003490 FOREIGN KEY (nodeid) REFERENCES public.node(nodeid) ON DELETE CASCADE;


--
-- Name: highwayintersection sys_c003493; Type: FK CONSTRAINT; Schema: public; Owner: postgres
--

ALTER TABLE ONLY public.highwayintersection
    ADD CONSTRAINT sys_c003493 FOREIGN KEY (code) REFERENCES public.highway(code);


--
-- Name: highwayintersection sys_c003494; Type: FK CONSTRAINT; Schema: public; Owner: postgres
--

ALTER TABLE ONLY public.highwayintersection
    ADD CONSTRAINT sys_c003494 FOREIGN KEY (nodeid) REFERENCES public.intersection(nodeid);


--
-- Name: belegung sys_c005006; Type: FK CONSTRAINT; Schema: public; Owner: postgres
--

ALTER TABLE ONLY public.belegung
    ADD CONSTRAINT sys_c005006 FOREIGN KEY (matrikelnr) REFERENCES public.student(matrikelnr);


--
-- Name: belegung sys_c005007; Type: FK CONSTRAINT; Schema: public; Owner: postgres
--

ALTER TABLE ONLY public.belegung
    ADD CONSTRAINT sys_c005007 FOREIGN KEY (kursnr) REFERENCES public.kurs(kursnr);


--
-- Name: workson workson_pnum_fkey; Type: FK CONSTRAINT; Schema: public; Owner: postgres
--

ALTER TABLE ONLY public.workson
    ADD CONSTRAINT workson_pnum_fkey FOREIGN KEY (pnum) REFERENCES public.project(pnum);


--
-- Name: workson workson_snum_fkey; Type: FK CONSTRAINT; Schema: public; Owner: postgres
--

ALTER TABLE ONLY public.workson
    ADD CONSTRAINT workson_snum_fkey FOREIGN KEY (snum) REFERENCES public.staff(snum);


--
-- Name: TABLE aenderungs_protokoll; Type: ACL; Schema: public; Owner: postgres
--

GRANT SELECT ON TABLE public.aenderungs_protokoll TO sql;


--
-- Name: TABLE artist; Type: ACL; Schema: public; Owner: postgres
--

GRANT SELECT ON TABLE public.artist TO sql;


--
-- Name: TABLE bauprodukt; Type: ACL; Schema: public; Owner: postgres
--

GRANT SELECT ON TABLE public.bauprodukt TO sql;


--
-- Name: TABLE belegung; Type: ACL; Schema: public; Owner: postgres
--

GRANT SELECT ON TABLE public.belegung TO sql;


--
-- Name: TABLE benutzer; Type: ACL; Schema: public; Owner: postgres
--

GRANT SELECT ON TABLE public.benutzer TO sql;


--
-- Name: TABLE bestellposition; Type: ACL; Schema: public; Owner: postgres
--

GRANT SELECT ON TABLE public.bestellposition TO sql;


--
-- Name: TABLE bestellung; Type: ACL; Schema: public; Owner: postgres
--

GRANT SELECT ON TABLE public.bestellung TO sql;


--
-- Name: TABLE book; Type: ACL; Schema: public; Owner: postgres
--

GRANT SELECT ON TABLE public.book TO sql;


--
-- Name: TABLE bookcopies; Type: ACL; Schema: public; Owner: postgres
--

GRANT SELECT ON TABLE public.bookcopies TO sql;


--
-- Name: TABLE booking; Type: ACL; Schema: public; Owner: postgres
--

GRANT SELECT ON TABLE public.booking TO sql;


--
-- Name: TABLE bookloan; Type: ACL; Schema: public; Owner: postgres
--

GRANT SELECT ON TABLE public.bookloan TO sql;


--
-- Name: TABLE borrower; Type: ACL; Schema: public; Owner: postgres
--

GRANT SELECT ON TABLE public.borrower TO sql;


--
-- Name: TABLE branch; Type: ACL; Schema: public; Owner: postgres
--

GRANT SELECT ON TABLE public.branch TO sql;


--
-- Name: TABLE buch; Type: ACL; Schema: public; Owner: postgres
--

GRANT SELECT ON TABLE public.buch TO sql;


--
-- Name: TABLE buchung; Type: ACL; Schema: public; Owner: postgres
--

GRANT SELECT ON TABLE public.buchung TO sql;


--
-- Name: TABLE city; Type: ACL; Schema: public; Owner: postgres
--

GRANT SELECT ON TABLE public.city TO sql;


--
-- Name: TABLE course; Type: ACL; Schema: public; Owner: postgres
--

GRANT SELECT ON TABLE public.course TO sql;


--
-- Name: TABLE dept; Type: ACL; Schema: public; Owner: postgres
--

GRANT SELECT ON TABLE public.dept TO sql;


--
-- Name: TABLE deptlocation; Type: ACL; Schema: public; Owner: postgres
--

GRANT SELECT ON TABLE public.deptlocation TO sql;


--
-- Name: TABLE distribute; Type: ACL; Schema: public; Owner: postgres
--

GRANT SELECT ON TABLE public.distribute TO sql;


--
-- Name: TABLE enrollment; Type: ACL; Schema: public; Owner: postgres
--

GRANT SELECT ON TABLE public.enrollment TO sql;


--
-- Name: TABLE entlehng; Type: ACL; Schema: public; Owner: postgres
--

GRANT SELECT ON TABLE public.entlehng TO sql;


--
-- Name: TABLE exit; Type: ACL; Schema: public; Owner: postgres
--

GRANT SELECT ON TABLE public.exit TO sql;


--
-- Name: TABLE fakultaet; Type: ACL; Schema: public; Owner: postgres
--

GRANT SELECT ON TABLE public.fakultaet TO sql;


--
-- Name: TABLE filiale; Type: ACL; Schema: public; Owner: postgres
--

GRANT SELECT ON TABLE public.filiale TO sql;


--
-- Name: TABLE genre; Type: ACL; Schema: public; Owner: postgres
--

GRANT SELECT ON TABLE public.genre TO sql;


--
-- Name: TABLE gewinne; Type: ACL; Schema: public; Owner: postgres
--

GRANT SELECT ON TABLE public.gewinne TO sql;


--
-- Name: TABLE guest; Type: ACL; Schema: public; Owner: postgres
--

GRANT SELECT ON TABLE public.guest TO sql;


--
-- Name: TABLE highway; Type: ACL; Schema: public; Owner: postgres
--

GRANT SELECT ON TABLE public.highway TO sql;


--
-- Name: TABLE highwayexit; Type: ACL; Schema: public; Owner: postgres
--

GRANT SELECT ON TABLE public.highwayexit TO sql;


--
-- Name: TABLE highwayintersection; Type: ACL; Schema: public; Owner: postgres
--

GRANT SELECT ON TABLE public.highwayintersection TO sql;


--
-- Name: TABLE hotel; Type: ACL; Schema: public; Owner: postgres
--

GRANT SELECT ON TABLE public.hotel TO sql;


--
-- Name: TABLE human; Type: ACL; Schema: public; Owner: postgres
--

GRANT SELECT ON TABLE public.human TO sql;


--
-- Name: TABLE inhaber; Type: ACL; Schema: public; Owner: postgres
--

GRANT SELECT ON TABLE public.inhaber TO sql;


--
-- Name: TABLE intersection; Type: ACL; Schema: public; Owner: postgres
--

GRANT SELECT ON TABLE public.intersection TO sql;


--
-- Name: TABLE koje; Type: ACL; Schema: public; Owner: postgres
--

GRANT SELECT ON TABLE public.koje TO sql;


--
-- Name: TABLE konto; Type: ACL; Schema: public; Owner: postgres
--

GRANT SELECT ON TABLE public.konto TO sql;


--
-- Name: TABLE kunde; Type: ACL; Schema: public; Owner: postgres
--

GRANT SELECT ON TABLE public.kunde TO sql;


--
-- Name: TABLE kurs; Type: ACL; Schema: public; Owner: postgres
--

GRANT SELECT ON TABLE public.kurs TO sql;


--
-- Name: TABLE lieferposition; Type: ACL; Schema: public; Owner: postgres
--

GRANT SELECT ON TABLE public.lieferposition TO sql;


--
-- Name: TABLE lieferschein; Type: ACL; Schema: public; Owner: postgres
--

GRANT SELECT ON TABLE public.lieferschein TO sql;


--
-- Name: TABLE liegtanstrasse; Type: ACL; Schema: public; Owner: postgres
--

GRANT SELECT ON TABLE public.liegtanstrasse TO sql;


--
-- Name: TABLE location; Type: ACL; Schema: public; Owner: postgres
--

GRANT SELECT ON TABLE public.location TO sql;


--
-- Name: TABLE mietet; Type: ACL; Schema: public; Owner: postgres
--

GRANT SELECT ON TABLE public.mietet TO sql;


--
-- Name: TABLE node; Type: ACL; Schema: public; Owner: postgres
--

GRANT SELECT ON TABLE public.node TO sql;


--
-- Name: TABLE ort; Type: ACL; Schema: public; Owner: postgres
--

GRANT SELECT ON TABLE public.ort TO sql;


--
-- Name: TABLE orteverbindung; Type: ACL; Schema: public; Owner: postgres
--

GRANT SELECT ON TABLE public.orteverbindung TO sql;


--
-- Name: TABLE parent; Type: ACL; Schema: public; Owner: postgres
--

GRANT SELECT ON TABLE public.parent TO sql;


--
-- Name: TABLE person; Type: ACL; Schema: public; Owner: postgres
--

GRANT SELECT ON TABLE public.person TO sql;


--
-- Name: TABLE product; Type: ACL; Schema: public; Owner: postgres
--

GRANT SELECT ON TABLE public.product TO sql;


--
-- Name: TABLE produkt; Type: ACL; Schema: public; Owner: postgres
--

GRANT SELECT ON TABLE public.produkt TO sql;


--
-- Name: TABLE project; Type: ACL; Schema: public; Owner: postgres
--

GRANT SELECT ON TABLE public.project TO sql;


--
-- Name: TABLE purchase; Type: ACL; Schema: public; Owner: postgres
--

GRANT SELECT ON TABLE public.purchase TO sql;


--
-- Name: TABLE rechnung; Type: ACL; Schema: public; Owner: postgres
--

GRANT SELECT ON TABLE public.rechnung TO sql;


--
-- Name: TABLE rechnungpos; Type: ACL; Schema: public; Owner: postgres
--

GRANT SELECT ON TABLE public.rechnungpos TO sql;


--
-- Name: TABLE record; Type: ACL; Schema: public; Owner: postgres
--

GRANT SELECT ON TABLE public.record TO sql;


--
-- Name: TABLE reserviert; Type: ACL; Schema: public; Owner: postgres
--

GRANT SELECT ON TABLE public.reserviert TO sql;


--
-- Name: TABLE room; Type: ACL; Schema: public; Owner: postgres
--

GRANT SELECT ON TABLE public.room TO sql;


--
-- Name: TABLE sales; Type: ACL; Schema: public; Owner: postgres
--

GRANT SELECT ON TABLE public.sales TO sql;


--
-- Name: TABLE segment; Type: ACL; Schema: public; Owner: postgres
--

GRANT SELECT ON TABLE public.segment TO sql;


--
-- Name: TABLE sortiment; Type: ACL; Schema: public; Owner: postgres
--

GRANT SELECT ON TABLE public.sortiment TO sql;


--
-- Name: TABLE sortiment_aenderungen; Type: ACL; Schema: public; Owner: postgres
--

GRANT SELECT ON TABLE public.sortiment_aenderungen TO sql;


--
-- Name: TABLE staff; Type: ACL; Schema: public; Owner: postgres
--

GRANT SELECT ON TABLE public.staff TO sql;


--
-- Name: TABLE staffhotel; Type: ACL; Schema: public; Owner: postgres
--

GRANT SELECT ON TABLE public.staffhotel TO sql;


--
-- Name: TABLE strasse; Type: ACL; Schema: public; Owner: postgres
--

GRANT SELECT ON TABLE public.strasse TO sql;


--
-- Name: TABLE strassenart; Type: ACL; Schema: public; Owner: postgres
--

GRANT SELECT ON TABLE public.strassenart TO sql;


--
-- Name: TABLE student; Type: ACL; Schema: public; Owner: postgres
--

GRANT SELECT ON TABLE public.student TO sql;


--
-- Name: TABLE studenten; Type: ACL; Schema: public; Owner: postgres
--

GRANT SELECT ON TABLE public.studenten TO sql;


--
-- Name: TABLE students; Type: ACL; Schema: public; Owner: postgres
--

GRANT SELECT ON TABLE public.students TO sql;


--
-- Name: TABLE studienrichtung; Type: ACL; Schema: public; Owner: postgres
--

GRANT SELECT ON TABLE public.studienrichtung TO sql;


--
-- Name: TABLE terminal; Type: ACL; Schema: public; Owner: postgres
--

GRANT SELECT ON TABLE public.terminal TO sql;


--
-- Name: TABLE test; Type: ACL; Schema: public; Owner: postgres
--

GRANT SELECT ON TABLE public.test TO sql;


--
-- Name: TABLE "time"; Type: ACL; Schema: public; Owner: postgres
--

GRANT SELECT ON TABLE public."time" TO sql;


--
-- Name: TABLE track; Type: ACL; Schema: public; Owner: postgres
--

GRANT SELECT ON TABLE public.track TO sql;


--
-- Name: TABLE wartung; Type: ACL; Schema: public; Owner: postgres
--

GRANT SELECT ON TABLE public.wartung TO sql;


--
-- Name: TABLE wohnung; Type: ACL; Schema: public; Owner: postgres
--

GRANT SELECT ON TABLE public.wohnung TO sql;


--
-- Name: TABLE workson; Type: ACL; Schema: public; Owner: postgres
--

GRANT SELECT ON TABLE public.workson TO sql;


--
-- Name: DEFAULT PRIVILEGES FOR TABLES; Type: DEFAULT ACL; Schema: public; Owner: postgres
--

ALTER DEFAULT PRIVILEGES FOR ROLE postgres IN SCHEMA public REVOKE ALL ON TABLES  FROM postgres;
ALTER DEFAULT PRIVILEGES FOR ROLE postgres IN SCHEMA public GRANT SELECT ON TABLES  TO sql;


--
-- PostgreSQL database dump complete
--

--
-- Database "sql_submission_pruefungen" dump
--

--
-- PostgreSQL database dump
--

-- Dumped from database version 13.2
-- Dumped by pg_dump version 13.2

SET statement_timeout = 0;
SET lock_timeout = 0;
SET idle_in_transaction_session_timeout = 0;
SET client_encoding = 'UTF8';
SET standard_conforming_strings = on;
SELECT pg_catalog.set_config('search_path', '', false);
SET check_function_bodies = false;
SET xmloption = content;
SET client_min_messages = warning;
SET row_security = off;

--
-- Name: sql_submission_pruefungen; Type: DATABASE; Schema: -; Owner: postgres
--

CREATE DATABASE sql_submission_pruefungen WITH TEMPLATE = template0 ENCODING = 'UTF8';


ALTER DATABASE sql_submission_pruefungen OWNER TO postgres;

\connect sql_submission_pruefungen

SET statement_timeout = 0;
SET lock_timeout = 0;
SET idle_in_transaction_session_timeout = 0;
SET client_encoding = 'UTF8';
SET standard_conforming_strings = on;
SELECT pg_catalog.set_config('search_path', '', false);
SET check_function_bodies = false;
SET xmloption = content;
SET client_min_messages = warning;
SET row_security = off;

SET default_tablespace = '';


--
-- Name: diplomprfg; Type: TABLE; Schema: public; Owner: postgres
--

CREATE TABLE public.diplomprfg (
    pnr character(5) NOT NULL,
    bezeichnung character varying(20) NOT NULL
);


ALTER TABLE public.diplomprfg OWNER TO postgres;

--
-- Name: lva; Type: TABLE; Schema: public; Owner: postgres
--

CREATE TABLE public.lva (
    lvanr numeric(6,0) NOT NULL,
    bez character varying(20) NOT NULL
);


ALTER TABLE public.lva OWNER TO postgres;

--
-- Name: professor; Type: TABLE; Schema: public; Owner: postgres
--

CREATE TABLE public.professor (
    profnr numeric NOT NULL,
    pname character varying(10) NOT NULL
);


ALTER TABLE public.professor OWNER TO postgres;

--
-- Name: student; Type: TABLE; Schema: public; Owner: postgres
--

CREATE TABLE public.student (
    matrnr numeric(7,0) NOT NULL,
    name character varying(10) NOT NULL,
    kennr numeric(3,0) NOT NULL
);


ALTER TABLE public.student OWNER TO postgres;

--
-- Name: voraussetzungen; Type: TABLE; Schema: public; Owner: postgres
--

CREATE TABLE public.voraussetzungen (
    lvanr numeric(6,0) NOT NULL,
    pnr character(5) NOT NULL
);


ALTER TABLE public.voraussetzungen OWNER TO postgres;

--
-- Name: zeugnis; Type: TABLE; Schema: public; Owner: postgres
--

CREATE TABLE public.zeugnis (
    matrnr numeric(7,0) NOT NULL,
    lvanr numeric(6,0) NOT NULL,
    note numeric(1,0) NOT NULL,
    profnr numeric(1,0)
);


ALTER TABLE public.zeugnis OWNER TO postgres;

--
-- Data for Name: diplomprfg; Type: TABLE DATA; Schema: public; Owner: postgres
--

COPY public.diplomprfg (pnr, bezeichnung) FROM stdin;
PRF01	Grundlagen DBS
PRF02	Grundlagen INF
PRF03	Grundlagen BWL
PRF04	Grundlagen VWL
PRF05	Angewandte INF
\.


--
-- Data for Name: lva; Type: TABLE DATA; Schema: public; Owner: postgres
--

COPY public.lva (lvanr, bez) FROM stdin;
100121	Expertensysteme
100122	Informatik A
100123	Informatik B
100124	EPROG
100125	Datenbanksysteme
100126	Rechnernetzwerke
100127	VWL
100128	Modellbildung
100200	BWL
100234	Datenschutz
\.


--
-- Data for Name: professor; Type: TABLE DATA; Schema: public; Owner: postgres
--

COPY public.professor (profnr, pname) FROM stdin;
1	Meier
2	Schmidt
3	Frick
4	Huber
5	Wallner
\.


--
-- Data for Name: student; Type: TABLE DATA; Schema: public; Owner: postgres
--

COPY public.student (matrnr, name, kennr) FROM stdin;
9526301	Meier	880
9525300	Huber	175
9526298	Bauer	176
9525301	Kaiser	176
9525303	Huber	175
9525650	Richter	880
9524300	Weiss	880
9525700	Traxler	177
9525701	Seyfried	175
9525702	Weikinger	880
9524790	Rechberger	880
9525791	Gangl	176
\.


--
-- Data for Name: voraussetzungen; Type: TABLE DATA; Schema: public; Owner: postgres
--

COPY public.voraussetzungen (lvanr, pnr) FROM stdin;
100121	PRF01
100122	PRF02
100123	PRF05
100124	PRF02
100125	PRF01
100126	PRF05
100127	PRF04
100128	PRF04
100200	PRF03
100234	PRF01
\.


--
-- Data for Name: zeugnis; Type: TABLE DATA; Schema: public; Owner: postgres
--

COPY public.zeugnis (matrnr, lvanr, note, profnr) FROM stdin;
9526301	100123	3	4
9525300	100123	2	5
9525301	100124	5	4
9525300	100234	3	1
9525650	100234	4	4
9525702	100123	1	4
9524300	100123	2	3
9525700	100122	3	4
9525701	100125	4	2
9525300	100126	2	2
9525701	100127	4	5
9524790	100128	5	5
\.


--
-- Name: diplomprfg diplomprfg_pkey; Type: CONSTRAINT; Schema: public; Owner: postgres
--

ALTER TABLE ONLY public.diplomprfg
    ADD CONSTRAINT diplomprfg_pkey PRIMARY KEY (pnr);


--
-- Name: lva lva_pkey; Type: CONSTRAINT; Schema: public; Owner: postgres
--

ALTER TABLE ONLY public.lva
    ADD CONSTRAINT lva_pkey PRIMARY KEY (lvanr);


--
-- Name: professor professor_pkey; Type: CONSTRAINT; Schema: public; Owner: postgres
--

ALTER TABLE ONLY public.professor
    ADD CONSTRAINT professor_pkey PRIMARY KEY (profnr);


--
-- Name: student student_pkey; Type: CONSTRAINT; Schema: public; Owner: postgres
--

ALTER TABLE ONLY public.student
    ADD CONSTRAINT student_pkey PRIMARY KEY (matrnr);


--
-- Name: voraussetzungen voraussetzungen_pkey; Type: CONSTRAINT; Schema: public; Owner: postgres
--

ALTER TABLE ONLY public.voraussetzungen
    ADD CONSTRAINT voraussetzungen_pkey PRIMARY KEY (lvanr, pnr);


--
-- Name: zeugnis zeugnis_pkey; Type: CONSTRAINT; Schema: public; Owner: postgres
--

ALTER TABLE ONLY public.zeugnis
    ADD CONSTRAINT zeugnis_pkey PRIMARY KEY (matrnr, lvanr);


--
-- Name: voraussetzungen voraussetzungen_lvanr_fkey; Type: FK CONSTRAINT; Schema: public; Owner: postgres
--

ALTER TABLE ONLY public.voraussetzungen
    ADD CONSTRAINT voraussetzungen_lvanr_fkey FOREIGN KEY (lvanr) REFERENCES public.lva(lvanr);


--
-- Name: voraussetzungen voraussetzungen_pnr_fkey; Type: FK CONSTRAINT; Schema: public; Owner: postgres
--

ALTER TABLE ONLY public.voraussetzungen
    ADD CONSTRAINT voraussetzungen_pnr_fkey FOREIGN KEY (pnr) REFERENCES public.diplomprfg(pnr);


--
-- Name: zeugnis zeugnis_lvanr_fkey; Type: FK CONSTRAINT; Schema: public; Owner: postgres
--

ALTER TABLE ONLY public.zeugnis
    ADD CONSTRAINT zeugnis_lvanr_fkey FOREIGN KEY (lvanr) REFERENCES public.lva(lvanr);


--
-- Name: zeugnis zeugnis_matrnr_fkey; Type: FK CONSTRAINT; Schema: public; Owner: postgres
--

ALTER TABLE ONLY public.zeugnis
    ADD CONSTRAINT zeugnis_matrnr_fkey FOREIGN KEY (matrnr) REFERENCES public.student(matrnr);


--
-- Name: zeugnis zeugnis_profnr_fkey; Type: FK CONSTRAINT; Schema: public; Owner: postgres
--

ALTER TABLE ONLY public.zeugnis
    ADD CONSTRAINT zeugnis_profnr_fkey FOREIGN KEY (profnr) REFERENCES public.professor(profnr);


--
-- Name: TABLE diplomprfg; Type: ACL; Schema: public; Owner: postgres
--

GRANT SELECT ON TABLE public.diplomprfg TO sql;


--
-- Name: TABLE lva; Type: ACL; Schema: public; Owner: postgres
--

GRANT SELECT ON TABLE public.lva TO sql;


--
-- Name: TABLE professor; Type: ACL; Schema: public; Owner: postgres
--

GRANT SELECT ON TABLE public.professor TO sql;


--
-- Name: TABLE student; Type: ACL; Schema: public; Owner: postgres
--

GRANT SELECT ON TABLE public.student TO sql;


--
-- Name: TABLE voraussetzungen; Type: ACL; Schema: public; Owner: postgres
--

GRANT SELECT ON TABLE public.voraussetzungen TO sql;


--
-- Name: TABLE zeugnis; Type: ACL; Schema: public; Owner: postgres
--

GRANT SELECT ON TABLE public.zeugnis TO sql;


--
-- Name: DEFAULT PRIVILEGES FOR TABLES; Type: DEFAULT ACL; Schema: public; Owner: postgres
--

ALTER DEFAULT PRIVILEGES FOR ROLE postgres IN SCHEMA public REVOKE ALL ON TABLES  FROM postgres;
ALTER DEFAULT PRIVILEGES FOR ROLE postgres IN SCHEMA public GRANT SELECT ON TABLES  TO sql;


--
-- PostgreSQL database dump complete
--

--
-- Database "sql_submission_wohnungen" dump
--

--
-- PostgreSQL database dump
--

-- Dumped from database version 13.2
-- Dumped by pg_dump version 13.2

SET statement_timeout = 0;
SET lock_timeout = 0;
SET idle_in_transaction_session_timeout = 0;
SET client_encoding = 'UTF8';
SET standard_conforming_strings = on;
SELECT pg_catalog.set_config('search_path', '', false);
SET check_function_bodies = false;
SET xmloption = content;
SET client_min_messages = warning;
SET row_security = off;

--
-- Name: sql_submission_wohnungen; Type: DATABASE; Schema: -; Owner: postgres
--

CREATE DATABASE sql_submission_wohnungen WITH TEMPLATE = template0 ENCODING = 'UTF8';


ALTER DATABASE sql_submission_wohnungen OWNER TO postgres;

\connect sql_submission_wohnungen

SET statement_timeout = 0;
SET lock_timeout = 0;
SET idle_in_transaction_session_timeout = 0;
SET client_encoding = 'UTF8';
SET standard_conforming_strings = on;
SELECT pg_catalog.set_config('search_path', '', false);
SET check_function_bodies = false;
SET xmloption = content;
SET client_min_messages = warning;
SET row_security = off;

SET default_tablespace = '';


--
-- Name: person; Type: TABLE; Schema: public; Owner: postgres
--

CREATE TABLE public.person (
    persnr integer NOT NULL,
    name character varying(10),
    stand character varying(15),
    beruf character varying(15)
);


ALTER TABLE public.person OWNER TO postgres;

--
-- Name: vermietet; Type: TABLE; Schema: public; Owner: postgres
--

CREATE TABLE public.vermietet (
    vermieternr integer,
    mieternr integer,
    wohnnr integer,
    preis numeric
);


ALTER TABLE public.vermietet OWNER TO postgres;

--
-- Name: wohnung; Type: TABLE; Schema: public; Owner: postgres
--

CREATE TABLE public.wohnung (
    wohnnr integer NOT NULL,
    bezirk integer,
    gross integer
);


ALTER TABLE public.wohnung OWNER TO postgres;

--
-- Data for Name: person; Type: TABLE DATA; Schema: public; Owner: postgres
--

COPY public.person (persnr, name, stand, beruf) FROM stdin;
1	Decker	ledig	Student
2	Meier	verheiratet	Maurer
3	Huber	ledig	Schlosser
4	Bauer	verwitwet	Beamter
5	Kaiser	verheiratet	Beamter
6	Richter	ledig	Anwalt
7	Weiss	ledig	Maler
8	Traxler	verheiratet	Student
9	Seyfried	ledig	Maurer
10	Weikinger	ledig	Lehrer
11	Rechberger	verheiratet	Hausmeister
12	Gangl	ledig	Hausmeister
13	Wallner	verwitwet	Beamter
14	Reiber	ledig	Student
\.


--
-- Data for Name: vermietet; Type: TABLE DATA; Schema: public; Owner: postgres
--

COPY public.vermietet (vermieternr, mieternr, wohnnr, preis) FROM stdin;
11	1	2	10000
11	2	7	12000
12	6	9	20000
12	9	4	10000
12	5	3	15000
6	7	11	15000
6	8	1	13000
5	11	6	20000
8	12	13	30000
8	13	5	13000
5	14	12	17000
\.


--
-- Data for Name: wohnung; Type: TABLE DATA; Schema: public; Owner: postgres
--

COPY public.wohnung (wohnnr, bezirk, gross) FROM stdin;
1	4	62
2	1	100
3	1	60
4	2	80
5	5	40
6	3	100
7	4	100
8	5	40
9	5	100
10	3	30
11	3	95
12	3	50
13	4	120
\.


--
-- Name: person person_pkey; Type: CONSTRAINT; Schema: public; Owner: postgres
--

ALTER TABLE ONLY public.person
    ADD CONSTRAINT person_pkey PRIMARY KEY (persnr);


--
-- Name: wohnung wohnung_pkey; Type: CONSTRAINT; Schema: public; Owner: postgres
--

ALTER TABLE ONLY public.wohnung
    ADD CONSTRAINT wohnung_pkey PRIMARY KEY (wohnnr);


--
-- Name: vermietet vermietet_mieternr_fkey; Type: FK CONSTRAINT; Schema: public; Owner: postgres
--

ALTER TABLE ONLY public.vermietet
    ADD CONSTRAINT vermietet_mieternr_fkey FOREIGN KEY (mieternr) REFERENCES public.person(persnr);


--
-- Name: vermietet vermietet_vermieternr_fkey; Type: FK CONSTRAINT; Schema: public; Owner: postgres
--

ALTER TABLE ONLY public.vermietet
    ADD CONSTRAINT vermietet_vermieternr_fkey FOREIGN KEY (vermieternr) REFERENCES public.person(persnr);


--
-- Name: vermietet vermietet_wohnnr_fkey; Type: FK CONSTRAINT; Schema: public; Owner: postgres
--

ALTER TABLE ONLY public.vermietet
    ADD CONSTRAINT vermietet_wohnnr_fkey FOREIGN KEY (wohnnr) REFERENCES public.wohnung(wohnnr);


--
-- Name: TABLE person; Type: ACL; Schema: public; Owner: postgres
--

GRANT SELECT ON TABLE public.person TO sql;


--
-- Name: TABLE vermietet; Type: ACL; Schema: public; Owner: postgres
--

GRANT SELECT ON TABLE public.vermietet TO sql;


--
-- Name: TABLE wohnung; Type: ACL; Schema: public; Owner: postgres
--

GRANT SELECT ON TABLE public.wohnung TO sql;


--
-- Name: DEFAULT PRIVILEGES FOR TABLES; Type: DEFAULT ACL; Schema: public; Owner: postgres
--

ALTER DEFAULT PRIVILEGES FOR ROLE postgres IN SCHEMA public REVOKE ALL ON TABLES  FROM postgres;
ALTER DEFAULT PRIVILEGES FOR ROLE postgres IN SCHEMA public GRANT SELECT ON TABLES  TO sql;


--
-- PostgreSQL database dump complete
--

--
-- Database "sql_trial_auftraege" dump
--

--
-- PostgreSQL database dump
--

-- Dumped from database version 13.2
-- Dumped by pg_dump version 13.2

SET statement_timeout = 0;
SET lock_timeout = 0;
SET idle_in_transaction_session_timeout = 0;
SET client_encoding = 'UTF8';
SET standard_conforming_strings = on;
SELECT pg_catalog.set_config('search_path', '', false);
SET check_function_bodies = false;
SET xmloption = content;
SET client_min_messages = warning;
SET row_security = off;

--
-- Name: sql_trial_auftraege; Type: DATABASE; Schema: -; Owner: postgres
--

CREATE DATABASE sql_trial_auftraege WITH TEMPLATE = template0 ENCODING = 'UTF8';


ALTER DATABASE sql_trial_auftraege OWNER TO postgres;

\connect sql_trial_auftraege

SET statement_timeout = 0;
SET lock_timeout = 0;
SET idle_in_transaction_session_timeout = 0;
SET client_encoding = 'UTF8';
SET standard_conforming_strings = on;
SELECT pg_catalog.set_config('search_path', '', false);
SET check_function_bodies = false;
SET xmloption = content;
SET client_min_messages = warning;
SET row_security = off;

SET default_tablespace = '';


--
-- Name: artikel; Type: TABLE; Schema: public; Owner: postgres
--

CREATE TABLE public.artikel (
    ean character varying(15),
    bezeichnung character varying(20),
    kategorie character varying(10),
    ekpreis numeric
);


ALTER TABLE public.artikel OWNER TO postgres;

--
-- Name: auftragskopf; Type: TABLE; Schema: public; Owner: postgres
--

CREATE TABLE public.auftragskopf (
    nr numeric,
    kunde numeric,
    vertreter character varying(3),
    lieferdatum date
);


ALTER TABLE public.auftragskopf OWNER TO postgres;

--
-- Name: auftragszeile; Type: TABLE; Schema: public; Owner: postgres
--

CREATE TABLE public.auftragszeile (
    nr numeric,
    posnr numeric,
    artikel character varying(15),
    vkpreis numeric,
    menge numeric
);


ALTER TABLE public.auftragszeile OWNER TO postgres;

--
-- Name: kunde; Type: TABLE; Schema: public; Owner: postgres
--

CREATE TABLE public.kunde (
    nr numeric,
    name character varying(15),
    gebiet character varying(5)
);


ALTER TABLE public.kunde OWNER TO postgres;

--
-- Name: vertreter; Type: TABLE; Schema: public; Owner: postgres
--

CREATE TABLE public.vertreter (
    kurzzeichen character varying(3),
    name character varying(20),
    provision numeric
);


ALTER TABLE public.vertreter OWNER TO postgres;

--
-- Data for Name: artikel; Type: TABLE DATA; Schema: public; Owner: postgres
--

COPY public.artikel (ean, bezeichnung, kategorie, ekpreis) FROM stdin;
0-666-4567-2-22	Autoschampoo	Pflege	35
0-777-4997-2-43	Glanzpolitur	Pflege	70
0-456-4887-3-22	Kaltwachs	Pflege	90
0-55-48567-16-2	Armaturenreiniger	Pflege	115
1-626-7767-2-99	Scheibenwischer	Ersatz	390
1-256-7700-2-00	Sportlenkrad	Ersatz	1300
1-333-7788-2-31	Gaspedal	Ersatz	800
2-446-7240-9-15	Rennsitz	Ersatz	18900
9-396-7510-9-00	Chromfelge	Ersatz	9000
3-211-1000-2-00	Sonnenschutz	Ersatz	160
7-2881-760-3-70	Schraubantenne	Audio	965
5-2671-955-5-55	Autoradio	Audio	5555
1-4444-652-8-88	CD-Wechsler	Audio	2345
3-1111-654-3-99	Lautsprecher	Audio	999
6-581-1766-3-45	Telefonhalter	Sonstiges	130
6-231-4777-3-15	Lenkradueberzug	Sonstiges	125
4-1161-730-3-88	Warndreieck	Sonstiges	350
0-4381-880-7-00	Verbandskasten	Sonstiges	965
5-6661-000-0-00	Abschleppseil	Sonstiges	225
\.


--
-- Data for Name: auftragskopf; Type: TABLE DATA; Schema: public; Owner: postgres
--

COPY public.auftragskopf (nr, kunde, vertreter, lieferdatum) FROM stdin;
1	11111	SL	1999-08-11
2	15882	SL	1999-09-12
3	24537	IL	1999-08-15
4	78436	GP	1999-09-10
5	95543	GP	1999-08-11
6	13451	GP	1999-09-20
7	11111	GP	1999-10-30
\.


--
-- Data for Name: auftragszeile; Type: TABLE DATA; Schema: public; Owner: postgres
--

COPY public.auftragszeile (nr, posnr, artikel, vkpreis, menge) FROM stdin;
1	1	0-666-4567-2-22	58.9	5
2	1	0-456-4887-3-22	229.9	1
2	2	2-446-7240-9-15	22500	1
3	1	5-2671-955-5-55	7000	1
4	1	6-581-1766-3-45	200	3
5	1	9-396-7510-9-00	12000	1
5	2	1-4444-652-8-88	4500	1
6	1	0-777-4997-2-43	125	3
1	1	4-1161-730-3-88	500	2
2	1	5-2671-955-5-55	6800	1
3	1	9-396-7510-9-00	12900	1
3	2	3-1111-654-3-99	1600	2
1	1	5-6661-000-0-00	530	3
1	2	7-2881-760-3-70	1300	1
1	3	0-4381-880-7-00	1350	1
2	1	0-55-48567-16-2	330	2
1	1	5-6661-000-0-00	500	3
2	1	6-231-4777-3-15	525	3
2	2	5-6661-000-0-00	490	5
2	3	9-396-7510-9-00	14000	1
1	1	3-1111-654-3-99	1300	2
2	1	1-256-7700-2-00	2200	1
3	1	5-6661-000-0-00	380	2
4	1	0-4381-880-7-00	1100	1
5	1	4-1161-730-3-88	510	3
6	1	5-6661-000-0-00	500	2
1	1	6-581-1766-3-45	150	1
2	1	5-2671-955-5-55	6900	1
3	1	6-231-4777-3-15	500	2
1	1	0-55-48567-16-2	390	5
2	1	5-6661-000-0-00	450	1
\.


--
-- Data for Name: kunde; Type: TABLE DATA; Schema: public; Owner: postgres
--

COPY public.kunde (nr, name, gebiet) FROM stdin;
11111	Roller	OST
15882	Schieber	OST
78436	Flitzer	OST
98077	Sauser	OST
24537	Raser	WEST
13451	Stuerzer	WEST
22221	Bremser	WEST
99332	Kuppler	WEST
67891	Schleifer	WEST
95543	Kurver	NORD
55789	Schleuderer	NORD
87654	Unfaller	NORD
77777	Stenzer	NORD
\.


--
-- Data for Name: vertreter; Type: TABLE DATA; Schema: public; Owner: postgres
--

COPY public.vertreter (kurzzeichen, name, provision) FROM stdin;
GP	Ginzlinger-Philip	30
IL	Innaus-Lois	20
SL	Samsonig-Leopold	10
\.


--
-- Name: TABLE artikel; Type: ACL; Schema: public; Owner: postgres
--

GRANT SELECT ON TABLE public.artikel TO sql;


--
-- Name: TABLE auftragskopf; Type: ACL; Schema: public; Owner: postgres
--

GRANT SELECT ON TABLE public.auftragskopf TO sql;


--
-- Name: TABLE auftragszeile; Type: ACL; Schema: public; Owner: postgres
--

GRANT SELECT ON TABLE public.auftragszeile TO sql;


--
-- Name: TABLE kunde; Type: ACL; Schema: public; Owner: postgres
--

GRANT SELECT ON TABLE public.kunde TO sql;


--
-- Name: TABLE vertreter; Type: ACL; Schema: public; Owner: postgres
--

GRANT SELECT ON TABLE public.vertreter TO sql;


--
-- Name: DEFAULT PRIVILEGES FOR TABLES; Type: DEFAULT ACL; Schema: public; Owner: postgres
--

ALTER DEFAULT PRIVILEGES FOR ROLE postgres IN SCHEMA public REVOKE ALL ON TABLES  FROM postgres;
ALTER DEFAULT PRIVILEGES FOR ROLE postgres IN SCHEMA public GRANT SELECT ON TABLES  TO sql;


--
-- PostgreSQL database dump complete
--

--
-- Database "sql_trial_begin" dump
--

--
-- PostgreSQL database dump
--

-- Dumped from database version 13.2
-- Dumped by pg_dump version 13.2

SET statement_timeout = 0;
SET lock_timeout = 0;
SET idle_in_transaction_session_timeout = 0;
SET client_encoding = 'UTF8';
SET standard_conforming_strings = on;
SELECT pg_catalog.set_config('search_path', '', false);
SET check_function_bodies = false;
SET xmloption = content;
SET client_min_messages = warning;
SET row_security = off;

--
-- Name: sql_trial_begin; Type: DATABASE; Schema: -; Owner: etutor
--

CREATE DATABASE sql_trial_begin WITH TEMPLATE = template0 ENCODING = 'UTF8';


ALTER DATABASE sql_trial_begin OWNER TO etutor;

\connect sql_trial_begin

SET statement_timeout = 0;
SET lock_timeout = 0;
SET idle_in_transaction_session_timeout = 0;
SET client_encoding = 'UTF8';
SET standard_conforming_strings = on;
SELECT pg_catalog.set_config('search_path', '', false);
SET check_function_bodies = false;
SET xmloption = content;
SET client_min_messages = warning;
SET row_security = off;

SET default_tablespace = '';


--
-- Name: aenderungs_protokoll; Type: TABLE; Schema: public; Owner: postgres
--

CREATE TABLE public.aenderungs_protokoll (
    filnr integer,
    ean character(15),
    vkpreis numeric(7,2),
    preisred numeric(7,2),
    bestand numeric(3,0),
    zeit date
);


ALTER TABLE public.aenderungs_protokoll OWNER TO postgres;

--
-- Name: artist; Type: TABLE; Schema: public; Owner: postgres
--

CREATE TABLE public.artist (
    name character varying(50) NOT NULL,
    nationality character varying(10)
);


ALTER TABLE public.artist OWNER TO postgres;

--
-- Name: bauprodukt; Type: TABLE; Schema: public; Owner: postgres
--

CREATE TABLE public.bauprodukt (
    prod_nr numeric(4,0) NOT NULL,
    bezeichnung character varying(50) NOT NULL
);


ALTER TABLE public.bauprodukt OWNER TO postgres;

--
-- Name: belegung; Type: TABLE; Schema: public; Owner: postgres
--

CREATE TABLE public.belegung (
    matrikelnr character varying(7) NOT NULL,
    kursnr numeric(2,0) NOT NULL,
    note numeric(1,0)
);


ALTER TABLE public.belegung OWNER TO postgres;

--
-- Name: benutzer; Type: TABLE; Schema: public; Owner: postgres
--

CREATE TABLE public.benutzer (
    bennr numeric NOT NULL,
    name character varying(20),
    gebdat date,
    adresse character varying(20)
);


ALTER TABLE public.benutzer OWNER TO postgres;

--
-- Name: bestellposition; Type: TABLE; Schema: public; Owner: postgres
--

CREATE TABLE public.bestellposition (
    bestell_nr numeric(10,0) NOT NULL,
    pos_nr numeric(4,0) NOT NULL,
    prod_nr numeric(4,0) NOT NULL,
    menge numeric(4,0) NOT NULL
);


ALTER TABLE public.bestellposition OWNER TO postgres;

--
-- Name: bestellung; Type: TABLE; Schema: public; Owner: postgres
--

CREATE TABLE public.bestellung (
    bestell_nr numeric(10,0) NOT NULL,
    datum date NOT NULL,
    anschrift character varying(100) NOT NULL
);


ALTER TABLE public.bestellung OWNER TO postgres;

--
-- Name: book; Type: TABLE; Schema: public; Owner: postgres
--

CREATE TABLE public.book (
    bookid numeric(4,0) NOT NULL,
    title character varying(30),
    author character varying(20)
);


ALTER TABLE public.book OWNER TO postgres;

--
-- Name: bookcopies; Type: TABLE; Schema: public; Owner: postgres
--

CREATE TABLE public.bookcopies (
    bookid numeric(4,0) NOT NULL,
    branchid numeric(4,0) NOT NULL,
    ncopies numeric(4,0)
);


ALTER TABLE public.bookcopies OWNER TO postgres;

--
-- Name: booking; Type: TABLE; Schema: public; Owner: postgres
--

CREATE TABLE public.booking (
    hno character(4) NOT NULL,
    gno character(4) NOT NULL,
    datefrom date NOT NULL,
    dateto date,
    rno character(4)
);


ALTER TABLE public.booking OWNER TO postgres;

--
-- Name: bookloan; Type: TABLE; Schema: public; Owner: postgres
--

CREATE TABLE public.bookloan (
    bookid numeric(4,0) NOT NULL,
    branchid numeric(4,0) NOT NULL,
    cardno numeric(4,0) NOT NULL,
    dateout date,
    duedate date
);


ALTER TABLE public.bookloan OWNER TO postgres;

--
-- Name: borrower; Type: TABLE; Schema: public; Owner: postgres
--

CREATE TABLE public.borrower (
    cardno numeric(4,0) NOT NULL,
    name character varying(20),
    sex character varying(1),
    address character varying(30),
    borrowerbranch numeric(4,0)
);


ALTER TABLE public.borrower OWNER TO postgres;

--
-- Name: branch; Type: TABLE; Schema: public; Owner: postgres
--

CREATE TABLE public.branch (
    branchid numeric(4,0) NOT NULL,
    branchname character varying(30),
    branchaddress character varying(30)
);


ALTER TABLE public.branch OWNER TO postgres;

--
-- Name: buch; Type: TABLE; Schema: public; Owner: postgres
--

CREATE TABLE public.buch (
    buchnr numeric NOT NULL,
    titel character varying(30),
    autor character varying(20)
);


ALTER TABLE public.buch OWNER TO postgres;

--
-- Name: buchung; Type: TABLE; Schema: public; Owner: postgres
--

CREATE TABLE public.buchung (
    buchngnr numeric,
    vonkonto numeric,
    aufkonto numeric,
    betrag numeric(10,2),
    datum date
);


ALTER TABLE public.buchung OWNER TO postgres;

--
-- Name: city; Type: TABLE; Schema: public; Owner: postgres
--

CREATE TABLE public.city (
    zip character(4) NOT NULL,
    name character varying(30) NOT NULL
);


ALTER TABLE public.city OWNER TO postgres;

--
-- Name: course; Type: TABLE; Schema: public; Owner: postgres
--

CREATE TABLE public.course (
    coursecode numeric(2,0) NOT NULL,
    name character varying(40),
    lecturer character varying(20)
);


ALTER TABLE public.course OWNER TO postgres;

--
-- Name: dept; Type: TABLE; Schema: public; Owner: postgres
--

CREATE TABLE public.dept (
    dnum character(4) NOT NULL,
    dname character varying(20) NOT NULL,
    manager character(4),
    mgrstartdate date
);


ALTER TABLE public.dept OWNER TO postgres;

--
-- Name: deptlocation; Type: TABLE; Schema: public; Owner: postgres
--

CREATE TABLE public.deptlocation (
    dnum character(4) NOT NULL,
    dcity character varying(20) NOT NULL
);


ALTER TABLE public.deptlocation OWNER TO postgres;

--
-- Name: distribute; Type: TABLE; Schema: public; Owner: postgres
--

CREATE TABLE public.distribute (
    recordid numeric NOT NULL,
    media character varying(20) NOT NULL,
    price numeric
);


ALTER TABLE public.distribute OWNER TO postgres;

--
-- Name: enrollment; Type: TABLE; Schema: public; Owner: postgres
--

CREATE TABLE public.enrollment (
    studentid character varying(7) NOT NULL,
    coursecode numeric(2,0) NOT NULL,
    grade numeric(1,0)
);


ALTER TABLE public.enrollment OWNER TO postgres;

--
-- Name: entlehng; Type: TABLE; Schema: public; Owner: postgres
--

CREATE TABLE public.entlehng (
    entlngnr integer NOT NULL,
    buch integer,
    benutzer integer,
    von date,
    bis date
);


ALTER TABLE public.entlehng OWNER TO postgres;

--
-- Name: exit; Type: TABLE; Schema: public; Owner: postgres
--

CREATE TABLE public.exit (
    nodeid character varying(5) NOT NULL,
    exitno character(5) NOT NULL,
    zip character(4) NOT NULL
);


ALTER TABLE public.exit OWNER TO postgres;

--
-- Name: fakultaet; Type: TABLE; Schema: public; Owner: postgres
--

CREATE TABLE public.fakultaet (
    kurzbez character varying(5) NOT NULL,
    bezeichnung character varying(50) NOT NULL
);


ALTER TABLE public.fakultaet OWNER TO postgres;

--
-- Name: filiale; Type: TABLE; Schema: public; Owner: postgres
--

CREATE TABLE public.filiale (
    filnr numeric(3,0) NOT NULL,
    inhname character varying(20) NOT NULL,
    strasse character varying(30) NOT NULL,
    plz numeric(4,0) NOT NULL
);


ALTER TABLE public.filiale OWNER TO postgres;

--
-- Name: genre; Type: TABLE; Schema: public; Owner: postgres
--

CREATE TABLE public.genre (
    genreid numeric NOT NULL,
    name character varying(30),
    anzahl numeric(3,0)
);


ALTER TABLE public.genre OWNER TO postgres;

--
-- Name: gewinne; Type: TABLE; Schema: public; Owner: postgres
--

CREATE TABLE public.gewinne (
    firma character varying(100),
    branche character varying(100),
    bundesland character varying(100),
    jahr numeric(38,0),
    umsatz numeric(10,2)
);


ALTER TABLE public.gewinne OWNER TO postgres;

--
-- Name: guest; Type: TABLE; Schema: public; Owner: postgres
--

CREATE TABLE public.guest (
    gno character(4) NOT NULL,
    name character varying(20) NOT NULL,
    address character varying(50)
);


ALTER TABLE public.guest OWNER TO postgres;

--
-- Name: highway; Type: TABLE; Schema: public; Owner: postgres
--

CREATE TABLE public.highway (
    code character(5) NOT NULL,
    name character varying(30) NOT NULL,
    startnodeid character varying(5) NOT NULL,
    endnodeid character varying(5) NOT NULL,
    CONSTRAINT sys_c003462 CHECK ((NOT ((startnodeid)::text = (endnodeid)::text)))
);


ALTER TABLE public.highway OWNER TO postgres;

--
-- Name: highwayexit; Type: TABLE; Schema: public; Owner: postgres
--

CREATE TABLE public.highwayexit (
    code character(5),
    nodeid character varying(5) NOT NULL,
    atkm numeric(5,2) NOT NULL
);


ALTER TABLE public.highwayexit OWNER TO postgres;

--
-- Name: highwayintersection; Type: TABLE; Schema: public; Owner: postgres
--

CREATE TABLE public.highwayintersection (
    code character(5) NOT NULL,
    nodeid character varying(5) NOT NULL,
    atkm numeric(5,2) NOT NULL
);


ALTER TABLE public.highwayintersection OWNER TO postgres;

--
-- Name: hotel; Type: TABLE; Schema: public; Owner: postgres
--

CREATE TABLE public.hotel (
    hno character(4) NOT NULL,
    name character varying(20) NOT NULL,
    address character varying(50)
);


ALTER TABLE public.hotel OWNER TO postgres;

--
-- Name: human; Type: TABLE; Schema: public; Owner: postgres
--

CREATE TABLE public.human (
    name character varying(50) NOT NULL,
    gender character varying(1) NOT NULL,
    age numeric(3,0) NOT NULL
);


ALTER TABLE public.human OWNER TO postgres;

--
-- Name: inhaber; Type: TABLE; Schema: public; Owner: postgres
--

CREATE TABLE public.inhaber (
    name character(20),
    gebdat date,
    adresse character(20)
);


ALTER TABLE public.inhaber OWNER TO postgres;

--
-- Name: intersection; Type: TABLE; Schema: public; Owner: postgres
--

CREATE TABLE public.intersection (
    nodeid character varying(5) NOT NULL,
    name character varying(20) NOT NULL
);


ALTER TABLE public.intersection OWNER TO postgres;

--
-- Name: koje; Type: TABLE; Schema: public; Owner: postgres
--

CREATE TABLE public.koje (
    standnr character varying(5) NOT NULL,
    flaeche numeric NOT NULL,
    linkernachbar character varying(5),
    rechternachbar character varying(5),
    gemietet_von numeric,
    beschriftung character varying(50)
);


ALTER TABLE public.koje OWNER TO postgres;

--
-- Name: konto; Type: TABLE; Schema: public; Owner: postgres
--

CREATE TABLE public.konto (
    kontonr numeric NOT NULL,
    filiale numeric,
    inhname character(20),
    gebdat date,
    saldo numeric(10,2)
);


ALTER TABLE public.konto OWNER TO postgres;

--
-- Name: kunde; Type: TABLE; Schema: public; Owner: postgres
--

CREATE TABLE public.kunde (
    kundenr numeric(5,0) NOT NULL,
    name character varying(30) NOT NULL,
    bonstufe character(1) NOT NULL
);


ALTER TABLE public.kunde OWNER TO postgres;

--
-- Name: kurs; Type: TABLE; Schema: public; Owner: postgres
--

CREATE TABLE public.kurs (
    kursnr numeric(2,0) NOT NULL,
    name character varying(40),
    lektor character varying(20)
);


ALTER TABLE public.kurs OWNER TO postgres;

--
-- Name: lieferposition; Type: TABLE; Schema: public; Owner: postgres
--

CREATE TABLE public.lieferposition (
    liefer_nr numeric(10,0) NOT NULL,
    lieferpos_nr numeric(4,0) NOT NULL,
    bestell_nr numeric(10,0) NOT NULL,
    bestellpos_nr numeric(4,0),
    menge numeric(4,0) NOT NULL
);


ALTER TABLE public.lieferposition OWNER TO postgres;

--
-- Name: lieferschein; Type: TABLE; Schema: public; Owner: postgres
--

CREATE TABLE public.lieferschein (
    liefer_nr numeric(10,0) NOT NULL,
    datum date NOT NULL
);


ALTER TABLE public.lieferschein OWNER TO postgres;

--
-- Name: liegtanstrasse; Type: TABLE; Schema: public; Owner: postgres
--

CREATE TABLE public.liegtanstrasse (
    strassenname character varying(10) NOT NULL,
    ort character varying(6) NOT NULL,
    beikm numeric(5,2)
);


ALTER TABLE public.liegtanstrasse OWNER TO postgres;

--
-- Name: location; Type: TABLE; Schema: public; Owner: postgres
--

CREATE TABLE public.location (
    locno numeric(10,0) NOT NULL,
    name character varying(10),
    city character varying(10),
    state character varying(5)
);


ALTER TABLE public.location OWNER TO postgres;

--
-- Name: mietet; Type: TABLE; Schema: public; Owner: postgres
--

CREATE TABLE public.mietet (
    mieternr numeric,
    wohnnr numeric,
    preis numeric,
    von date,
    bis date
);


ALTER TABLE public.mietet OWNER TO postgres;

--
-- Name: node; Type: TABLE; Schema: public; Owner: postgres
--

CREATE TABLE public.node (
    nodeid character varying(5) NOT NULL,
    longitude numeric(5,2) NOT NULL,
    latitude numeric(5,2) NOT NULL,
    type character(13) NOT NULL,
    CONSTRAINT sys_c003455 CHECK ((longitude > (0)::numeric)),
    CONSTRAINT sys_c003456 CHECK ((latitude > (0)::numeric)),
    CONSTRAINT sys_c003457 CHECK ((type = ANY (ARRAY['exit'::bpchar, 'intersection'::bpchar])))
);


ALTER TABLE public.node OWNER TO postgres;

--
-- Name: ort; Type: TABLE; Schema: public; Owner: postgres
--

CREATE TABLE public.ort (
    plz character varying(6) NOT NULL,
    name character varying(20)
);


ALTER TABLE public.ort OWNER TO postgres;

--
-- Name: orteverbindung; Type: TABLE; Schema: public; Owner: postgres
--

CREATE TABLE public.orteverbindung (
    strassenname character varying(10) NOT NULL,
    ortvon character varying(6) NOT NULL,
    ortnach character varying(6) NOT NULL,
    distanz numeric(5,2)
);


ALTER TABLE public.orteverbindung OWNER TO postgres;

--
-- Name: parent; Type: TABLE; Schema: public; Owner: postgres
--

CREATE TABLE public.parent (
    parentname character varying(50) NOT NULL,
    childname character varying(50) NOT NULL
);


ALTER TABLE public.parent OWNER TO postgres;

--
-- Name: person; Type: TABLE; Schema: public; Owner: postgres
--

CREATE TABLE public.person (
    persnr integer NOT NULL,
    name character varying(10),
    stand character varying(15),
    beruf character varying(15)
);


ALTER TABLE public.person OWNER TO postgres;

--
-- Name: product; Type: TABLE; Schema: public; Owner: postgres
--

CREATE TABLE public.product (
    prodno numeric(20,0) NOT NULL,
    name character varying(15),
    type character varying(10),
    cat character varying(10)
);


ALTER TABLE public.product OWNER TO postgres;

--
-- Name: produkt; Type: TABLE; Schema: public; Owner: postgres
--

CREATE TABLE public.produkt (
    ean character(15) NOT NULL,
    bezeichnung character varying(20) NOT NULL,
    kategorie character varying(10) NOT NULL,
    ekpreis numeric(7,2) NOT NULL,
    listpreis numeric(7,2) NOT NULL
);


ALTER TABLE public.produkt OWNER TO postgres;

--
-- Name: project; Type: TABLE; Schema: public; Owner: postgres
--

CREATE TABLE public.project (
    pnum character(4) NOT NULL,
    pname character varying(20) NOT NULL,
    pcity character varying(20),
    dnum character(4)
);


ALTER TABLE public.project OWNER TO postgres;

--
-- Name: purchase; Type: TABLE; Schema: public; Owner: postgres
--

CREATE TABLE public.purchase (
    dayno numeric(2,0) NOT NULL,
    prodno numeric(20,0) NOT NULL,
    qty numeric(6,0),
    price numeric(6,0)
);


ALTER TABLE public.purchase OWNER TO postgres;

--
-- Name: rechnung; Type: TABLE; Schema: public; Owner: postgres
--

CREATE TABLE public.rechnung (
    rechnungnr numeric(5,0) NOT NULL,
    datum date NOT NULL,
    bezahlt character(1) NOT NULL,
    kundenr numeric(5,0) NOT NULL,
    filnr numeric(3,0) NOT NULL
);


ALTER TABLE public.rechnung OWNER TO postgres;

--
-- Name: rechnungpos; Type: TABLE; Schema: public; Owner: postgres
--

CREATE TABLE public.rechnungpos (
    rechnungnr numeric(5,0) NOT NULL,
    datum date NOT NULL,
    ean character(15) NOT NULL,
    positionnr numeric(3,0) NOT NULL,
    einzelpreis numeric(7,2) NOT NULL,
    menge numeric(3,0) NOT NULL
);


ALTER TABLE public.rechnungpos OWNER TO postgres;

--
-- Name: record; Type: TABLE; Schema: public; Owner: postgres
--

CREATE TABLE public.record (
    recordid numeric NOT NULL,
    artistname character varying(50),
    title character varying(50),
    releasedate date,
    type character varying(20),
    genreid numeric
);


ALTER TABLE public.record OWNER TO postgres;

--
-- Name: reserviert; Type: TABLE; Schema: public; Owner: postgres
--

CREATE TABLE public.reserviert (
    tno numeric NOT NULL,
    tag numeric NOT NULL,
    stunde numeric NOT NULL,
    mano numeric NOT NULL
);


ALTER TABLE public.reserviert OWNER TO postgres;

--
-- Name: room; Type: TABLE; Schema: public; Owner: postgres
--

CREATE TABLE public.room (
    hno character(4) NOT NULL,
    rno character(4) NOT NULL,
    type character varying(10),
    price numeric(6,2)
);


ALTER TABLE public.room OWNER TO postgres;

--
-- Name: sales; Type: TABLE; Schema: public; Owner: postgres
--

CREATE TABLE public.sales (
    dayno numeric(3,0) NOT NULL,
    locno numeric(3,0) NOT NULL,
    prodno numeric(3,0) NOT NULL,
    qty numeric(3,0),
    price numeric(3,0)
);


ALTER TABLE public.sales OWNER TO postgres;

--
-- Name: segment; Type: TABLE; Schema: public; Owner: postgres
--

CREATE TABLE public.segment (
    code character(5) NOT NULL,
    segid character(5) NOT NULL,
    fromkm numeric(5,2) NOT NULL,
    tokm numeric(5,2) NOT NULL
);


ALTER TABLE public.segment OWNER TO postgres;

--
-- Name: sortiment; Type: TABLE; Schema: public; Owner: postgres
--

CREATE TABLE public.sortiment (
    filnr numeric(3,0) NOT NULL,
    ean character(15) NOT NULL,
    vkpreis numeric(7,2) NOT NULL,
    preisred numeric(7,2) NOT NULL,
    bestand numeric(3,0) NOT NULL
);


ALTER TABLE public.sortiment OWNER TO postgres;

--
-- Name: sortiment_aenderungen; Type: TABLE; Schema: public; Owner: postgres
--

CREATE TABLE public.sortiment_aenderungen (
    filnr numeric(3,0),
    ean character(15),
    vkpreis numeric(7,2),
    preisred numeric(7,2),
    bestand numeric(3,0)
);


ALTER TABLE public.sortiment_aenderungen OWNER TO postgres;

--
-- Name: staff; Type: TABLE; Schema: public; Owner: postgres
--

CREATE TABLE public.staff (
    snum character(4) NOT NULL,
    name character varying(20) NOT NULL,
    dob date,
    address character varying(30),
    city character varying(20),
    gender character(1),
    salary numeric(9,2),
    supervisor character(4),
    dnum character(4)
);


ALTER TABLE public.staff OWNER TO postgres;

--
-- Name: staffhotel; Type: TABLE; Schema: public; Owner: postgres
--

CREATE TABLE public.staffhotel (
    sno character(4) NOT NULL,
    name character varying(16) NOT NULL,
    address character varying(40),
    "position" character varying(16),
    salary numeric(8,2)
);


ALTER TABLE public.staffhotel OWNER TO postgres;

--
-- Name: strasse; Type: TABLE; Schema: public; Owner: postgres
--

CREATE TABLE public.strasse (
    name character varying(10) NOT NULL,
    bezeichnung character varying(30),
    ortvon character varying(6),
    ortnach character varying(6),
    strassenart character varying(2),
    laenge numeric(5,2)
);


ALTER TABLE public.strasse OWNER TO postgres;

--
-- Name: strassenart; Type: TABLE; Schema: public; Owner: postgres
--

CREATE TABLE public.strassenart (
    art character varying(2) NOT NULL,
    bezeichnung character varying(30)
);


ALTER TABLE public.strassenart OWNER TO postgres;

--
-- Name: student; Type: TABLE; Schema: public; Owner: postgres
--

CREATE TABLE public.student (
    matrikelnr character varying(7) NOT NULL,
    name character varying(20),
    land character varying(20)
);


ALTER TABLE public.student OWNER TO postgres;

--
-- Name: studenten; Type: TABLE; Schema: public; Owner: postgres
--

CREATE TABLE public.studenten (
    mano numeric NOT NULL,
    name character varying(10) NOT NULL,
    rechner character varying(10) NOT NULL
);


ALTER TABLE public.studenten OWNER TO postgres;

--
-- Name: students; Type: TABLE; Schema: public; Owner: postgres
--

CREATE TABLE public.students (
    studentid character varying(7) NOT NULL,
    name character varying(20),
    country character varying(20)
);


ALTER TABLE public.students OWNER TO postgres;

--
-- Name: studienrichtung; Type: TABLE; Schema: public; Owner: postgres
--

CREATE TABLE public.studienrichtung (
    kennzahl numeric NOT NULL,
    gehoert_zu character varying(5) NOT NULL,
    bezeichnung character varying(50) NOT NULL
);


ALTER TABLE public.studienrichtung OWNER TO postgres;

--
-- Name: terminal; Type: TABLE; Schema: public; Owner: postgres
--

CREATE TABLE public.terminal (
    tno numeric NOT NULL,
    rechner character varying(10) NOT NULL
);


ALTER TABLE public.terminal OWNER TO postgres;

--
-- Name: test; Type: TABLE; Schema: public; Owner: postgres
--

CREATE TABLE public.test (
    id numeric(10,0)
);


ALTER TABLE public.test OWNER TO postgres;

--
-- Name: time; Type: TABLE; Schema: public; Owner: postgres
--

CREATE TABLE public."time" (
    dayno numeric(3,0) NOT NULL,
    d character(10),
    m character(7),
    y numeric(4,0)
);


ALTER TABLE public."time" OWNER TO postgres;

--
-- Name: track; Type: TABLE; Schema: public; Owner: postgres
--

CREATE TABLE public.track (
    recordid numeric NOT NULL,
    tnumber numeric NOT NULL,
    title character varying(50),
    length numeric
);


ALTER TABLE public.track OWNER TO postgres;

--
-- Name: wartung; Type: TABLE; Schema: public; Owner: postgres
--

CREATE TABLE public.wartung (
    rechner character varying(10) NOT NULL,
    tag numeric NOT NULL,
    vonstunde numeric NOT NULL,
    bisstunde numeric
);


ALTER TABLE public.wartung OWNER TO postgres;

--
-- Name: wohnung; Type: TABLE; Schema: public; Owner: postgres
--

CREATE TABLE public.wohnung (
    wohnnr integer NOT NULL,
    eigentuemer integer,
    bezirk integer,
    gross integer
);


ALTER TABLE public.wohnung OWNER TO postgres;

--
-- Name: workson; Type: TABLE; Schema: public; Owner: postgres
--

CREATE TABLE public.workson (
    snum character(4) NOT NULL,
    pnum character(4) NOT NULL,
    hours numeric(2,0)
);


ALTER TABLE public.workson OWNER TO postgres;

--
-- Data for Name: aenderungs_protokoll; Type: TABLE DATA; Schema: public; Owner: postgres
--

COPY public.aenderungs_protokoll (filnr, ean, vkpreis, preisred, bestand, zeit) FROM stdin;
\.


--
-- Data for Name: artist; Type: TABLE DATA; Schema: public; Owner: postgres
--

COPY public.artist (name, nationality) FROM stdin;
Sigi Saenger	AT
Trude Traeller	DE
Johann Jodler	AT
Carlo Cravallo	IT
\.


--
-- Data for Name: bauprodukt; Type: TABLE DATA; Schema: public; Owner: postgres
--

COPY public.bauprodukt (prod_nr, bezeichnung) FROM stdin;
1	Zementsack
2	Ziegel
3	Betonmischmaschine
4	Schalltafel
11	Ziegel grau
\.


--
-- Data for Name: belegung; Type: TABLE DATA; Schema: public; Owner: postgres
--

COPY public.belegung (matrikelnr, kursnr, note) FROM stdin;
9978653	8	1
9978653	9	2
9978653	10	4
9978653	13	3
0034534	1	1
5489007	1	2
5489007	11	2
5489007	12	4
0299123	7	1
0299123	6	5
0178543	10	2
7813037	1	5
9954632	2	2
9954632	3	3
9954632	5	1
9755785	4	4
9755785	1	1
9856564	2	4
9876542	9	3
9876542	10	2
9800745	11	2
9800745	3	1
9900965	10	2
9900965	11	3
9900965	12	4
9955432	2	1
7732123	6	1
7732123	13	2
0023132	8	1
0023132	9	1
0023132	10	2
0199054	13	5
0203032	12	3
0203032	5	3
0278321	1	2
0278321	11	3
9722543	1	2
9677432	10	1
\.


--
-- Data for Name: benutzer; Type: TABLE DATA; Schema: public; Owner: postgres
--

COPY public.benutzer (bennr, name, gebdat, adresse) FROM stdin;
1	Steiner Heinz	2042-10-10	Linz
2	Hafner Eleonore	2060-03-09	Salzburg
3	Wopfner Karin	1975-08-13	Innsbruck
4	Steindl Kurt	2036-04-24	Wien
5	Hofreiter Martin	1980-02-12	Graz
6	Gruber Martha	2050-07-29	Klagenfurt
\.


--
-- Data for Name: bestellposition; Type: TABLE DATA; Schema: public; Owner: postgres
--

COPY public.bestellposition (bestell_nr, pos_nr, prod_nr, menge) FROM stdin;
1001	1	2	200
1001	2	3	1
1001	3	4	10
1002	1	1	150
1002	2	2	120
1002	3	4	120
1003	1	1	10
1003	2	2	40
1004	1	1	200
1004	2	2	300
1005	1	2	250
1006	1	1	90
1007	1	1	90
1008	1	1	120
1009	1	1	100
1010	1	1	90
1011	1	1	190
1012	1	1	90
1013	1	1	90
1014	1	1	90
1006	2	11	1000
1007	2	11	500
1008	2	11	350
1009	2	11	200
1010	2	11	400
1011	2	11	300
1012	2	11	400
1013	2	11	100
1014	2	11	300
\.


--
-- Data for Name: bestellung; Type: TABLE DATA; Schema: public; Owner: postgres
--

COPY public.bestellung (bestell_nr, datum, anschrift) FROM stdin;
1001	2003-10-13	Lindenstrasse 11b
1002	2002-10-11	Uniweg 1
1003	2003-10-01	Lindenstrasse 11b
1004	2002-06-05	Uniweg 1
1005	2003-10-13	Uniweg 1
1006	2003-10-13	Lindenstrasse 11b
1007	2003-10-13	Lindenstrasse 11b
1008	2003-10-13	Lindenstrasse 11b
1009	2003-10-13	Lindenstrasse 11b
1010	2003-10-13	Lindenstrasse 11b
1011	2003-10-13	Lindenstrasse 11b
1012	2003-10-13	Lindenstrasse 11b
1013	2003-10-13	Lindenstrasse 11b
1014	2003-10-13	Lindenstrasse 11b
\.


--
-- Data for Name: book; Type: TABLE DATA; Schema: public; Owner: postgres
--

COPY public.book (bookid, title, author) FROM stdin;
1	Misry	Stephen King
2	Wizard and Glass	Stephen King
3	The Drawing of the Three	Stephen King
4	What We're Reading	Leslie Yerkes
5	The Art of the Advantage	Kaihan Krippendorff
6	Harry Potter (1)	J. K. Rowling
7	Harry Potter (2)	J. K. Rowling
\.


--
-- Data for Name: bookcopies; Type: TABLE DATA; Schema: public; Owner: postgres
--

COPY public.bookcopies (bookid, branchid, ncopies) FROM stdin;
1	1	10
1	3	2
1	4	1
1	5	20
2	1	1
2	4	5
3	3	3
3	5	8
4	1	10
5	4	5
5	5	4
6	1	5
6	3	20
6	4	5
7	1	5
7	4	9
\.


--
-- Data for Name: booking; Type: TABLE DATA; Schema: public; Owner: postgres
--

COPY public.booking (hno, gno, datefrom, dateto, rno) FROM stdin;
H001	G001	1997-05-01	\N	R101
H002	G003	1997-03-25	1997-03-27	R203
H003	G005	1997-03-15	1997-03-20	R101
H004	G006	1997-04-01	\N	R102
H005	G004	1997-03-26	1997-04-04	R103
H001	G001	1997-03-12	1997-04-12	R202
H002	G002	1997-03-21	1997-04-05	R101
H003	G003	1997-03-31	1997-04-13	R102
H001	G004	1997-08-05	1997-08-10	R102
H002	G001	1997-07-26	1997-08-05	R203
H003	G002	1997-08-26	1997-09-03	R202
\.


--
-- Data for Name: bookloan; Type: TABLE DATA; Schema: public; Owner: postgres
--

COPY public.bookloan (bookid, branchid, cardno, dateout, duedate) FROM stdin;
1	1	1	2003-01-01	2003-03-02
2	1	1	2003-01-01	2003-03-02
1	3	3	2003-03-13	2003-05-14
2	5	7	2003-03-24	2003-05-25
2	5	1	2003-03-31	2003-06-01
3	4	3	2003-04-01	2003-06-02
4	1	6	2003-04-09	2003-06-10
4	3	4	2003-04-21	2003-06-02
4	3	3	2003-04-27	2003-06-28
6	1	2	2003-05-05	2003-07-06
7	5	4	2003-05-12	2003-07-13
\.


--
-- Data for Name: borrower; Type: TABLE DATA; Schema: public; Owner: postgres
--

COPY public.borrower (cardno, name, sex, address, borrowerbranch) FROM stdin;
1	ATZENI, John	M	16 Holhead, Aberdeen	2
2	BLAHA, Nick	M	6 Argyll St, London	1
3	BROWN, Barry	M	Lawrence St, Glasgow	3
4	CHEN, Mary	F	2 Manor St, Glasgow	3
5	BLACK, Dan	M	18 Dale St, Bristol	4
6	DAVIES, Kathy	F	9 Novar Dr, Bristol	4
7	ATZENI, John	M	50 Clover Dr, London	1
\.


--
-- Data for Name: branch; Type: TABLE DATA; Schema: public; Owner: postgres
--

COPY public.branch (branchid, branchname, branchaddress) FROM stdin;
1	Branch London	22 Deer Rd, London
2	Branch Aberdeen	Argyll St, Aberdeen
3	Branch Glasgow	163 Main St, Glasgow
4	Branch Bristol	32 Manse St, Bristol
5	Branch Vienna	56 Clover Dr, Vienna
\.


--
-- Data for Name: buch; Type: TABLE DATA; Schema: public; Owner: postgres
--

COPY public.buch (buchnr, titel, autor) FROM stdin;
1	Artificial Intelligence	Winston
2	The Art of Prolog	Sterling
3	Inside Smalltalk	Lalonde
4	Distributed Databases	Ceri
5	Advanced Database Systems	Gray
6	Computability and Logic	Boolos
7	Temporal Databases	Tansel
8	Multimedia Computing	Hodges
9	Concurrent Systems	Bacon
10	Introduction to SQL	Van der Lans
11	Object Databases	Loomis
12	Modern Operating Systems	Tanenbaum
\.


--
-- Data for Name: buchung; Type: TABLE DATA; Schema: public; Owner: postgres
--

COPY public.buchung (buchngnr, vonkonto, aufkonto, betrag, datum) FROM stdin;
1	1	2	200.00	1995-08-01
2	12	6	1200.00	1995-08-05
3	4	7	340.00	1995-08-12
4	11	10	560.00	1995-08-13
5	3	8	1200.00	1995-08-20
6	4	12	780.00	1995-08-25
7	3	5	1230.00	1995-08-29
8	6	7	500.00	1995-09-01
9	8	3	1200.00	1995-09-07
10	10	9	100.00	1995-09-12
11	4	9	130.00	1995-09-15
12	7	1	230.00	1995-09-20
13	9	12	450.00	1995-09-27
14	7	4	1400.00	1995-09-30
15	10	3	230.00	1995-10-01
16	7	2	560.00	1995-10-02
17	2	11	340.00	1995-10-04
18	7	4	120.00	1995-10-08
19	5	1	250.00	1995-10-14
20	3	4	560.00	1995-10-18
21	7	6	240.00	1995-10-23
22	4	9	1100.00	1995-10-24
23	8	7	240.00	1995-10-26
24	8	1	1100.00	1995-10-30
25	10	9	10.00	1995-10-31
26	8	2	260.00	1995-11-01
27	5	8	390.00	1995-11-02
28	7	11	1300.00	1995-11-03
29	12	11	130.00	1995-11-04
30	7	12	410.00	1995-11-05
\.


--
-- Data for Name: city; Type: TABLE DATA; Schema: public; Owner: postgres
--

COPY public.city (zip, name) FROM stdin;
2001	Cinderella City
2002	Donald Duck City
2003	Mowgli City
2004	Lassie City
2005	Mickey Mouse City
2006	Goofy City
2007	Dumbo City
2008	Robin Hood City
2009	Flipper City
2010	Seven Dwarfs City
2011	Dagobert City
\.


--
-- Data for Name: course; Type: TABLE DATA; Schema: public; Owner: postgres
--

COPY public.course (coursecode, name, lecturer) FROM stdin;
1	Database	Huber
2	Software Engineering	Miller
3	Information Engineering	Miller
4	Management	Amon
5	Communication Engineering	Zirm
6	C++ /C#	Huber
7	JAVA	Miller
8	Business Engineering	Glatz
9	Business Communication	Glatz
10	Accounting Systems	Glatz
11	Data Mining and Data Warehouse	Huber
12	Oracle	Huber
13	International Accounting	Glatz
\.


--
-- Data for Name: dept; Type: TABLE DATA; Schema: public; Owner: postgres
--

COPY public.dept (dnum, dname, manager, mgrstartdate) FROM stdin;
D001	Administration	E001	1990-06-11
D002	Purchasing	E002	1995-07-22
D003	Marketing	E003	1997-08-06
D004	Development	E004	1997-09-12
\.


--
-- Data for Name: deptlocation; Type: TABLE DATA; Schema: public; Owner: postgres
--

COPY public.deptlocation (dnum, dcity) FROM stdin;
D001	Springton
D002	Summerton
D003	Watervale
D004	Cookfield
D004	Springton
D004	Summerton
D004	Watervale
\.


--
-- Data for Name: distribute; Type: TABLE DATA; Schema: public; Owner: postgres
--

COPY public.distribute (recordid, media, price) FROM stdin;
1	CD	19
1	MC	20
2	CD	22
2	MC	23
2	DVD	30
2	MD	24
3	CD	8
4	CD	20
4	MD	26
5	CD	23
5	MC	25
6	CD	9
7	CD	8
8	MC	18
8	CD	18
9	CD	7
10	CD	8
11	CD	7
12	CD	9
13	CD	8
14	CD	7
15	CD	22
15	MC	24
15	MD	27
15	DVD	28
16	CD	21
17	CD	23
\.


--
-- Data for Name: enrollment; Type: TABLE DATA; Schema: public; Owner: postgres
--

COPY public.enrollment (studentid, coursecode, grade) FROM stdin;
9978653	8	1
9978653	9	2
9978653	10	4
9978653	13	3
0034534	1	1
5489007	1	2
5489007	11	2
5489007	12	4
0299123	7	1
0299123	6	5
0178543	10	2
7813037	1	5
9954632	2	2
9954632	3	3
9954632	5	1
9755785	4	4
9755785	1	1
9856564	2	4
9876542	9	3
9876542	10	2
9800745	11	2
9800745	3	1
9900965	10	2
9900965	11	3
9900965	12	4
9955432	2	1
7732123	6	1
7732123	13	2
0023132	8	1
0023132	9	1
0023132	10	2
0199054	13	5
0203032	12	3
0203032	5	3
0278321	1	2
0278321	11	3
9722543	1	2
9677432	10	1
\.


--
-- Data for Name: entlehng; Type: TABLE DATA; Schema: public; Owner: postgres
--

COPY public.entlehng (entlngnr, buch, benutzer, von, bis) FROM stdin;
1	5	3	1993-09-09	1993-12-13
2	12	3	1993-09-09	1994-01-03
3	10	4	1993-10-14	1994-02-12
4	2	6	1993-10-28	1993-12-03
5	6	1	1993-11-03	1994-02-25
6	3	2	1993-12-18	1994-02-23
7	5	6	1993-12-20	1994-03-13
8	8	5	1994-01-02	1994-03-30
9	9	4	1994-02-05	1994-06-18
10	10	1	1994-02-18	1994-09-06
11	6	3	1994-03-12	1994-08-08
12	1	5	1994-05-03	1994-09-09
13	5	6	1994-06-10	1995-02-14
14	9	3	1994-07-03	1994-11-18
15	8	2	1994-08-30	1994-12-14
16	2	5	1994-09-10	1995-01-12
17	12	1	1994-11-11	1994-11-18
18	1	4	1994-12-03	1995-05-16
19	9	3	1995-01-02	1995-02-28
20	8	3	1995-01-02	1995-08-28
21	6	3	1995-01-02	1999-01-01
22	4	2	1995-01-04	1999-01-01
23	5	6	1995-02-20	1995-10-18
24	7	2	1995-03-01	1999-01-01
25	10	5	1995-03-13	1999-01-01
26	12	6	1995-04-10	1999-01-01
27	11	2	1995-05-06	1999-01-01
28	8	5	1995-06-12	1999-01-01
29	1	5	1995-06-12	1999-01-01
30	3	4	1995-10-13	1999-01-01
\.


--
-- Data for Name: exit; Type: TABLE DATA; Schema: public; Owner: postgres
--

COPY public.exit (nodeid, exitno, zip) FROM stdin;
N02	E01  	2001
N03	E02  	2002
N04	E03  	2003
N05	E04  	2004
N06	E05  	2005
N07	E06  	2006
N08	E07  	2007
N10	E08  	2008
N11	E09  	2009
N12	E10  	2010
\.


--
-- Data for Name: fakultaet; Type: TABLE DATA; Schema: public; Owner: postgres
--

COPY public.fakultaet (kurzbez, bezeichnung) FROM stdin;
SoWi	Sozial- und Wirtschaftswissenschaftliche Fakultdt
TNF	Teschnisch-Naturwissenschaftliche Fakultdt
\.


--
-- Data for Name: filiale; Type: TABLE DATA; Schema: public; Owner: postgres
--

COPY public.filiale (filnr, inhname, strasse, plz) FROM stdin;
1	Leitner	Strubergasse 3	4040
2	Schraubner	Blattallee 7	4020
3	Rathgeb	Hauptstrasse 22	4744
4	Fiedler	Feldweg 8	6040
5	Hauser	Klessheimer Allee 6	5020
6	Huber	Ring 2	1010
\.


--
-- Data for Name: genre; Type: TABLE DATA; Schema: public; Owner: postgres
--

COPY public.genre (genreid, name, anzahl) FROM stdin;
1	Schoene Lieder	\N
2	Jodler	\N
3	Gegenden	\N
\.


--
-- Data for Name: gewinne; Type: TABLE DATA; Schema: public; Owner: postgres
--

COPY public.gewinne (firma, branche, bundesland, jahr, umsatz) FROM stdin;
Stahl und Co AG	Stahl	O	2011	1433499.25
Voest Alpine AG	Stahl	O	2011	4413100.05
Stahl und Co AG	Stahl	O	2011	3242222.33
Stahlblech GmbH	Stahl	O	2011	98238.76
Stahlzuschnitte GmbH und Co KG	Stahl	O	2011	122442.33
Stahl und Co Regio	Stahl	O	2011	1433499.25
VAI	Stahl	O	2011	4413100.05
Stahl und Aluminium	Stahl	O	2011	3242222.33
Stahl Experts	Stahl	O	2011	983238.76
Edler Stahl	Stahl	O	2011	198238.76
Diskont-Stahl-Hndler	Stahl	O	2011	982238.76
BMW Steyr	Auto	O	2011	1334929.25
VA Auto	Auto	O	2011	4411500.05
Solarauto	Auto	O	2011	1242222.33
Pferdestark	Auto	O	2011	82438.76
Austro-Ferrari	Auto	O	2011	124492.33
Die Automanufaktur	Auto	O	2011	1434949.25
Crash	Auto	O	2011	4411200.05
Super-Vehikel	Auto	O	2011	2342222.33
VW Linz	Auto	O	2011	932378.76
Magna Steyr	Auto	O	2011	198382.76
Pferdekutschen und Zubehr	Auto	O	2011	198223.76
Flughafen Linz	Luftfahrt	O	2011	147642.36
FACC	Luftfahrt	O	2011	4317330.85
Luftschiff AG	Luftfahrt	O	2011	1832231.33
\.


--
-- Data for Name: guest; Type: TABLE DATA; Schema: public; Owner: postgres
--

COPY public.guest (gno, name, address) FROM stdin;
G001	Thomas, Thomas	2 North Street, Chelsea, London
G002	Wong, Veronica	7 South Street, Wimbledon, London
G003	Bianca, Bruce	452 West Terrace, Adelaide
G004	Imbrogno, Ignatius	Unit 3, 7 Smith Road, Detroit
G005	Hannagan, Sue	15 Earls Court, Edinburgh
G006	Boucher, Lesley	22 Seventh Avenue, Bristol
\.


--
-- Data for Name: highway; Type: TABLE DATA; Schema: public; Owner: postgres
--

COPY public.highway (code, name, startnodeid, endnodeid) FROM stdin;
H10  	Highway ARIELLE	N01	N10
H35  	Highway PETER PAN	N11	N01
H70  	Highway ALADIN	N02	N12
\.


--
-- Data for Name: highwayexit; Type: TABLE DATA; Schema: public; Owner: postgres
--

COPY public.highwayexit (code, nodeid, atkm) FROM stdin;
H70  	N02	0.00
H70  	N06	123.00
H70  	N12	299.00
H35  	N11	0.00
H35  	N05	113.00
H35  	N08	250.00
H10  	N03	84.00
H10  	N04	173.00
H10  	N07	212.00
H10  	N10	357.00
\.


--
-- Data for Name: highwayintersection; Type: TABLE DATA; Schema: public; Owner: postgres
--

COPY public.highwayintersection (code, nodeid, atkm) FROM stdin;
H10  	N01	0.00
H10  	N09	160.00
H35  	N01	307.00
H70  	N09	35.00
\.


--
-- Data for Name: hotel; Type: TABLE DATA; Schema: public; Owner: postgres
--

COPY public.hotel (hno, name, address) FROM stdin;
H001	Grosvenor Hotel	Mayfair, London
H002	Hyatt Regency	99 Main Street, Edinburgh
H003	Earls Court Hotel	123 Earls Court Road, London
H004	Lakes Resort Hotel	Ambleside, Lake Windermere
H005	Eagle Cliffs Hotel	63 West Terrace, Aberdeen
H006	Caledonian Hotel	12 Bannockburn Street, Glasgow
\.


--
-- Data for Name: human; Type: TABLE DATA; Schema: public; Owner: postgres
--

COPY public.human (name, gender, age) FROM stdin;
Manfred Huber	m	65
Aloisia Huber	f	61
Alfons Meier	m	56
Gabriele M|ller	f	17
Hannes Meier	m	23
Leopold Meier	m	81
Anna Gruber	f	33
Kevin M|ller	m	1
Gerhard Burger	m	60
Franziska Burger	f	50
Christian Burger	m	25
Georg Oberer	m	34
Christine Oberer	f	28
Susanne Oberer	f	4
Daniel Steirer	m	33
Gabriele Steirer	f	26
Silvia Steirer	f	2
Stefan Wolkl	m	17
Lydia Wachter	f	19
Wilhelm Amsel	m	16
Rudolf Steirer	m	60
Patrick Steirer	m	4
Ferdinand Steirer	m	3
Peter Steinberger	m	1
Cindy Steinberger	f	22
\.


--
-- Data for Name: inhaber; Type: TABLE DATA; Schema: public; Owner: postgres
--

COPY public.inhaber (name, gebdat, adresse) FROM stdin;
Steiner Heinz       	2042-10-10	Linz                
Hafner Eleonore     	2060-03-09	Salzburg            
Wopfner Karin       	1975-08-13	Innsbruck           
Steindl Kurt        	2036-04-24	Wien                
Hofreiter Martin    	1980-02-12	Graz                
Gruber Martha       	2050-07-29	Klagenfurt          
\.


--
-- Data for Name: intersection; Type: TABLE DATA; Schema: public; Owner: postgres
--

COPY public.intersection (nodeid, name) FROM stdin;
N01	Voralpenkreuz
N09	Inntaldreieck
\.


--
-- Data for Name: koje; Type: TABLE DATA; Schema: public; Owner: postgres
--

COPY public.koje (standnr, flaeche, linkernachbar, rechternachbar, gemietet_von, beschriftung) FROM stdin;
D14	5	D13	RAND	175	Forschungsschwerpunkte am Institut fuer WIN
C11	5	RAND	C12	175	WIN
C12	4	C11	C13	175	Das Studium
C13	3	C12	RAND	880	Informatik: das bringt es
D11	3	RAND	D12	175	Berufsmoeglichkeiten nach dem Studium der WIN
D12	2	D11	D13	880	Berufsmoeglichkeiten fuer Informatiker
D13	4	D12	D14	880	Bio-Informatik: Eine Chance fuer die Zukunft?
\.


--
-- Data for Name: konto; Type: TABLE DATA; Schema: public; Owner: postgres
--

COPY public.konto (kontonr, filiale, inhname, gebdat, saldo) FROM stdin;
2	2	Wopfner Karin       	1975-08-13	500.00
5	2	Wopfner Karin       	1975-08-13	1100.00
8	2	Wopfner Karin       	1975-08-13	1900.00
9	1	Hofreiter Martin    	1980-02-12	10400.00
10	2	Hofreiter Martin    	1980-02-12	5100.00
13	3	Gruber Martha       	1950-07-29	1000.00
1	1	Steiner Heinz       	1942-10-10	12400.00
3	3	Steiner Heinz       	1942-10-10	13500.00
4	3	Hafner Eleonore     	1960-03-09	8000.00
6	2	Steindl Kurt        	1936-04-24	6000.00
7	1	Gruber Martha       	1950-07-29	7500.00
11	1	Gruber Martha       	1950-07-29	8200.00
12	3	Gruber Martha       	1950-07-29	1200.00
\.


--
-- Data for Name: kunde; Type: TABLE DATA; Schema: public; Owner: postgres
--

COPY public.kunde (kundenr, name, bonstufe) FROM stdin;
11111	Roller	C
15882	Schieber	B
78436	Flitzer	A
98077	Sauser	A
24537	Raser	B
13451	Stuerzer	C
22221	Bremser	B
99332	Kuppler	A
67891	Schleifer	C
95543	Kurver	B
55789	Schleuderer	A
87654	Unfaller	C
77777	Stenzer	A
\.


--
-- Data for Name: kurs; Type: TABLE DATA; Schema: public; Owner: postgres
--

COPY public.kurs (kursnr, name, lektor) FROM stdin;
1	Datenbanken	Huber
2	Software Engineering	Mueller
3	Information Engineering	Mueller
4	Management	Amon
5	Communication Engineering	Zirm
6	C++ /C#	Huber
7	JAVA	Mueller
8	Unternehmensfhrung	Glatz
9	Unternehmensbewertung und -analyse	Glatz
10	Konzernrechnungslegung	Glatz
11	Data Mining and Data Warehouse	Huber
12	Oracle	Huber
13	International Accounting	Glatz
\.


--
-- Data for Name: lieferposition; Type: TABLE DATA; Schema: public; Owner: postgres
--

COPY public.lieferposition (liefer_nr, lieferpos_nr, bestell_nr, bestellpos_nr, menge) FROM stdin;
901	1	1001	1	100
901	2	1001	2	1
902	1	1002	1	80
902	2	1004	1	40
903	1	1004	1	160
904	1	1003	2	40
904	2	1003	1	10
906	1	1004	2	300
906	2	1005	1	200
907	1	1005	1	40
908	1	1006	1	90
909	1	1008	1	100
\.


--
-- Data for Name: lieferschein; Type: TABLE DATA; Schema: public; Owner: postgres
--

COPY public.lieferschein (liefer_nr, datum) FROM stdin;
901	2003-10-13
902	2003-10-13
903	2003-10-13
904	2003-10-13
906	2003-10-13
907	2003-10-14
908	2003-10-14
909	2003-10-14
\.


--
-- Data for Name: liegtanstrasse; Type: TABLE DATA; Schema: public; Owner: postgres
--

COPY public.liegtanstrasse (strassenname, ort, beikm) FROM stdin;
A1	1010	0.00
A10	5020	0.00
A8	4780	0.00
B148	4780	0.00
L345	4982	0.00
A1	5020	500.00
A10	7010	250.00
A8	4040	100.00
B148	5280	60.00
L345	4999	20.00
B148	4982	25.00
A8	4982	65.00
B148	4999	10.00
\.


--
-- Data for Name: location; Type: TABLE DATA; Schema: public; Owner: postgres
--

COPY public.location (locno, name, city, state) FROM stdin;
1	PassageXY	Linz	OOE
2	ABC-Markt	Linz	OOE
3	Plus City	Pasching	OOE
4	Airport C.	Salzburg	SBG-L
5	Mozart-M.	Salzburg	SBG-L
6	Hal-Markt	Hallein	SBG-L
\.


--
-- Data for Name: mietet; Type: TABLE DATA; Schema: public; Owner: postgres
--

COPY public.mietet (mieternr, wohnnr, preis, von, bis) FROM stdin;
1	2	500	1996-01-01	1999-12-31
8	2	900	1999-10-01	2001-12-31
6	9	1500	1994-04-01	1999-09-30
11	9	1600	1999-10-01	1999-12-31
9	4	700	1997-01-01	1999-02-28
11	4	650	1999-03-01	1999-12-31
9	11	1200	2002-01-01	2001-09-30
9	1	950	1996-01-01	1999-12-31
11	6	1400	1996-01-01	1999-12-31
1	13	2100	1990-01-01	1997-12-31
13	5	1000	1996-01-01	2001-08-31
14	12	1200	1996-01-01	2002-01-31
1	1	950	1990-01-01	1990-06-01
\.


--
-- Data for Name: node; Type: TABLE DATA; Schema: public; Owner: postgres
--

COPY public.node (nodeid, longitude, latitude, type) FROM stdin;
N01	21.00	19.00	intersection 
N02	21.00	19.00	exit         
N03	20.00	13.00	exit         
N04	18.00	16.00	exit         
N05	18.00	22.00	exit         
N06	17.00	26.00	exit         
N07	15.00	12.00	exit         
N08	15.00	17.00	exit         
N09	14.00	21.00	intersection 
N10	14.00	21.00	exit         
N11	12.00	15.00	exit         
N12	12.00	22.00	exit         
\.


--
-- Data for Name: ort; Type: TABLE DATA; Schema: public; Owner: postgres
--

COPY public.ort (plz, name) FROM stdin;
4040	Linz
1010	Wien
5020	Salzburg
7010	Klagenfurt
4982	Obernberg
4780	Schaerding
5280	Braunau
4999	Hinterdupfing
\.


--
-- Data for Name: orteverbindung; Type: TABLE DATA; Schema: public; Owner: postgres
--

COPY public.orteverbindung (strassenname, ortvon, ortnach, distanz) FROM stdin;
A1	1010	5020	500.00
A10	5020	7010	250.00
A8	4780	4982	65.00
A8	4982	4040	35.00
B148	4780	4999	10.00
B148	4982	5280	35.00
B148	4999	4982	15.00
L345	4982	4999	20.00
\.


--
-- Data for Name: parent; Type: TABLE DATA; Schema: public; Owner: postgres
--

COPY public.parent (parentname, childname) FROM stdin;
Alfons Meier	Anna Gruber
Alfons Meier	Hannes Meier
Aloisia Huber	Anna Gruber
Christine Oberer	Susanne Oberer
Cindy Steinberger	Peter Steinberger
Daniel Steirer	Ferdinand Steirer
Daniel Steirer	Patrick Steirer
Daniel Steirer	Peter Steinberger
Daniel Steirer	Silvia Steirer
Franziska Burger	Christian Burger
Gabriele M|ller	Kevin M|ller
Gabriele Steirer	Ferdinand Steirer
Gabriele Steirer	Patrick Steirer
Gabriele Steirer	Silvia Steirer
Georg Oberer	Susanne Oberer
Gerhard Burger	Christian Burger
Leopold Meier	Alfons Meier
Rudolf Steirer	Gabriele Steirer
\.


--
-- Data for Name: person; Type: TABLE DATA; Schema: public; Owner: postgres
--

COPY public.person (persnr, name, stand, beruf) FROM stdin;
1	Decker    	ledig          	Student        
2	Meier     	verheiratet    	Maurer         
3	Huber     	ledig          	Schlosser      
4	Bauer     	verwitwet      	Beamter        
5	Kaiser    	verheiratet    	Beamter        
6	Richter   	ledig          	Anwalt         
7	Weiss     	ledig          	Maler          
8	Traxler   	verheiratet    	Student        
9	Seyfried  	ledig          	
10	Weikinger 	ledig          	Lehrer         
11	Rechberger	verheiratet    	Hausmeister    
13	Kofler    	ledig          	Autor          
14	Seberry   	ledig          	Autor          
\.


--
-- Data for Name: product; Type: TABLE DATA; Schema: public; Owner: postgres
--

COPY public.product (prodno, name, type, cat) FROM stdin;
1	Jeans L501	Hose	Bekleidung
2	Jeans X318	Hose	Bekleidung
3	Replay ABC	Hose	Bekleidung
4	H+M 347	Hemd	Bekleidung
5	Esprit 128	Hemd	Bekleidung
6	Pullover XL	Pullover	Bekleidung
7	Scholle	Tiefkuehl	LM
8	Erbsen	Tiefkuehl	LM
9	Pizza C+M	Tiefkuehl	LM
10	Bohnensuppe	Konserven	LM
11	Gulaschsuppe	Konserven	LM
\.


--
-- Data for Name: produkt; Type: TABLE DATA; Schema: public; Owner: postgres
--

COPY public.produkt (ean, bezeichnung, kategorie, ekpreis, listpreis) FROM stdin;
0-666-4567-2-22	Autoschampoo	Pflege	35.69	9.00
0-777-4997-2-43	Glanzpolitur	Pflege	70.00	119.90
0-456-4887-3-22	Kaltwachs	Pflege	90.00	199.90
0-55-48567-16-2	Armaturenreiniger	Pflege	115.00	333.00
1-626-7767-2-99	Scheibenwischer	Ersatz	390.00	400.00
1-256-7700-2-00	Sportlenkrad	Ersatz	1300.00	1999.00
1-333-7788-2-31	Gaspedal	Ersatz	800.00	960.00
2-446-7240-9-15	Rennsitz	Ersatz	18900.00	22999.00
9-396-7510-9-00	Chromfelge	Ersatz	9000.00	12980.00
3-211-1000-2-00	Sonnenschutz	Ersatz	160.00	250.00
7-2881-760-3-70	Schraubantenne	Audio	965.00	1300.00
5-2671-955-5-55	Autoradio	Audio	5555.00	6800.00
1-4444-652-8-88	CD-Wechsler	Audio	2345.00	3999.00
3-1111-654-3-99	Lautsprecher	Audio	999.00	1599.00
6-581-1766-3-45	Telefonhalter	Sonstiges	130.00	225.00
6-231-4777-3-15	Lenkradueberzug	Sonstiges	125.00	529.90
4-1161-730-3-88	Warndreieck	Sonstiges	350.00	499.00
0-4381-880-7-00	Verbandskasten DIN	Sonstiges	965.00	999.00
5-6661-000-0-00	Abschleppseil	Sonstiges	225.00	475.00
\.


--
-- Data for Name: project; Type: TABLE DATA; Schema: public; Owner: postgres
--

COPY public.project (pnum, pname, pcity, dnum) FROM stdin;
P001	Springton Hospital	Springton	D004
P002	Springton Fire Dept	Springton	D004
P003	Summerton Expo 2002	Summerton	D003
P004	Watervale Show	Watervale	D003
P005	Adelaide Festival	Adelaide	D003
P006	Ashes Tour Promo	Cookfield	D004
P007	Opera House	Cookfield	D004
P008	Cookfield High Gym	Cookfield	D004
P009	Summerton Hospital	Summerton	D004
P010	Watervale Ambulance	Watervale	D004
P011	Medici	Springton	D004
P012	Springton Show	Springton	D003
\.


--
-- Data for Name: purchase; Type: TABLE DATA; Schema: public; Owner: postgres
--

COPY public.purchase (dayno, prodno, qty, price) FROM stdin;
1	1	20	600
1	5	40	300
1	6	20	600
1	2	35	500
1	3	70	550
1	4	20	400
1	7	50	20
1	8	140	24
1	9	110	33
1	10	50	15
1	11	100	22
2	2	5	440
2	5	50	320
2	7	10	18
3	4	10	390
3	7	100	16
3	9	80	31
4	1	15	560
4	10	20	14
4	11	40	20
5	7	20	19
5	8	30	26
5	1	30	610
5	2	30	290
5	6	50	600
6	7	20	22
6	3	100	530
6	4	50	380
7	5	40	290
7	8	80	25
7	9	90	32
7	10	70	16
7	11	120	21
\.


--
-- Data for Name: rechnung; Type: TABLE DATA; Schema: public; Owner: postgres
--

COPY public.rechnung (rechnungnr, datum, bezahlt, kundenr, filnr) FROM stdin;
1	2000-08-11	Y	11111	1
2	2000-08-11	N	15882	1
3	2000-08-11	Y	24537	1
4	2000-08-11	Y	78436	1
5	2000-08-11	Y	95543	1
6	2000-08-11	N	13451	2
1	2000-09-15	N	11111	1
2	2000-09-15	Y	22221	3
3	2000-09-15	Y	87654	4
1	2000-10-03	Y	11111	6
2	2000-10-03	Y	95543	5
1	2000-10-10	N	77777	5
2	2000-10-10	Y	99332	2
1	2000-10-20	Y	67891	2
2	2000-10-20	N	15882	3
3	2000-10-20	Y	98077	3
4	2000-10-20	N	78436	3
5	2000-10-20	Y	95543	5
6	2000-10-20	N	13451	5
1	2000-10-21	Y	87654	4
2	2000-10-21	Y	22221	4
3	2000-10-21	Y	87654	5
1	2000-10-25	N	13451	2
2	2000-10-25	Y	99332	1
\.


--
-- Data for Name: rechnungpos; Type: TABLE DATA; Schema: public; Owner: postgres
--

COPY public.rechnungpos (rechnungnr, datum, ean, positionnr, einzelpreis, menge) FROM stdin;
1	2000-08-11	0-666-4567-2-22	1	58.90	5
2	2000-08-11	0-456-4887-3-22	1	229.90	1
2	2000-08-11	2-446-7240-9-15	2	22500.00	1
3	2000-08-11	5-2671-955-5-55	1	7000.00	1
4	2000-08-11	6-581-1766-3-45	1	200.00	3
5	2000-08-11	9-396-7510-9-00	1	12000.00	1
5	2000-08-11	1-4444-652-8-88	2	4500.00	1
6	2000-08-11	0-777-4997-2-43	1	125.00	3
1	2000-09-15	4-1161-730-3-88	1	500.00	2
2	2000-09-15	5-2671-955-5-55	1	6800.00	1
3	2000-09-15	9-396-7510-9-00	1	12900.00	1
3	2000-09-15	3-1111-654-3-99	2	1600.00	2
1	2000-10-03	5-6661-000-0-00	1	530.00	3
1	2000-10-03	7-2881-760-3-70	2	1300.00	1
1	2000-10-03	0-4381-880-7-00	3	1350.00	1
2	2000-10-03	0-55-48567-16-2	1	330.00	2
1	2000-10-10	5-6661-000-0-00	1	500.00	3
2	2000-10-10	6-231-4777-3-15	1	525.00	3
2	2000-10-10	5-6661-000-0-00	2	490.00	5
2	2000-10-10	9-396-7510-9-00	3	14000.00	1
1	2000-10-20	3-1111-654-3-99	1	1300.00	2
2	2000-10-20	1-256-7700-2-00	1	2200.00	1
3	2000-10-20	5-6661-000-0-00	1	380.00	2
4	2000-10-20	0-4381-880-7-00	1	1100.00	1
5	2000-10-20	4-1161-730-3-88	1	510.00	3
6	2000-10-20	5-6661-000-0-00	1	500.00	2
1	2000-10-21	6-581-1766-3-45	1	150.00	1
2	2000-10-21	5-2671-955-5-55	1	6900.00	1
3	2000-10-21	6-231-4777-3-15	1	500.00	2
1	2000-10-25	0-55-48567-16-2	1	390.00	5
2	2000-10-25	5-6661-000-0-00	1	450.00	1
\.


--
-- Data for Name: record; Type: TABLE DATA; Schema: public; Owner: postgres
--

COPY public.record (recordid, artistname, title, releasedate, type, genreid) FROM stdin;
1	Sigi Saenger	Meine schoensten Lieder	2000-11-12	Album	1
2	Sigi Saenger	Meine schoensten Lieder 2	2001-06-04	Album	1
3	Sigi Saenger	Noch ein schoenes Lied	2002-02-23	Single	1
4	Trude Traeller	Der Bach	1998-07-03	Album	3
5	Trude Traeller	Der Baum	1999-09-24	Album	3
6	Trude Traeller	Die Wiese	2000-01-03	Single	3
7	Trude Traeller	Das Feld	2000-10-22	Single	3
8	Trude Traeller	Der Acker	2001-05-17	Album	3
9	Johann Jodler	Steiermark-Jodler	1999-05-13	Single	2
10	Johann Jodler	Tirol-Jodler	2000-11-04	Single	2
11	Johann Jodler	Vorarlberg-Jodler	2000-12-06	Single	2
12	Johann Jodler	Wien-Jodler	2000-12-08	Single	2
13	Johann Jodler	Salzburg-Jodler	1997-04-27	Single	2
14	Johann Jodler	Kaernten-Jodler	1998-03-18	Single	2
15	Carlo Cravallo	Roma	1999-06-01	Album	3
16	Carlo Cravallo	Venezia	2002-07-02	Single	3
17	Carlo Cravallo	Milano	2003-08-03	Album	3
\.


--
-- Data for Name: reserviert; Type: TABLE DATA; Schema: public; Owner: postgres
--

COPY public.reserviert (tno, tag, stunde, mano) FROM stdin;
1	10	10	9101
1	10	11	9102
1	10	12	9103
2	10	12	9101
1	10	14	9101
3	10	14	9104
1	11	10	9101
4	11	10	9101
4	11	11	9105
3	11	12	9105
2	11	13	9101
1	11	13	9102
\.


--
-- Data for Name: room; Type: TABLE DATA; Schema: public; Owner: postgres
--

COPY public.room (hno, rno, type, price) FROM stdin;
H001	R101	single	22.00
H001	R102	double	39.00
H001	R103	double	39.00
H001	R201	family	85.00
H001	R202	double	44.00
H001	R203	family	49.00
H002	R101	double	41.00
H002	R102	single	25.00
H002	R103	family	49.00
H002	R201	family	49.00
H002	R202	double	41.00
H002	R203	double	48.00
H003	R101	double	44.00
H003	R102	family	55.00
H003	R103	family	55.00
H003	R201	double	44.00
H003	R202	single	28.00
H003	R203	double	44.00
H004	R101	double	41.00
H004	R102	family	49.00
H004	R103	family	49.00
H004	R201	single	90.00
H004	R202	single	24.00
H004	R203	double	39.00
H005	R101	single	23.00
H005	R102	double	35.00
H005	R103	double	35.00
H005	R201	family	39.00
H005	R202	single	23.00
H005	R203	single	20.00
H006	R101	double	33.00
H006	R102	double	37.00
H006	R103	family	45.00
H006	R201	family	49.00
H006	R202	family	39.00
H006	R203	family	39.00
\.


--
-- Data for Name: sales; Type: TABLE DATA; Schema: public; Owner: postgres
--

COPY public.sales (dayno, locno, prodno, qty, price) FROM stdin;
1	3	1	10	900
1	3	2	7	600
1	3	3	15	800
1	4	7	80	25
1	4	8	60	35
1	4	9	40	40
1	4	10	30	25
1	4	11	50	30
1	1	10	30	27
1	2	11	50	29
2	3	8	100	25
2	5	5	10	500
2	5	6	15	800
2	4	4	25	530
3	2	4	10	490
3	1	1	10	900
3	1	2	7	600
3	1	3	15	800
3	1	7	80	25
4	1	8	60	35
4	2	9	40	40
4	2	10	30	23
4	1	7	30	26
5	4	6	50	865
5	2	11	50	32
5	2	4	20	500
5	2	5	25	510
6	2	9	40	44
6	4	1	30	920
6	3	3	50	760
7	3	1	20	950
7	5	2	25	580
\.


--
-- Data for Name: segment; Type: TABLE DATA; Schema: public; Owner: postgres
--

COPY public.segment (code, segid, fromkm, tokm) FROM stdin;
H10  	S01  	0.00	65.00
H10  	S02  	65.00	120.00
H10  	S03  	120.00	160.00
H10  	S04  	160.00	227.00
H10  	S05  	227.00	281.00
H10  	S06  	281.00	357.00
H35  	S01  	0.00	35.00
H35  	S02  	35.00	167.00
H35  	S03  	167.00	307.00
H70  	S01  	0.00	35.00
H70  	S02  	35.00	177.00
H70  	S03  	177.00	299.00
\.


--
-- Data for Name: sortiment; Type: TABLE DATA; Schema: public; Owner: postgres
--

COPY public.sortiment (filnr, ean, vkpreis, preisred, bestand) FROM stdin;
6	3-211-1000-2-00	20.00	0.00	20
1	0-666-4567-2-22	69.90	0.00	100
1	0-777-4997-2-43	120.00	30.00	150
1	0-456-4887-3-22	229.00	9.00	130
1	0-55-48567-16-2	300.00	0.00	100
1	1-626-7767-2-99	420.00	10.10	100
1	1-256-7700-2-00	1999.00	0.00	30
1	1-333-7788-2-31	999.00	0.00	30
1	2-446-7240-9-15	22500.00	0.00	7
1	9-396-7510-9-00	13000.00	1000.00	15
1	7-2881-760-3-70	1500.00	0.00	23
1	5-2671-955-5-55	7000.00	0.00	12
1	1-4444-652-8-88	4500.00	0.00	4
1	3-1111-654-3-99	1700.00	0.00	7
1	6-581-1766-3-45	200.00	0.00	40
1	6-231-4777-3-15	500.00	0.00	35
1	4-1161-730-3-88	500.00	0.00	25
1	0-4381-880-7-00	1250.00	250.00	85
1	5-6661-000-0-00	450.00	0.00	11
2	0-666-4567-2-22	69.00	9.00	90
2	0-777-4997-2-43	125.00	0.00	155
2	0-456-4887-3-22	200.00	9.00	120
2	0-55-48567-16-2	390.00	0.00	100
2	1-626-7767-2-99	400.00	0.00	110
2	1-256-7700-2-00	1900.00	0.00	40
2	2-446-7240-9-15	21999.00	0.00	0
2	9-396-7510-9-00	14000.00	0.00	25
2	7-2881-760-3-70	1300.00	0.00	9
2	5-2671-955-5-55	6800.00	250.00	9
2	1-4444-652-8-88	4000.00	0.00	3
2	3-1111-654-3-99	1500.00	125.00	1
2	6-581-1766-3-45	230.00	0.00	44
2	6-231-4777-3-15	530.00	0.00	0
2	4-1161-730-3-88	500.00	11.00	8
2	0-4381-880-7-00	1220.00	0.00	5
2	5-6661-000-0-00	400.00	0.00	1
3	0-666-4567-2-22	90.00	0.00	85
3	0-456-4887-3-22	199.00	0.00	80
3	0-55-48567-16-2	390.00	0.00	90
3	1-626-7767-2-99	400.00	0.00	50
3	1-256-7700-2-00	1900.00	0.00	10
3	9-396-7510-9-00	13800.00	0.00	5
3	7-2881-760-3-70	1300.00	0.00	0
3	5-2671-955-5-55	6800.00	0.00	0
3	1-4444-652-8-88	3999.00	0.00	0
3	6-581-1766-3-45	230.00	0.00	14
3	6-231-4777-3-15	530.00	0.00	4
3	0-4381-880-7-00	1211.00	0.00	4
3	5-6661-000-0-00	380.00	0.00	4
4	2-446-7240-9-15	22480.00	0.00	6
4	9-396-7510-9-00	12900.00	0.00	2
4	7-2881-760-3-70	1300.00	111.00	5
4	5-2671-955-5-55	6900.00	0.00	34
4	1-4444-652-8-88	4490.00	0.00	5
4	3-1111-654-3-99	1600.00	0.00	7
4	6-581-1766-3-45	200.00	20.00	9
5	0-666-4567-2-22	80.00	5.00	0
5	0-777-4997-2-43	160.00	0.00	150
5	0-456-4887-3-22	250.00	0.00	130
5	0-55-48567-16-2	330.00	0.00	108
5	6-231-4777-3-15	525.00	25.00	12
5	4-1161-730-3-88	510.00	0.00	66
5	0-4381-880-7-00	1425.00	125.00	2
5	5-6661-000-0-00	500.00	0.00	3
6	0-666-4567-2-22	70.00	11.00	100
6	0-777-4997-2-43	95.00	0.00	0
6	1-626-7767-2-99	380.00	25.00	100
6	1-256-7700-2-00	2109.00	0.00	0
6	1-333-7788-2-31	960.00	0.00	9
6	9-396-7510-9-00	11500.00	0.00	15
6	7-2881-760-3-70	1420.00	120.00	23
6	5-2671-955-5-55	6800.00	0.00	12
6	1-4444-652-8-88	4225.00	0.00	8
6	3-1111-654-3-99	1300.00	0.00	7
6	0-4381-880-7-00	1350.00	0.00	25
6	5-6661-000-0-00	553.00	23.00	11
\.


--
-- Data for Name: sortiment_aenderungen; Type: TABLE DATA; Schema: public; Owner: postgres
--

COPY public.sortiment_aenderungen (filnr, ean, vkpreis, preisred, bestand) FROM stdin;
\.


--
-- Data for Name: staff; Type: TABLE DATA; Schema: public; Owner: postgres
--

COPY public.staff (snum, name, dob, address, city, gender, salary, supervisor, dnum) FROM stdin;
E001	ATZENI, John	2035-01-01	1 Spring Rd	Springton	M	90000.00	    	D001
E002	BLAHA, Nick	2040-02-02	2 Main St	Summerton	M	70000.00	E001	D002
E003	BROWN, Barry	2045-03-03	3 Summer Rd	Watervale	M	70000.00	E001	D003
E004	CHEN, Mary	2050-04-04	4 Smith St	Cookfield	F	70000.00	E001	D004
E005	BLACK, Dan	2055-05-05	5 High View Rd	Springton	M	60000.00	E001	D001
E006	DAVIES, Kathy	2060-06-06	6 Brown Rd	Summerton	F	50000.00	E002	D002
E007	SMITH, Andy	2065-07-07	7 Roberts Rd	Watervale	M	50000.00	E003	D003
E008	JONES, Frances	1970-08-08	8 Peters Rd	Cookfield	F	50000.00	E004	D004
E009	ROBERTS, Simon	1985-09-09	9 Mary St	Springton	M	40000.00	E005	D001
E010	GRAINGER, Bernard	1981-10-10	10 Adelaide Rd	Summerton	M	35000.00	E002	D002
E011	McBRIDE, David	1975-11-11	11 Laura Ave	Watervale	M	35000.00	E003	D003
E012	MARSHALL, John	1970-12-12	12 Apple Tree Lane	Cookfield	M	35000.00	E004	D004
E013	MATTHEWS, George	2065-01-13	13 May Ave	Springton	M	35000.00	E005	D001
E014	MORRISON, Joe	2060-02-14	14 Sussex St	Summerton	M	35000.00	E002	D002
E015	CERI, Rose	2055-03-15	15 Murray Rd	Watervale	F	35000.00	E003	D003
E016	PRICE, Patricia	2050-04-16	16 McGraw Hill	Cookfield	F	35000.00	E004	D004
E017	WHITE, John	2045-05-17	17 Nelson Rd	Springton	M	66000.00	E005	D004
E018	STURT, Michael	2040-06-18	18 Wills Rd	Summerton	M	60000.00	E002	D004
E019	SWAFFER, Jill	2035-07-19	19 Burke St	Watervale	F	67000.00	E003	D004
\.


--
-- Data for Name: staffhotel; Type: TABLE DATA; Schema: public; Owner: postgres
--

COPY public.staffhotel (sno, name, address, "position", salary) FROM stdin;
S011	Moira, Samuel	49 School Road, Broxburn	Charge Nurse	37520.00
S098	Carol, Cummings	15 High Street, Edinburgh	Staff Nurse	28000.00
S123	Morgan, Russell	23A George Street, Broxburn	Nurse	18000.00
S167	Robin, Plevin	7 Glen Terrace, Edinburgh	Staff Nurse	28000.00
S234	Amy ,O'Donnell	234 Princes Street, Edinburgh	Nurse	20200.00
S344	Laurence, Burns	1 Apple Drive, Edinburgh	Consultant	56000.00
S321	Mohammed, Sharif		Charge Nurse	35110.00
S099	Mary,Keegan		Consultant	86000.00
S515	Mikhail,Kruschev		Nurse	24000.00
S143	Myron,Isaacs		Staff Nurse	30800.00
S323	M.,Morgenstern		Nurse	19710.00
\.


--
-- Data for Name: strasse; Type: TABLE DATA; Schema: public; Owner: postgres
--

COPY public.strasse (name, bezeichnung, ortvon, ortnach, strassenart, laenge) FROM stdin;
A1	Westautobahn	1010	5020	A	500.00
A10	Tauernautobahn	5020	7010	A	250.00
A8	Innkreisautobahn	4780	4040	A	100.00
B148	Innviertler Bundesstrasse	4780	5280	B	60.00
L345	Hinterdupfinger Feldweg	4982	4999	L	20.00
\.


--
-- Data for Name: strassenart; Type: TABLE DATA; Schema: public; Owner: postgres
--

COPY public.strassenart (art, bezeichnung) FROM stdin;
A	Autobahn
B	Bundesstrasse
L	Landesstrasse
\.


--
-- Data for Name: student; Type: TABLE DATA; Schema: public; Owner: postgres
--

COPY public.student (matrikelnr, name, land) FROM stdin;
9978653	Maria Mayr	Austria
0034534	James Bond	England
5489007	Adam Smith	England
9988687	Anna Kurz	Schweiz
0299123	Maria Mayr	Schweiz
0178543	Barbara Eggersdorfer	Schweiz
7813037	Michael Lofter	Schweiz
9954632	Christian Just	Deutschland
0076802	Bernd Achleitner	Deutschland
9756432	Barbara Anegg	Deutschland
9755785	Margit Bauer	Deutschland
9784322	Martina Binder	Deutschland
9856564	Manfred Fiebiger	Austria
9876542	Gabriele Grabner	Austria
9800745	Alfred Grassegger	Austria
9900965	Herwig Huber	Austria
9921213	Manuela Jansa	Austria
9955432	Reinhard Kaiser	Austria
7732123	Heinz Kneifel	Austria
0076768	Helmut Leonhart	Austria
0076323	Gabriel Menzinger	Austria
0023132	Gabriela Oettl	Austria
0154321	Maria-Anna Pelzl	USA
0158732	Matthias Sandhofer	Deutschland
0199054	Arno Seeber	Deutschland
0203032	Ludwig Spoetl	Deutschland
0299789	Michaela Stangl	Deutschland
0278321	Michael Steyrer	Deutschland
9677432	Toegel Richard	USA
9722543	Natalie Zoechling	Schweiz
\.


--
-- Data for Name: studenten; Type: TABLE DATA; Schema: public; Owner: postgres
--

COPY public.studenten (mano, name, rechner) FROM stdin;
9101	atzel	andi
9102	asser	andi
9103	abelko	andi
9104	brunisch	bibi
9105	brabec	bibi
9106	berti	bibi
9107	fauler	bibi
9108	lazyguy	bibi
\.


--
-- Data for Name: students; Type: TABLE DATA; Schema: public; Owner: postgres
--

COPY public.students (studentid, name, country) FROM stdin;
9978653	Maria Mayr	Australia
0034534	James Bond	England
5489007	Adam Smith	England
9988687	Anna Kurz	Japan
0299123	Maria Mayr	Japan
0178543	Barbara Eggersdorfer	Japan
7813037	Michael Lofter	Japan
9954632	Christian Just	Thailand
0076802	Bernd Achleitner	Thailand
9756432	Barbara Anegg	Thailand
9755785	Margit Bauer	Thailand
9784322	Martina Binder	Thailand
9856564	Manfred Fiebiger	Australia
9876542	Gabriele Grabner	Australia
9800745	Alfred Grassegger	Australia
9900965	Herwig Huber	Australia
9921213	Manuela Jansa	Australia
9955432	Reinhard Kaiser	Australia
7732123	Heinz Kneifel	Australia
0076768	Helmut Leonhart	Australia
0076323	Gabriel Menzinger	Australia
0023132	Gabriela Oettl	Australia
0154321	Maria-Anna Pelzl	USA
0158732	Matthias Sandhofer	Thailand
0199054	Arno Seeber	Thailand
0203032	Ludwig Spoetl	Thailand
0299789	Michaela Stangl	Thailand
0278321	Michael Steyrer	Thailand
9677432	Toegel Richard	USA
9722543	Natalie Zoechling	Japan
\.


--
-- Data for Name: studienrichtung; Type: TABLE DATA; Schema: public; Owner: postgres
--

COPY public.studienrichtung (kennzahl, gehoert_zu, bezeichnung) FROM stdin;
175	SoWi	Wirtschaftsinformatik
880	TNF	Informatik
750	TNF	Technische Physik
\.


--
-- Data for Name: terminal; Type: TABLE DATA; Schema: public; Owner: postgres
--

COPY public.terminal (tno, rechner) FROM stdin;
1	andi
2	andi
3	bibi
4	caesar
\.


--
-- Data for Name: test; Type: TABLE DATA; Schema: public; Owner: postgres
--

COPY public.test (id) FROM stdin;
\.


--
-- Data for Name: time; Type: TABLE DATA; Schema: public; Owner: postgres
--

COPY public."time" (dayno, d, m, y) FROM stdin;
1	1999/11/03	1999/11	1999
2	1999/11/04	1999/11	1999
3	1999/12/06	1999/12	1999
4	2000/04/13	2000/04	2000
5	2000/04/28	2000/04	2000
6	2000/05/05	2000/05	2000
7	2000/05/18	2000/05	2000
\.


--
-- Data for Name: track; Type: TABLE DATA; Schema: public; Owner: postgres
--

COPY public.track (recordid, tnumber, title, length) FROM stdin;
1	1	Mein 1.-schoenstes Lied	182
1	2	Mein 2.-schoenstes Lied	143
1	3	Mein 3.-schoenstes Lied	205
1	4	Mein 4.-schoenstes Lied	199
2	1	Mein 5.-schoenstes Lied	176
2	2	Mein 6.-schoenstes Lied	177
2	3	Mein 7.-schoenstes Lied	178
2	4	Mein 8.-schoenstes Lied	179
2	5	Mein 9.-schoenstes Lied	209
3	1	Noch ein schoenes Lied - Disco Version	180
3	2	Noch ein schoenes Lied - Extended Version	190
4	1	Der blaue Bach	192
4	2	Der gruene Bach	209
4	3	Der weisse Bach	170
4	4	Der andere blaue Bach	206
4	5	Der zweite gruene Bach	190
4	6	Der dritte gruene Bach	220
5	1	Die Buche	190
5	2	Die Eiche	200
5	3	Die Tanne	210
5	4	Die Fichte	220
5	5	Der Kirschbaum	230
5	6	Die Linde	240
5	7	Die Birke	220
5	8	Die Kiefer	208
6	1	Die Wiese - Vocal	270
6	2	Die Wiese - Instrumental	270
7	1	Das Feld - Vocal	170
7	2	Das Feld - Instrumental	173
8	1	Martins Ruebenacker	194
8	2	Kurts Maisacker	234
8	3	Lisas Getreideacker	210
8	4	Marias Gemuesefeld	195
9	1	Graz-Jodler	250
10	1	Innsbruck-Joder	184
10	2	Kitzbuehel-Joder	191
11	1	Bregenz-Jodler	301
12	1	Grinzing-Jodler	140
13	1	St.-Johann-Jodler	262
13	2	Zell-am-See-Jodler	213
14	1	Klagenfurt-Jodler	200
14	2	Villach-Jodler	211
15	1	Colosseo	240
15	2	Vaticano	253
15	3	Fontana di Trevi	187
15	4	Piazza di Spagna	210
16	1	Ponte di Rialto	182
16	2	San Marco	194
17	1	Luigi	240
17	2	Alessandra	253
17	3	Antonio	187
17	4	Gianna	199
17	5	Adriano	177
17	6	Nicoletta	310
\.


--
-- Data for Name: wartung; Type: TABLE DATA; Schema: public; Owner: postgres
--

COPY public.wartung (rechner, tag, vonstunde, bisstunde) FROM stdin;
andi	11	14	15
bibi	10	11	12
caesar	13	10	12
dora	14	14	18
andi	10	12	13
\.


--
-- Data for Name: wohnung; Type: TABLE DATA; Schema: public; Owner: postgres
--

COPY public.wohnung (wohnnr, eigentuemer, bezirk, gross) FROM stdin;
1	6	4	62
2	6	1	100
3	4	1	60
5	7	5	40
6	3	3	100
8	9	5	40
9	10	5	100
10	4	3	30
11	7	3	95
12	9	3	50
13	10	4	120
\.


--
-- Data for Name: workson; Type: TABLE DATA; Schema: public; Owner: postgres
--

COPY public.workson (snum, pnum, hours) FROM stdin;
E001	P005	8
E003	P003	16
E007	P004	16
E011	P005	16
E011	P012	16
E015	P005	16
E015	P012	16
E004	P001	8
E012	P001	16
E004	P007	8
E012	P007	16
E008	P006	8
E016	P006	8
E008	P002	8
E016	P002	8
E008	P008	8
E016	P008	16
E017	P011	32
E018	P009	32
E019	P010	32
\.


--
-- Name: benutzer benutzer_pkey; Type: CONSTRAINT; Schema: public; Owner: postgres
--

ALTER TABLE ONLY public.benutzer
    ADD CONSTRAINT benutzer_pkey PRIMARY KEY (bennr);


--
-- Name: book book_pkey; Type: CONSTRAINT; Schema: public; Owner: postgres
--

ALTER TABLE ONLY public.book
    ADD CONSTRAINT book_pkey PRIMARY KEY (bookid);


--
-- Name: bookcopies bookcopies_pkey; Type: CONSTRAINT; Schema: public; Owner: postgres
--

ALTER TABLE ONLY public.bookcopies
    ADD CONSTRAINT bookcopies_pkey PRIMARY KEY (bookid, branchid);


--
-- Name: bookloan bookloan_pkey; Type: CONSTRAINT; Schema: public; Owner: postgres
--

ALTER TABLE ONLY public.bookloan
    ADD CONSTRAINT bookloan_pkey PRIMARY KEY (bookid, branchid, cardno);


--
-- Name: borrower borrower_pkey; Type: CONSTRAINT; Schema: public; Owner: postgres
--

ALTER TABLE ONLY public.borrower
    ADD CONSTRAINT borrower_pkey PRIMARY KEY (cardno);


--
-- Name: branch branch_pkey; Type: CONSTRAINT; Schema: public; Owner: postgres
--

ALTER TABLE ONLY public.branch
    ADD CONSTRAINT branch_pkey PRIMARY KEY (branchid);


--
-- Name: buch buch_pkey; Type: CONSTRAINT; Schema: public; Owner: postgres
--

ALTER TABLE ONLY public.buch
    ADD CONSTRAINT buch_pkey PRIMARY KEY (buchnr);


--
-- Name: course course_pkey; Type: CONSTRAINT; Schema: public; Owner: postgres
--

ALTER TABLE ONLY public.course
    ADD CONSTRAINT course_pkey PRIMARY KEY (coursecode);


--
-- Name: dept dept_pkey; Type: CONSTRAINT; Schema: public; Owner: postgres
--

ALTER TABLE ONLY public.dept
    ADD CONSTRAINT dept_pkey PRIMARY KEY (dnum);


--
-- Name: deptlocation deptlocation_pkey; Type: CONSTRAINT; Schema: public; Owner: postgres
--

ALTER TABLE ONLY public.deptlocation
    ADD CONSTRAINT deptlocation_pkey PRIMARY KEY (dnum, dcity);


--
-- Name: enrollment enrollment_pkey; Type: CONSTRAINT; Schema: public; Owner: postgres
--

ALTER TABLE ONLY public.enrollment
    ADD CONSTRAINT enrollment_pkey PRIMARY KEY (studentid, coursecode);


--
-- Name: entlehng entlehng_buch_benutzer_von_key; Type: CONSTRAINT; Schema: public; Owner: postgres
--

ALTER TABLE ONLY public.entlehng
    ADD CONSTRAINT entlehng_buch_benutzer_von_key UNIQUE (buch, benutzer, von);


--
-- Name: entlehng entlehng_pkey; Type: CONSTRAINT; Schema: public; Owner: postgres
--

ALTER TABLE ONLY public.entlehng
    ADD CONSTRAINT entlehng_pkey PRIMARY KEY (entlngnr);


--
-- Name: konto konto_pkey; Type: CONSTRAINT; Schema: public; Owner: postgres
--

ALTER TABLE ONLY public.konto
    ADD CONSTRAINT konto_pkey PRIMARY KEY (kontonr);


--
-- Name: location location_pkey; Type: CONSTRAINT; Schema: public; Owner: postgres
--

ALTER TABLE ONLY public.location
    ADD CONSTRAINT location_pkey PRIMARY KEY (locno);


--
-- Name: person person_pkey; Type: CONSTRAINT; Schema: public; Owner: postgres
--

ALTER TABLE ONLY public.person
    ADD CONSTRAINT person_pkey PRIMARY KEY (persnr);


--
-- Name: booking pk_booking; Type: CONSTRAINT; Schema: public; Owner: postgres
--

ALTER TABLE ONLY public.booking
    ADD CONSTRAINT pk_booking PRIMARY KEY (hno, gno, datefrom);


--
-- Name: guest pk_guest; Type: CONSTRAINT; Schema: public; Owner: postgres
--

ALTER TABLE ONLY public.guest
    ADD CONSTRAINT pk_guest PRIMARY KEY (gno);


--
-- Name: hotel pk_hotel; Type: CONSTRAINT; Schema: public; Owner: postgres
--

ALTER TABLE ONLY public.hotel
    ADD CONSTRAINT pk_hotel PRIMARY KEY (hno);


--
-- Name: room pk_room; Type: CONSTRAINT; Schema: public; Owner: postgres
--

ALTER TABLE ONLY public.room
    ADD CONSTRAINT pk_room PRIMARY KEY (hno, rno);


--
-- Name: product product_pkey; Type: CONSTRAINT; Schema: public; Owner: postgres
--

ALTER TABLE ONLY public.product
    ADD CONSTRAINT product_pkey PRIMARY KEY (prodno);


--
-- Name: produkt produkt_uk41098377439043; Type: CONSTRAINT; Schema: public; Owner: postgres
--

ALTER TABLE ONLY public.produkt
    ADD CONSTRAINT produkt_uk41098377439043 UNIQUE (bezeichnung);


--
-- Name: project project_pkey; Type: CONSTRAINT; Schema: public; Owner: postgres
--

ALTER TABLE ONLY public.project
    ADD CONSTRAINT project_pkey PRIMARY KEY (pnum);


--
-- Name: purchase purchase_pkey; Type: CONSTRAINT; Schema: public; Owner: postgres
--

ALTER TABLE ONLY public.purchase
    ADD CONSTRAINT purchase_pkey PRIMARY KEY (dayno, prodno);


--
-- Name: rechnung rechnung_pkey; Type: CONSTRAINT; Schema: public; Owner: postgres
--

ALTER TABLE ONLY public.rechnung
    ADD CONSTRAINT rechnung_pkey PRIMARY KEY (rechnungnr, datum);


--
-- Name: rechnungpos rechnungpos_pkey; Type: CONSTRAINT; Schema: public; Owner: postgres
--

ALTER TABLE ONLY public.rechnungpos
    ADD CONSTRAINT rechnungpos_pkey PRIMARY KEY (rechnungnr, datum, positionnr);


--
-- Name: reserviert reserviert_pkey; Type: CONSTRAINT; Schema: public; Owner: postgres
--

ALTER TABLE ONLY public.reserviert
    ADD CONSTRAINT reserviert_pkey PRIMARY KEY (tno, tag, stunde);


--
-- Name: sales sales_pkey; Type: CONSTRAINT; Schema: public; Owner: postgres
--

ALTER TABLE ONLY public.sales
    ADD CONSTRAINT sales_pkey PRIMARY KEY (dayno, locno, prodno);


--
-- Name: segment segment_pkey; Type: CONSTRAINT; Schema: public; Owner: postgres
--

ALTER TABLE ONLY public.segment
    ADD CONSTRAINT segment_pkey PRIMARY KEY (code, segid);


--
-- Name: sortiment sortiment_pkey; Type: CONSTRAINT; Schema: public; Owner: postgres
--

ALTER TABLE ONLY public.sortiment
    ADD CONSTRAINT sortiment_pkey PRIMARY KEY (filnr, ean);


--
-- Name: staff staff_pkey; Type: CONSTRAINT; Schema: public; Owner: postgres
--

ALTER TABLE ONLY public.staff
    ADD CONSTRAINT staff_pkey PRIMARY KEY (snum);


--
-- Name: staffhotel staffhotel_pkey; Type: CONSTRAINT; Schema: public; Owner: postgres
--

ALTER TABLE ONLY public.staffhotel
    ADD CONSTRAINT staffhotel_pkey PRIMARY KEY (sno);


--
-- Name: strassenart strassenart_pkey; Type: CONSTRAINT; Schema: public; Owner: postgres
--

ALTER TABLE ONLY public.strassenart
    ADD CONSTRAINT strassenart_pkey PRIMARY KEY (art);


--
-- Name: studenten studenten_pkey; Type: CONSTRAINT; Schema: public; Owner: postgres
--

ALTER TABLE ONLY public.studenten
    ADD CONSTRAINT studenten_pkey PRIMARY KEY (mano);


--
-- Name: students students_pkey; Type: CONSTRAINT; Schema: public; Owner: postgres
--

ALTER TABLE ONLY public.students
    ADD CONSTRAINT students_pkey PRIMARY KEY (studentid);


--
-- Name: ort sys_c002764; Type: CONSTRAINT; Schema: public; Owner: postgres
--

ALTER TABLE ONLY public.ort
    ADD CONSTRAINT sys_c002764 PRIMARY KEY (plz);


--
-- Name: strasse sys_c002766; Type: CONSTRAINT; Schema: public; Owner: postgres
--

ALTER TABLE ONLY public.strasse
    ADD CONSTRAINT sys_c002766 PRIMARY KEY (name);


--
-- Name: liegtanstrasse sys_c002770; Type: CONSTRAINT; Schema: public; Owner: postgres
--

ALTER TABLE ONLY public.liegtanstrasse
    ADD CONSTRAINT sys_c002770 PRIMARY KEY (strassenname, ort);


--
-- Name: produkt sys_c002817; Type: CONSTRAINT; Schema: public; Owner: postgres
--

ALTER TABLE ONLY public.produkt
    ADD CONSTRAINT sys_c002817 PRIMARY KEY (ean);


--
-- Name: filiale sys_c002821; Type: CONSTRAINT; Schema: public; Owner: postgres
--

ALTER TABLE ONLY public.filiale
    ADD CONSTRAINT sys_c002821 PRIMARY KEY (filnr);


--
-- Name: kunde sys_c002824; Type: CONSTRAINT; Schema: public; Owner: postgres
--

ALTER TABLE ONLY public.kunde
    ADD CONSTRAINT sys_c002824 PRIMARY KEY (kundenr);


--
-- Name: bauprodukt sys_c002850; Type: CONSTRAINT; Schema: public; Owner: postgres
--

ALTER TABLE ONLY public.bauprodukt
    ADD CONSTRAINT sys_c002850 PRIMARY KEY (prod_nr);


--
-- Name: bestellung sys_c002853; Type: CONSTRAINT; Schema: public; Owner: postgres
--

ALTER TABLE ONLY public.bestellung
    ADD CONSTRAINT sys_c002853 PRIMARY KEY (bestell_nr);


--
-- Name: bestellposition sys_c002856; Type: CONSTRAINT; Schema: public; Owner: postgres
--

ALTER TABLE ONLY public.bestellposition
    ADD CONSTRAINT sys_c002856 PRIMARY KEY (bestell_nr, pos_nr);


--
-- Name: lieferschein sys_c002859; Type: CONSTRAINT; Schema: public; Owner: postgres
--

ALTER TABLE ONLY public.lieferschein
    ADD CONSTRAINT sys_c002859 PRIMARY KEY (liefer_nr);


--
-- Name: lieferposition sys_c002862; Type: CONSTRAINT; Schema: public; Owner: postgres
--

ALTER TABLE ONLY public.lieferposition
    ADD CONSTRAINT sys_c002862 PRIMARY KEY (liefer_nr, lieferpos_nr);


--
-- Name: human sys_c002867; Type: CONSTRAINT; Schema: public; Owner: postgres
--

ALTER TABLE ONLY public.human
    ADD CONSTRAINT sys_c002867 PRIMARY KEY (name);


--
-- Name: parent sys_c002868; Type: CONSTRAINT; Schema: public; Owner: postgres
--

ALTER TABLE ONLY public.parent
    ADD CONSTRAINT sys_c002868 PRIMARY KEY (parentname, childname);


--
-- Name: artist sys_c002893; Type: CONSTRAINT; Schema: public; Owner: postgres
--

ALTER TABLE ONLY public.artist
    ADD CONSTRAINT sys_c002893 PRIMARY KEY (name);


--
-- Name: genre sys_c002894; Type: CONSTRAINT; Schema: public; Owner: postgres
--

ALTER TABLE ONLY public.genre
    ADD CONSTRAINT sys_c002894 PRIMARY KEY (genreid);


--
-- Name: record sys_c002895; Type: CONSTRAINT; Schema: public; Owner: postgres
--

ALTER TABLE ONLY public.record
    ADD CONSTRAINT sys_c002895 PRIMARY KEY (recordid);


--
-- Name: distribute sys_c002900; Type: CONSTRAINT; Schema: public; Owner: postgres
--

ALTER TABLE ONLY public.distribute
    ADD CONSTRAINT sys_c002900 PRIMARY KEY (recordid, media);


--
-- Name: fakultaet sys_c002923; Type: CONSTRAINT; Schema: public; Owner: postgres
--

ALTER TABLE ONLY public.fakultaet
    ADD CONSTRAINT sys_c002923 PRIMARY KEY (kurzbez);


--
-- Name: studienrichtung sys_c002926; Type: CONSTRAINT; Schema: public; Owner: postgres
--

ALTER TABLE ONLY public.studienrichtung
    ADD CONSTRAINT sys_c002926 PRIMARY KEY (kennzahl);


--
-- Name: koje sys_c002929; Type: CONSTRAINT; Schema: public; Owner: postgres
--

ALTER TABLE ONLY public.koje
    ADD CONSTRAINT sys_c002929 PRIMARY KEY (standnr);


--
-- Name: orteverbindung sys_c002933; Type: CONSTRAINT; Schema: public; Owner: postgres
--

ALTER TABLE ONLY public.orteverbindung
    ADD CONSTRAINT sys_c002933 PRIMARY KEY (strassenname, ortvon, ortnach);


--
-- Name: node sys_c003458; Type: CONSTRAINT; Schema: public; Owner: postgres
--

ALTER TABLE ONLY public.node
    ADD CONSTRAINT sys_c003458 PRIMARY KEY (nodeid);


--
-- Name: highway sys_c003463; Type: CONSTRAINT; Schema: public; Owner: postgres
--

ALTER TABLE ONLY public.highway
    ADD CONSTRAINT sys_c003463 PRIMARY KEY (code);


--
-- Name: highway sys_c003464; Type: CONSTRAINT; Schema: public; Owner: postgres
--

ALTER TABLE ONLY public.highway
    ADD CONSTRAINT sys_c003464 UNIQUE (name);


--
-- Name: city sys_c003475; Type: CONSTRAINT; Schema: public; Owner: postgres
--

ALTER TABLE ONLY public.city
    ADD CONSTRAINT sys_c003475 PRIMARY KEY (zip);


--
-- Name: city sys_c003476; Type: CONSTRAINT; Schema: public; Owner: postgres
--

ALTER TABLE ONLY public.city
    ADD CONSTRAINT sys_c003476 UNIQUE (name);


--
-- Name: exit sys_c003479; Type: CONSTRAINT; Schema: public; Owner: postgres
--

ALTER TABLE ONLY public.exit
    ADD CONSTRAINT sys_c003479 PRIMARY KEY (nodeid);


--
-- Name: exit sys_c003480; Type: CONSTRAINT; Schema: public; Owner: postgres
--

ALTER TABLE ONLY public.exit
    ADD CONSTRAINT sys_c003480 UNIQUE (exitno);


--
-- Name: highwayexit sys_c003484; Type: CONSTRAINT; Schema: public; Owner: postgres
--

ALTER TABLE ONLY public.highwayexit
    ADD CONSTRAINT sys_c003484 PRIMARY KEY (nodeid);


--
-- Name: intersection sys_c003488; Type: CONSTRAINT; Schema: public; Owner: postgres
--

ALTER TABLE ONLY public.intersection
    ADD CONSTRAINT sys_c003488 PRIMARY KEY (nodeid);


--
-- Name: intersection sys_c003489; Type: CONSTRAINT; Schema: public; Owner: postgres
--

ALTER TABLE ONLY public.intersection
    ADD CONSTRAINT sys_c003489 UNIQUE (name);


--
-- Name: highwayintersection sys_c003492; Type: CONSTRAINT; Schema: public; Owner: postgres
--

ALTER TABLE ONLY public.highwayintersection
    ADD CONSTRAINT sys_c003492 PRIMARY KEY (code, nodeid);


--
-- Name: student sys_c005003; Type: CONSTRAINT; Schema: public; Owner: postgres
--

ALTER TABLE ONLY public.student
    ADD CONSTRAINT sys_c005003 PRIMARY KEY (matrikelnr);


--
-- Name: kurs sys_c005004; Type: CONSTRAINT; Schema: public; Owner: postgres
--

ALTER TABLE ONLY public.kurs
    ADD CONSTRAINT sys_c005004 PRIMARY KEY (kursnr);


--
-- Name: belegung sys_c005005; Type: CONSTRAINT; Schema: public; Owner: postgres
--

ALTER TABLE ONLY public.belegung
    ADD CONSTRAINT sys_c005005 PRIMARY KEY (matrikelnr, kursnr);


--
-- Name: terminal terminal_pkey; Type: CONSTRAINT; Schema: public; Owner: postgres
--

ALTER TABLE ONLY public.terminal
    ADD CONSTRAINT terminal_pkey PRIMARY KEY (tno);


--
-- Name: time time_pkey; Type: CONSTRAINT; Schema: public; Owner: postgres
--

ALTER TABLE ONLY public."time"
    ADD CONSTRAINT time_pkey PRIMARY KEY (dayno);


--
-- Name: track track_pkey; Type: CONSTRAINT; Schema: public; Owner: postgres
--

ALTER TABLE ONLY public.track
    ADD CONSTRAINT track_pkey PRIMARY KEY (recordid, tnumber);


--
-- Name: wartung wartung_pkey; Type: CONSTRAINT; Schema: public; Owner: postgres
--

ALTER TABLE ONLY public.wartung
    ADD CONSTRAINT wartung_pkey PRIMARY KEY (rechner, tag, vonstunde);


--
-- Name: wohnung wohnung_pkey; Type: CONSTRAINT; Schema: public; Owner: postgres
--

ALTER TABLE ONLY public.wohnung
    ADD CONSTRAINT wohnung_pkey PRIMARY KEY (wohnnr);


--
-- Name: workson workson_pkey; Type: CONSTRAINT; Schema: public; Owner: postgres
--

ALTER TABLE ONLY public.workson
    ADD CONSTRAINT workson_pkey PRIMARY KEY (snum, pnum);


--
-- Name: bookcopies bookcopies_bookid_fkey; Type: FK CONSTRAINT; Schema: public; Owner: postgres
--

ALTER TABLE ONLY public.bookcopies
    ADD CONSTRAINT bookcopies_bookid_fkey FOREIGN KEY (bookid) REFERENCES public.book(bookid);


--
-- Name: bookcopies bookcopies_branchid_fkey; Type: FK CONSTRAINT; Schema: public; Owner: postgres
--

ALTER TABLE ONLY public.bookcopies
    ADD CONSTRAINT bookcopies_branchid_fkey FOREIGN KEY (branchid) REFERENCES public.branch(branchid);


--
-- Name: bookloan bookloan_bookid_fkey; Type: FK CONSTRAINT; Schema: public; Owner: postgres
--

ALTER TABLE ONLY public.bookloan
    ADD CONSTRAINT bookloan_bookid_fkey FOREIGN KEY (bookid) REFERENCES public.book(bookid);


--
-- Name: bookloan bookloan_branchid_fkey; Type: FK CONSTRAINT; Schema: public; Owner: postgres
--

ALTER TABLE ONLY public.bookloan
    ADD CONSTRAINT bookloan_branchid_fkey FOREIGN KEY (branchid) REFERENCES public.branch(branchid);


--
-- Name: bookloan bookloan_cardno_fkey; Type: FK CONSTRAINT; Schema: public; Owner: postgres
--

ALTER TABLE ONLY public.bookloan
    ADD CONSTRAINT bookloan_cardno_fkey FOREIGN KEY (cardno) REFERENCES public.borrower(cardno);


--
-- Name: borrower borrower_borrowerbranch_fkey; Type: FK CONSTRAINT; Schema: public; Owner: postgres
--

ALTER TABLE ONLY public.borrower
    ADD CONSTRAINT borrower_borrowerbranch_fkey FOREIGN KEY (borrowerbranch) REFERENCES public.branch(branchid);


--
-- Name: dept dept_fk_staff; Type: FK CONSTRAINT; Schema: public; Owner: postgres
--

ALTER TABLE ONLY public.dept
    ADD CONSTRAINT dept_fk_staff FOREIGN KEY (manager) REFERENCES public.staff(snum) DEFERRABLE INITIALLY DEFERRED;


--
-- Name: deptlocation deptlocation_dnum_fkey; Type: FK CONSTRAINT; Schema: public; Owner: postgres
--

ALTER TABLE ONLY public.deptlocation
    ADD CONSTRAINT deptlocation_dnum_fkey FOREIGN KEY (dnum) REFERENCES public.dept(dnum);


--
-- Name: enrollment enrollment_coursecode_fkey; Type: FK CONSTRAINT; Schema: public; Owner: postgres
--

ALTER TABLE ONLY public.enrollment
    ADD CONSTRAINT enrollment_coursecode_fkey FOREIGN KEY (coursecode) REFERENCES public.course(coursecode);


--
-- Name: enrollment enrollment_studentid_fkey; Type: FK CONSTRAINT; Schema: public; Owner: postgres
--

ALTER TABLE ONLY public.enrollment
    ADD CONSTRAINT enrollment_studentid_fkey FOREIGN KEY (studentid) REFERENCES public.students(studentid);


--
-- Name: entlehng entlehng_benutzer_fkey; Type: FK CONSTRAINT; Schema: public; Owner: postgres
--

ALTER TABLE ONLY public.entlehng
    ADD CONSTRAINT entlehng_benutzer_fkey FOREIGN KEY (benutzer) REFERENCES public.benutzer(bennr);


--
-- Name: entlehng entlehng_buch_fkey; Type: FK CONSTRAINT; Schema: public; Owner: postgres
--

ALTER TABLE ONLY public.entlehng
    ADD CONSTRAINT entlehng_buch_fkey FOREIGN KEY (buch) REFERENCES public.buch(buchnr);


--
-- Name: booking fk_booking_gno; Type: FK CONSTRAINT; Schema: public; Owner: postgres
--

ALTER TABLE ONLY public.booking
    ADD CONSTRAINT fk_booking_gno FOREIGN KEY (gno) REFERENCES public.guest(gno);


--
-- Name: booking fk_booking_hno_rno; Type: FK CONSTRAINT; Schema: public; Owner: postgres
--

ALTER TABLE ONLY public.booking
    ADD CONSTRAINT fk_booking_hno_rno FOREIGN KEY (hno, rno) REFERENCES public.room(hno, rno);


--
-- Name: room fk_room_hno; Type: FK CONSTRAINT; Schema: public; Owner: postgres
--

ALTER TABLE ONLY public.room
    ADD CONSTRAINT fk_room_hno FOREIGN KEY (hno) REFERENCES public.hotel(hno);


--
-- Name: project project_dnum_fkey; Type: FK CONSTRAINT; Schema: public; Owner: postgres
--

ALTER TABLE ONLY public.project
    ADD CONSTRAINT project_dnum_fkey FOREIGN KEY (dnum) REFERENCES public.dept(dnum);


--
-- Name: purchase purchase_dayno_fkey; Type: FK CONSTRAINT; Schema: public; Owner: postgres
--

ALTER TABLE ONLY public.purchase
    ADD CONSTRAINT purchase_dayno_fkey FOREIGN KEY (dayno) REFERENCES public."time"(dayno);


--
-- Name: purchase purchase_prodno_fkey; Type: FK CONSTRAINT; Schema: public; Owner: postgres
--

ALTER TABLE ONLY public.purchase
    ADD CONSTRAINT purchase_prodno_fkey FOREIGN KEY (prodno) REFERENCES public.product(prodno);


--
-- Name: sales sales_dayno_fkey; Type: FK CONSTRAINT; Schema: public; Owner: postgres
--

ALTER TABLE ONLY public.sales
    ADD CONSTRAINT sales_dayno_fkey FOREIGN KEY (dayno) REFERENCES public."time"(dayno);


--
-- Name: sales sales_locno_fkey; Type: FK CONSTRAINT; Schema: public; Owner: postgres
--

ALTER TABLE ONLY public.sales
    ADD CONSTRAINT sales_locno_fkey FOREIGN KEY (locno) REFERENCES public.location(locno);


--
-- Name: sales sales_prodno_fkey; Type: FK CONSTRAINT; Schema: public; Owner: postgres
--

ALTER TABLE ONLY public.sales
    ADD CONSTRAINT sales_prodno_fkey FOREIGN KEY (prodno) REFERENCES public.product(prodno);


--
-- Name: staff staff_dnum_fkey; Type: FK CONSTRAINT; Schema: public; Owner: postgres
--

ALTER TABLE ONLY public.staff
    ADD CONSTRAINT staff_dnum_fkey FOREIGN KEY (dnum) REFERENCES public.dept(dnum);


--
-- Name: liegtanstrasse sys_c002771; Type: FK CONSTRAINT; Schema: public; Owner: postgres
--

ALTER TABLE ONLY public.liegtanstrasse
    ADD CONSTRAINT sys_c002771 FOREIGN KEY (strassenname) REFERENCES public.strasse(name) ON DELETE CASCADE DEFERRABLE INITIALLY DEFERRED;


--
-- Name: liegtanstrasse sys_c002772; Type: FK CONSTRAINT; Schema: public; Owner: postgres
--

ALTER TABLE ONLY public.liegtanstrasse
    ADD CONSTRAINT sys_c002772 FOREIGN KEY (ort) REFERENCES public.ort(plz) ON DELETE CASCADE DEFERRABLE INITIALLY DEFERRED;


--
-- Name: bestellposition sys_c002857; Type: FK CONSTRAINT; Schema: public; Owner: postgres
--

ALTER TABLE ONLY public.bestellposition
    ADD CONSTRAINT sys_c002857 FOREIGN KEY (prod_nr) REFERENCES public.bauprodukt(prod_nr);


--
-- Name: lieferposition sys_c002863; Type: FK CONSTRAINT; Schema: public; Owner: postgres
--

ALTER TABLE ONLY public.lieferposition
    ADD CONSTRAINT sys_c002863 FOREIGN KEY (liefer_nr) REFERENCES public.lieferschein(liefer_nr) DEFERRABLE INITIALLY DEFERRED;


--
-- Name: lieferposition sys_c002864; Type: FK CONSTRAINT; Schema: public; Owner: postgres
--

ALTER TABLE ONLY public.lieferposition
    ADD CONSTRAINT sys_c002864 FOREIGN KEY (bestell_nr, bestellpos_nr) REFERENCES public.bestellposition(bestell_nr, pos_nr) DEFERRABLE INITIALLY DEFERRED;


--
-- Name: record sys_c002896; Type: FK CONSTRAINT; Schema: public; Owner: postgres
--

ALTER TABLE ONLY public.record
    ADD CONSTRAINT sys_c002896 FOREIGN KEY (artistname) REFERENCES public.artist(name);


--
-- Name: record sys_c002897; Type: FK CONSTRAINT; Schema: public; Owner: postgres
--

ALTER TABLE ONLY public.record
    ADD CONSTRAINT sys_c002897 FOREIGN KEY (genreid) REFERENCES public.genre(genreid);


--
-- Name: distribute sys_c002901; Type: FK CONSTRAINT; Schema: public; Owner: postgres
--

ALTER TABLE ONLY public.distribute
    ADD CONSTRAINT sys_c002901 FOREIGN KEY (recordid) REFERENCES public.record(recordid);


--
-- Name: studienrichtung sys_c002927; Type: FK CONSTRAINT; Schema: public; Owner: postgres
--

ALTER TABLE ONLY public.studienrichtung
    ADD CONSTRAINT sys_c002927 FOREIGN KEY (gehoert_zu) REFERENCES public.fakultaet(kurzbez);


--
-- Name: koje sys_c002932; Type: FK CONSTRAINT; Schema: public; Owner: postgres
--

ALTER TABLE ONLY public.koje
    ADD CONSTRAINT sys_c002932 FOREIGN KEY (gemietet_von) REFERENCES public.studienrichtung(kennzahl);


--
-- Name: highway sys_c003465; Type: FK CONSTRAINT; Schema: public; Owner: postgres
--

ALTER TABLE ONLY public.highway
    ADD CONSTRAINT sys_c003465 FOREIGN KEY (startnodeid) REFERENCES public.node(nodeid);


--
-- Name: highway sys_c003466; Type: FK CONSTRAINT; Schema: public; Owner: postgres
--

ALTER TABLE ONLY public.highway
    ADD CONSTRAINT sys_c003466 FOREIGN KEY (endnodeid) REFERENCES public.node(nodeid);


--
-- Name: exit sys_c003481; Type: FK CONSTRAINT; Schema: public; Owner: postgres
--

ALTER TABLE ONLY public.exit
    ADD CONSTRAINT sys_c003481 FOREIGN KEY (nodeid) REFERENCES public.node(nodeid) ON DELETE CASCADE;


--
-- Name: exit sys_c003482; Type: FK CONSTRAINT; Schema: public; Owner: postgres
--

ALTER TABLE ONLY public.exit
    ADD CONSTRAINT sys_c003482 FOREIGN KEY (zip) REFERENCES public.city(zip);


--
-- Name: highwayexit sys_c003485; Type: FK CONSTRAINT; Schema: public; Owner: postgres
--

ALTER TABLE ONLY public.highwayexit
    ADD CONSTRAINT sys_c003485 FOREIGN KEY (code) REFERENCES public.highway(code);


--
-- Name: highwayexit sys_c003486; Type: FK CONSTRAINT; Schema: public; Owner: postgres
--

ALTER TABLE ONLY public.highwayexit
    ADD CONSTRAINT sys_c003486 FOREIGN KEY (nodeid) REFERENCES public.exit(nodeid);


--
-- Name: intersection sys_c003490; Type: FK CONSTRAINT; Schema: public; Owner: postgres
--

ALTER TABLE ONLY public.intersection
    ADD CONSTRAINT sys_c003490 FOREIGN KEY (nodeid) REFERENCES public.node(nodeid) ON DELETE CASCADE;


--
-- Name: highwayintersection sys_c003493; Type: FK CONSTRAINT; Schema: public; Owner: postgres
--

ALTER TABLE ONLY public.highwayintersection
    ADD CONSTRAINT sys_c003493 FOREIGN KEY (code) REFERENCES public.highway(code);


--
-- Name: highwayintersection sys_c003494; Type: FK CONSTRAINT; Schema: public; Owner: postgres
--

ALTER TABLE ONLY public.highwayintersection
    ADD CONSTRAINT sys_c003494 FOREIGN KEY (nodeid) REFERENCES public.intersection(nodeid);


--
-- Name: belegung sys_c005006; Type: FK CONSTRAINT; Schema: public; Owner: postgres
--

ALTER TABLE ONLY public.belegung
    ADD CONSTRAINT sys_c005006 FOREIGN KEY (matrikelnr) REFERENCES public.student(matrikelnr);


--
-- Name: belegung sys_c005007; Type: FK CONSTRAINT; Schema: public; Owner: postgres
--

ALTER TABLE ONLY public.belegung
    ADD CONSTRAINT sys_c005007 FOREIGN KEY (kursnr) REFERENCES public.kurs(kursnr);


--
-- Name: workson workson_pnum_fkey; Type: FK CONSTRAINT; Schema: public; Owner: postgres
--

ALTER TABLE ONLY public.workson
    ADD CONSTRAINT workson_pnum_fkey FOREIGN KEY (pnum) REFERENCES public.project(pnum);


--
-- Name: workson workson_snum_fkey; Type: FK CONSTRAINT; Schema: public; Owner: postgres
--

ALTER TABLE ONLY public.workson
    ADD CONSTRAINT workson_snum_fkey FOREIGN KEY (snum) REFERENCES public.staff(snum);


--
-- Name: TABLE aenderungs_protokoll; Type: ACL; Schema: public; Owner: postgres
--

GRANT SELECT ON TABLE public.aenderungs_protokoll TO sql;


--
-- Name: TABLE artist; Type: ACL; Schema: public; Owner: postgres
--

GRANT SELECT ON TABLE public.artist TO sql;


--
-- Name: TABLE bauprodukt; Type: ACL; Schema: public; Owner: postgres
--

GRANT SELECT ON TABLE public.bauprodukt TO sql;


--
-- Name: TABLE belegung; Type: ACL; Schema: public; Owner: postgres
--

GRANT SELECT ON TABLE public.belegung TO sql;


--
-- Name: TABLE benutzer; Type: ACL; Schema: public; Owner: postgres
--

GRANT SELECT ON TABLE public.benutzer TO sql;


--
-- Name: TABLE bestellposition; Type: ACL; Schema: public; Owner: postgres
--

GRANT SELECT ON TABLE public.bestellposition TO sql;


--
-- Name: TABLE bestellung; Type: ACL; Schema: public; Owner: postgres
--

GRANT SELECT ON TABLE public.bestellung TO sql;


--
-- Name: TABLE book; Type: ACL; Schema: public; Owner: postgres
--

GRANT SELECT ON TABLE public.book TO sql;


--
-- Name: TABLE bookcopies; Type: ACL; Schema: public; Owner: postgres
--

GRANT SELECT ON TABLE public.bookcopies TO sql;


--
-- Name: TABLE booking; Type: ACL; Schema: public; Owner: postgres
--

GRANT SELECT ON TABLE public.booking TO sql;


--
-- Name: TABLE bookloan; Type: ACL; Schema: public; Owner: postgres
--

GRANT SELECT ON TABLE public.bookloan TO sql;


--
-- Name: TABLE borrower; Type: ACL; Schema: public; Owner: postgres
--

GRANT SELECT ON TABLE public.borrower TO sql;


--
-- Name: TABLE branch; Type: ACL; Schema: public; Owner: postgres
--

GRANT SELECT ON TABLE public.branch TO sql;


--
-- Name: TABLE buch; Type: ACL; Schema: public; Owner: postgres
--

GRANT SELECT ON TABLE public.buch TO sql;


--
-- Name: TABLE buchung; Type: ACL; Schema: public; Owner: postgres
--

GRANT SELECT ON TABLE public.buchung TO sql;


--
-- Name: TABLE city; Type: ACL; Schema: public; Owner: postgres
--

GRANT SELECT ON TABLE public.city TO sql;


--
-- Name: TABLE course; Type: ACL; Schema: public; Owner: postgres
--

GRANT SELECT ON TABLE public.course TO sql;


--
-- Name: TABLE dept; Type: ACL; Schema: public; Owner: postgres
--

GRANT SELECT ON TABLE public.dept TO sql;


--
-- Name: TABLE deptlocation; Type: ACL; Schema: public; Owner: postgres
--

GRANT SELECT ON TABLE public.deptlocation TO sql;


--
-- Name: TABLE distribute; Type: ACL; Schema: public; Owner: postgres
--

GRANT SELECT ON TABLE public.distribute TO sql;


--
-- Name: TABLE enrollment; Type: ACL; Schema: public; Owner: postgres
--

GRANT SELECT ON TABLE public.enrollment TO sql;


--
-- Name: TABLE entlehng; Type: ACL; Schema: public; Owner: postgres
--

GRANT SELECT ON TABLE public.entlehng TO sql;


--
-- Name: TABLE exit; Type: ACL; Schema: public; Owner: postgres
--

GRANT SELECT ON TABLE public.exit TO sql;


--
-- Name: TABLE fakultaet; Type: ACL; Schema: public; Owner: postgres
--

GRANT SELECT ON TABLE public.fakultaet TO sql;


--
-- Name: TABLE filiale; Type: ACL; Schema: public; Owner: postgres
--

GRANT SELECT ON TABLE public.filiale TO sql;


--
-- Name: TABLE genre; Type: ACL; Schema: public; Owner: postgres
--

GRANT SELECT ON TABLE public.genre TO sql;


--
-- Name: TABLE gewinne; Type: ACL; Schema: public; Owner: postgres
--

GRANT SELECT ON TABLE public.gewinne TO sql;


--
-- Name: TABLE guest; Type: ACL; Schema: public; Owner: postgres
--

GRANT SELECT ON TABLE public.guest TO sql;


--
-- Name: TABLE highway; Type: ACL; Schema: public; Owner: postgres
--

GRANT SELECT ON TABLE public.highway TO sql;


--
-- Name: TABLE highwayexit; Type: ACL; Schema: public; Owner: postgres
--

GRANT SELECT ON TABLE public.highwayexit TO sql;


--
-- Name: TABLE highwayintersection; Type: ACL; Schema: public; Owner: postgres
--

GRANT SELECT ON TABLE public.highwayintersection TO sql;


--
-- Name: TABLE hotel; Type: ACL; Schema: public; Owner: postgres
--

GRANT SELECT ON TABLE public.hotel TO sql;


--
-- Name: TABLE human; Type: ACL; Schema: public; Owner: postgres
--

GRANT SELECT ON TABLE public.human TO sql;


--
-- Name: TABLE inhaber; Type: ACL; Schema: public; Owner: postgres
--

GRANT SELECT ON TABLE public.inhaber TO sql;


--
-- Name: TABLE intersection; Type: ACL; Schema: public; Owner: postgres
--

GRANT SELECT ON TABLE public.intersection TO sql;


--
-- Name: TABLE koje; Type: ACL; Schema: public; Owner: postgres
--

GRANT SELECT ON TABLE public.koje TO sql;


--
-- Name: TABLE konto; Type: ACL; Schema: public; Owner: postgres
--

GRANT SELECT ON TABLE public.konto TO sql;


--
-- Name: TABLE kunde; Type: ACL; Schema: public; Owner: postgres
--

GRANT SELECT ON TABLE public.kunde TO sql;


--
-- Name: TABLE kurs; Type: ACL; Schema: public; Owner: postgres
--

GRANT SELECT ON TABLE public.kurs TO sql;


--
-- Name: TABLE lieferposition; Type: ACL; Schema: public; Owner: postgres
--

GRANT SELECT ON TABLE public.lieferposition TO sql;


--
-- Name: TABLE lieferschein; Type: ACL; Schema: public; Owner: postgres
--

GRANT SELECT ON TABLE public.lieferschein TO sql;


--
-- Name: TABLE liegtanstrasse; Type: ACL; Schema: public; Owner: postgres
--

GRANT SELECT ON TABLE public.liegtanstrasse TO sql;


--
-- Name: TABLE location; Type: ACL; Schema: public; Owner: postgres
--

GRANT SELECT ON TABLE public.location TO sql;


--
-- Name: TABLE mietet; Type: ACL; Schema: public; Owner: postgres
--

GRANT SELECT ON TABLE public.mietet TO sql;


--
-- Name: TABLE node; Type: ACL; Schema: public; Owner: postgres
--

GRANT SELECT ON TABLE public.node TO sql;


--
-- Name: TABLE ort; Type: ACL; Schema: public; Owner: postgres
--

GRANT SELECT ON TABLE public.ort TO sql;


--
-- Name: TABLE orteverbindung; Type: ACL; Schema: public; Owner: postgres
--

GRANT SELECT ON TABLE public.orteverbindung TO sql;


--
-- Name: TABLE parent; Type: ACL; Schema: public; Owner: postgres
--

GRANT SELECT ON TABLE public.parent TO sql;


--
-- Name: TABLE person; Type: ACL; Schema: public; Owner: postgres
--

GRANT SELECT ON TABLE public.person TO sql;


--
-- Name: TABLE product; Type: ACL; Schema: public; Owner: postgres
--

GRANT SELECT ON TABLE public.product TO sql;


--
-- Name: TABLE produkt; Type: ACL; Schema: public; Owner: postgres
--

GRANT SELECT ON TABLE public.produkt TO sql;


--
-- Name: TABLE project; Type: ACL; Schema: public; Owner: postgres
--

GRANT SELECT ON TABLE public.project TO sql;


--
-- Name: TABLE purchase; Type: ACL; Schema: public; Owner: postgres
--

GRANT SELECT ON TABLE public.purchase TO sql;


--
-- Name: TABLE rechnung; Type: ACL; Schema: public; Owner: postgres
--

GRANT SELECT ON TABLE public.rechnung TO sql;


--
-- Name: TABLE rechnungpos; Type: ACL; Schema: public; Owner: postgres
--

GRANT SELECT ON TABLE public.rechnungpos TO sql;


--
-- Name: TABLE record; Type: ACL; Schema: public; Owner: postgres
--

GRANT SELECT ON TABLE public.record TO sql;


--
-- Name: TABLE reserviert; Type: ACL; Schema: public; Owner: postgres
--

GRANT SELECT ON TABLE public.reserviert TO sql;


--
-- Name: TABLE room; Type: ACL; Schema: public; Owner: postgres
--

GRANT SELECT ON TABLE public.room TO sql;


--
-- Name: TABLE sales; Type: ACL; Schema: public; Owner: postgres
--

GRANT SELECT ON TABLE public.sales TO sql;


--
-- Name: TABLE segment; Type: ACL; Schema: public; Owner: postgres
--

GRANT SELECT ON TABLE public.segment TO sql;


--
-- Name: TABLE sortiment; Type: ACL; Schema: public; Owner: postgres
--

GRANT SELECT ON TABLE public.sortiment TO sql;


--
-- Name: TABLE sortiment_aenderungen; Type: ACL; Schema: public; Owner: postgres
--

GRANT SELECT ON TABLE public.sortiment_aenderungen TO sql;


--
-- Name: TABLE staff; Type: ACL; Schema: public; Owner: postgres
--

GRANT SELECT ON TABLE public.staff TO sql;


--
-- Name: TABLE staffhotel; Type: ACL; Schema: public; Owner: postgres
--

GRANT SELECT ON TABLE public.staffhotel TO sql;


--
-- Name: TABLE strasse; Type: ACL; Schema: public; Owner: postgres
--

GRANT SELECT ON TABLE public.strasse TO sql;


--
-- Name: TABLE strassenart; Type: ACL; Schema: public; Owner: postgres
--

GRANT SELECT ON TABLE public.strassenart TO sql;


--
-- Name: TABLE student; Type: ACL; Schema: public; Owner: postgres
--

GRANT SELECT ON TABLE public.student TO sql;


--
-- Name: TABLE studenten; Type: ACL; Schema: public; Owner: postgres
--

GRANT SELECT ON TABLE public.studenten TO sql;


--
-- Name: TABLE students; Type: ACL; Schema: public; Owner: postgres
--

GRANT SELECT ON TABLE public.students TO sql;


--
-- Name: TABLE studienrichtung; Type: ACL; Schema: public; Owner: postgres
--

GRANT SELECT ON TABLE public.studienrichtung TO sql;


--
-- Name: TABLE terminal; Type: ACL; Schema: public; Owner: postgres
--

GRANT SELECT ON TABLE public.terminal TO sql;


--
-- Name: TABLE test; Type: ACL; Schema: public; Owner: postgres
--

GRANT SELECT ON TABLE public.test TO sql;


--
-- Name: TABLE "time"; Type: ACL; Schema: public; Owner: postgres
--

GRANT SELECT ON TABLE public."time" TO sql;


--
-- Name: TABLE track; Type: ACL; Schema: public; Owner: postgres
--

GRANT SELECT ON TABLE public.track TO sql;


--
-- Name: TABLE wartung; Type: ACL; Schema: public; Owner: postgres
--

GRANT SELECT ON TABLE public.wartung TO sql;


--
-- Name: TABLE wohnung; Type: ACL; Schema: public; Owner: postgres
--

GRANT SELECT ON TABLE public.wohnung TO sql;


--
-- Name: TABLE workson; Type: ACL; Schema: public; Owner: postgres
--

GRANT SELECT ON TABLE public.workson TO sql;


--
-- Name: DEFAULT PRIVILEGES FOR TABLES; Type: DEFAULT ACL; Schema: public; Owner: postgres
--

ALTER DEFAULT PRIVILEGES FOR ROLE postgres IN SCHEMA public REVOKE ALL ON TABLES  FROM postgres;
ALTER DEFAULT PRIVILEGES FOR ROLE postgres IN SCHEMA public GRANT SELECT ON TABLES  TO sql;


--
-- PostgreSQL database dump complete
--

--
-- Database "sql_trial_pruefungen" dump
--

--
-- PostgreSQL database dump
--

-- Dumped from database version 13.2
-- Dumped by pg_dump version 13.2

SET statement_timeout = 0;
SET lock_timeout = 0;
SET idle_in_transaction_session_timeout = 0;
SET client_encoding = 'UTF8';
SET standard_conforming_strings = on;
SELECT pg_catalog.set_config('search_path', '', false);
SET check_function_bodies = false;
SET xmloption = content;
SET client_min_messages = warning;
SET row_security = off;

--
-- Name: sql_trial_pruefungen; Type: DATABASE; Schema: -; Owner: postgres
--

CREATE DATABASE sql_trial_pruefungen WITH TEMPLATE = template0 ENCODING = 'UTF8';


ALTER DATABASE sql_trial_pruefungen OWNER TO postgres;

\connect sql_trial_pruefungen

SET statement_timeout = 0;
SET lock_timeout = 0;
SET idle_in_transaction_session_timeout = 0;
SET client_encoding = 'UTF8';
SET standard_conforming_strings = on;
SELECT pg_catalog.set_config('search_path', '', false);
SET check_function_bodies = false;
SET xmloption = content;
SET client_min_messages = warning;
SET row_security = off;

SET default_tablespace = '';


--
-- Name: diplomprfg; Type: TABLE; Schema: public; Owner: postgres
--

CREATE TABLE public.diplomprfg (
    pnr character(5) NOT NULL,
    bezeichnung character varying(20) NOT NULL
);


ALTER TABLE public.diplomprfg OWNER TO postgres;

--
-- Name: lva; Type: TABLE; Schema: public; Owner: postgres
--

CREATE TABLE public.lva (
    lvanr numeric(6,0) NOT NULL,
    bez character varying(20) NOT NULL
);


ALTER TABLE public.lva OWNER TO postgres;

--
-- Name: professor; Type: TABLE; Schema: public; Owner: postgres
--

CREATE TABLE public.professor (
    profnr numeric NOT NULL,
    pname character varying(10) NOT NULL
);


ALTER TABLE public.professor OWNER TO postgres;

--
-- Name: student; Type: TABLE; Schema: public; Owner: postgres
--

CREATE TABLE public.student (
    matrnr numeric(7,0) NOT NULL,
    name character varying(10) NOT NULL,
    kennr numeric(3,0) NOT NULL
);


ALTER TABLE public.student OWNER TO postgres;

--
-- Name: voraussetzungen; Type: TABLE; Schema: public; Owner: postgres
--

CREATE TABLE public.voraussetzungen (
    lvanr numeric(6,0) NOT NULL,
    pnr character(5) NOT NULL
);


ALTER TABLE public.voraussetzungen OWNER TO postgres;

--
-- Name: zeugnis; Type: TABLE; Schema: public; Owner: postgres
--

CREATE TABLE public.zeugnis (
    matrnr numeric(7,0) NOT NULL,
    lvanr numeric(6,0) NOT NULL,
    note numeric(1,0) NOT NULL,
    profnr numeric(1,0)
);


ALTER TABLE public.zeugnis OWNER TO postgres;

--
-- Data for Name: diplomprfg; Type: TABLE DATA; Schema: public; Owner: postgres
--

COPY public.diplomprfg (pnr, bezeichnung) FROM stdin;
PRF01	Grundlagen DBS
PRF02	Grundlagen INF
PRF03	Grundlagen BWL
PRF04	Grundlagen VWL
PRF05	Angewandte INF
\.


--
-- Data for Name: lva; Type: TABLE DATA; Schema: public; Owner: postgres
--

COPY public.lva (lvanr, bez) FROM stdin;
100121	Expertensysteme
100122	Informatik A
100123	Informatik B
100124	EPROG
100125	Datenbanksysteme
100126	Rechnernetzwerke
100127	VWL
100128	Modellbildung
100200	BWL
100234	Datenschutz
\.


--
-- Data for Name: professor; Type: TABLE DATA; Schema: public; Owner: postgres
--

COPY public.professor (profnr, pname) FROM stdin;
1	Meier
2	Schmidt
3	Frick
4	Huber
5	Wallner
\.


--
-- Data for Name: student; Type: TABLE DATA; Schema: public; Owner: postgres
--

COPY public.student (matrnr, name, kennr) FROM stdin;
9526301	Meier	880
9525300	Huber	175
9526298	Bauer	176
9525301	Kaiser	176
9525303	Huber	175
9525650	Richter	880
9524300	Weiss	880
9525700	Traxler	177
9525701	Seyfried	175
9525702	Weikinger	880
9524790	Rechberger	880
9525791	Gangl	176
\.


--
-- Data for Name: voraussetzungen; Type: TABLE DATA; Schema: public; Owner: postgres
--

COPY public.voraussetzungen (lvanr, pnr) FROM stdin;
100121	PRF01
100122	PRF02
100123	PRF05
100124	PRF02
100125	PRF01
100126	PRF05
100127	PRF04
100128	PRF04
100200	PRF03
100234	PRF01
\.


--
-- Data for Name: zeugnis; Type: TABLE DATA; Schema: public; Owner: postgres
--

COPY public.zeugnis (matrnr, lvanr, note, profnr) FROM stdin;
9526301	100123	3	4
9525300	100123	2	5
9525301	100124	5	4
9525300	100234	3	1
9525650	100234	4	4
9525702	100123	1	4
9524300	100123	2	3
9525700	100122	3	4
9525701	100125	4	2
9525300	100126	2	2
9525701	100127	4	5
9524790	100128	5	5
\.


--
-- Name: diplomprfg diplomprfg_pkey; Type: CONSTRAINT; Schema: public; Owner: postgres
--

ALTER TABLE ONLY public.diplomprfg
    ADD CONSTRAINT diplomprfg_pkey PRIMARY KEY (pnr);


--
-- Name: lva lva_pkey; Type: CONSTRAINT; Schema: public; Owner: postgres
--

ALTER TABLE ONLY public.lva
    ADD CONSTRAINT lva_pkey PRIMARY KEY (lvanr);


--
-- Name: professor professor_pkey; Type: CONSTRAINT; Schema: public; Owner: postgres
--

ALTER TABLE ONLY public.professor
    ADD CONSTRAINT professor_pkey PRIMARY KEY (profnr);


--
-- Name: student student_pkey; Type: CONSTRAINT; Schema: public; Owner: postgres
--

ALTER TABLE ONLY public.student
    ADD CONSTRAINT student_pkey PRIMARY KEY (matrnr);


--
-- Name: voraussetzungen voraussetzungen_pkey; Type: CONSTRAINT; Schema: public; Owner: postgres
--

ALTER TABLE ONLY public.voraussetzungen
    ADD CONSTRAINT voraussetzungen_pkey PRIMARY KEY (lvanr, pnr);


--
-- Name: zeugnis zeugnis_pkey; Type: CONSTRAINT; Schema: public; Owner: postgres
--

ALTER TABLE ONLY public.zeugnis
    ADD CONSTRAINT zeugnis_pkey PRIMARY KEY (matrnr, lvanr);


--
-- Name: voraussetzungen voraussetzungen_lvanr_fkey; Type: FK CONSTRAINT; Schema: public; Owner: postgres
--

ALTER TABLE ONLY public.voraussetzungen
    ADD CONSTRAINT voraussetzungen_lvanr_fkey FOREIGN KEY (lvanr) REFERENCES public.lva(lvanr);


--
-- Name: voraussetzungen voraussetzungen_pnr_fkey; Type: FK CONSTRAINT; Schema: public; Owner: postgres
--

ALTER TABLE ONLY public.voraussetzungen
    ADD CONSTRAINT voraussetzungen_pnr_fkey FOREIGN KEY (pnr) REFERENCES public.diplomprfg(pnr);


--
-- Name: zeugnis zeugnis_lvanr_fkey; Type: FK CONSTRAINT; Schema: public; Owner: postgres
--

ALTER TABLE ONLY public.zeugnis
    ADD CONSTRAINT zeugnis_lvanr_fkey FOREIGN KEY (lvanr) REFERENCES public.lva(lvanr);


--
-- Name: zeugnis zeugnis_matrnr_fkey; Type: FK CONSTRAINT; Schema: public; Owner: postgres
--

ALTER TABLE ONLY public.zeugnis
    ADD CONSTRAINT zeugnis_matrnr_fkey FOREIGN KEY (matrnr) REFERENCES public.student(matrnr);


--
-- Name: zeugnis zeugnis_profnr_fkey; Type: FK CONSTRAINT; Schema: public; Owner: postgres
--

ALTER TABLE ONLY public.zeugnis
    ADD CONSTRAINT zeugnis_profnr_fkey FOREIGN KEY (profnr) REFERENCES public.professor(profnr);


--
-- Name: TABLE diplomprfg; Type: ACL; Schema: public; Owner: postgres
--

GRANT SELECT ON TABLE public.diplomprfg TO sql;


--
-- Name: TABLE lva; Type: ACL; Schema: public; Owner: postgres
--

GRANT SELECT ON TABLE public.lva TO sql;


--
-- Name: TABLE professor; Type: ACL; Schema: public; Owner: postgres
--

GRANT SELECT ON TABLE public.professor TO sql;


--
-- Name: TABLE student; Type: ACL; Schema: public; Owner: postgres
--

GRANT SELECT ON TABLE public.student TO sql;


--
-- Name: TABLE voraussetzungen; Type: ACL; Schema: public; Owner: postgres
--

GRANT SELECT ON TABLE public.voraussetzungen TO sql;


--
-- Name: TABLE zeugnis; Type: ACL; Schema: public; Owner: postgres
--

GRANT SELECT ON TABLE public.zeugnis TO sql;


--
-- Name: DEFAULT PRIVILEGES FOR TABLES; Type: DEFAULT ACL; Schema: public; Owner: postgres
--

ALTER DEFAULT PRIVILEGES FOR ROLE postgres IN SCHEMA public REVOKE ALL ON TABLES  FROM postgres;
ALTER DEFAULT PRIVILEGES FOR ROLE postgres IN SCHEMA public GRANT SELECT ON TABLES  TO sql;


--
-- PostgreSQL database dump complete
--

--
-- Database "sql_trial_wohnungen" dump
--

--
-- PostgreSQL database dump
--

-- Dumped from database version 13.2
-- Dumped by pg_dump version 13.2

SET statement_timeout = 0;
SET lock_timeout = 0;
SET idle_in_transaction_session_timeout = 0;
SET client_encoding = 'UTF8';
SET standard_conforming_strings = on;
SELECT pg_catalog.set_config('search_path', '', false);
SET check_function_bodies = false;
SET xmloption = content;
SET client_min_messages = warning;
SET row_security = off;

--
-- Name: sql_trial_wohnungen; Type: DATABASE; Schema: -; Owner: postgres
--

CREATE DATABASE sql_trial_wohnungen WITH TEMPLATE = template0 ENCODING = 'UTF8';


ALTER DATABASE sql_trial_wohnungen OWNER TO postgres;

\connect sql_trial_wohnungen

SET statement_timeout = 0;
SET lock_timeout = 0;
SET idle_in_transaction_session_timeout = 0;
SET client_encoding = 'UTF8';
SET standard_conforming_strings = on;
SELECT pg_catalog.set_config('search_path', '', false);
SET check_function_bodies = false;
SET xmloption = content;
SET client_min_messages = warning;
SET row_security = off;

SET default_tablespace = '';


--
-- Name: person; Type: TABLE; Schema: public; Owner: postgres
--

CREATE TABLE public.person (
    persnr integer NOT NULL,
    name character varying(10),
    stand character varying(15),
    beruf character varying(15)
);


ALTER TABLE public.person OWNER TO postgres;

--
-- Name: vermietet; Type: TABLE; Schema: public; Owner: postgres
--

CREATE TABLE public.vermietet (
    vermieternr integer,
    mieternr integer,
    wohnnr integer,
    preis numeric
);


ALTER TABLE public.vermietet OWNER TO postgres;

--
-- Name: wohnung; Type: TABLE; Schema: public; Owner: postgres
--

CREATE TABLE public.wohnung (
    wohnnr integer NOT NULL,
    bezirk integer,
    gross integer
);


ALTER TABLE public.wohnung OWNER TO postgres;

--
-- Data for Name: person; Type: TABLE DATA; Schema: public; Owner: postgres
--

COPY public.person (persnr, name, stand, beruf) FROM stdin;
1	Decker	ledig	Student
2	Meier	verheiratet	Maurer
3	Huber	ledig	Schlosser
4	Bauer	verwitwet	Beamter
5	Kaiser	verheiratet	Beamter
6	Richter	ledig	Anwalt
7	Weiss	ledig	Maler
8	Traxler	verheiratet	Student
9	Seyfried	ledig	Maurer
10	Weikinger	ledig	Lehrer
11	Rechberger	verheiratet	Hausmeister
12	Gangl	ledig	Hausmeister
13	Wallner	verwitwet	Beamter
14	Reiber	ledig	Student
\.


--
-- Data for Name: vermietet; Type: TABLE DATA; Schema: public; Owner: postgres
--

COPY public.vermietet (vermieternr, mieternr, wohnnr, preis) FROM stdin;
11	1	2	10000
11	2	7	12000
12	6	9	20000
12	9	4	10000
12	5	3	15000
6	7	11	15000
6	8	1	13000
5	11	6	20000
8	12	13	30000
8	13	5	13000
5	14	12	17000
\.


--
-- Data for Name: wohnung; Type: TABLE DATA; Schema: public; Owner: postgres
--

COPY public.wohnung (wohnnr, bezirk, gross) FROM stdin;
1	4	62
2	1	100
3	1	60
4	2	80
5	5	40
6	3	100
7	4	100
8	5	40
9	5	100
10	3	30
11	3	95
12	3	50
13	4	120
\.


--
-- Name: person person_pkey; Type: CONSTRAINT; Schema: public; Owner: postgres
--

ALTER TABLE ONLY public.person
    ADD CONSTRAINT person_pkey PRIMARY KEY (persnr);


--
-- Name: wohnung wohnung_pkey; Type: CONSTRAINT; Schema: public; Owner: postgres
--

ALTER TABLE ONLY public.wohnung
    ADD CONSTRAINT wohnung_pkey PRIMARY KEY (wohnnr);


--
-- Name: vermietet vermietet_mieternr_fkey; Type: FK CONSTRAINT; Schema: public; Owner: postgres
--

ALTER TABLE ONLY public.vermietet
    ADD CONSTRAINT vermietet_mieternr_fkey FOREIGN KEY (mieternr) REFERENCES public.person(persnr);


--
-- Name: vermietet vermietet_vermieternr_fkey; Type: FK CONSTRAINT; Schema: public; Owner: postgres
--

ALTER TABLE ONLY public.vermietet
    ADD CONSTRAINT vermietet_vermieternr_fkey FOREIGN KEY (vermieternr) REFERENCES public.person(persnr);


--
-- Name: vermietet vermietet_wohnnr_fkey; Type: FK CONSTRAINT; Schema: public; Owner: postgres
--

ALTER TABLE ONLY public.vermietet
    ADD CONSTRAINT vermietet_wohnnr_fkey FOREIGN KEY (wohnnr) REFERENCES public.wohnung(wohnnr);


--
-- Name: TABLE person; Type: ACL; Schema: public; Owner: postgres
--

GRANT SELECT ON TABLE public.person TO sql;


--
-- Name: TABLE vermietet; Type: ACL; Schema: public; Owner: postgres
--

GRANT SELECT ON TABLE public.vermietet TO sql;


--
-- Name: TABLE wohnung; Type: ACL; Schema: public; Owner: postgres
--

GRANT SELECT ON TABLE public.wohnung TO sql;


--
-- Name: DEFAULT PRIVILEGES FOR TABLES; Type: DEFAULT ACL; Schema: public; Owner: postgres
--

ALTER DEFAULT PRIVILEGES FOR ROLE postgres IN SCHEMA public REVOKE ALL ON TABLES  FROM postgres;
ALTER DEFAULT PRIVILEGES FOR ROLE postgres IN SCHEMA public GRANT SELECT ON TABLES  TO sql;


--
-- PostgreSQL database dump complete
--
--
-- Name: sql_exercises; Type: DATABASE; Schema: -; Owner: etutor
--

CREATE DATABASE sql_exercises WITH TEMPLATE = template0 ENCODING = 'UTF8';


ALTER DATABASE sql_exercises  OWNER TO etutor;

\connect sql_exercises

SET statement_timeout = 0;
SET lock_timeout = 0;
SET idle_in_transaction_session_timeout = 0;
SET client_encoding = 'UTF8';
SET standard_conforming_strings = on;
SELECT pg_catalog.set_config('search_path', '', false);
SET check_function_bodies = false;
SET xmloption = content;
SET client_min_messages = warning;
SET row_security = off;

SET default_tablespace = '';

--
-- PostgreSQL database cluster dump complete
--

-- DATALOG database
CREATE DATABASE datalog WITH TEMPLATE = template0 ENCODING = 'UTF8';


ALTER DATABASE datalog OWNER TO etutor;

\connect datalog

--
-- Name: error_categories; Type: TABLE; Schema: public; Owner: postgres
--

CREATE TABLE public.error_categories (
    name character varying(25) NOT NULL,
    id numeric NOT NULL
);


ALTER TABLE public.error_categories OWNER TO postgres;

--
-- Name: error_grading_group; Type: TABLE; Schema: public; Owner: postgres
--

CREATE TABLE public.error_grading_group (
    id numeric NOT NULL
);


ALTER TABLE public.error_grading_group OWNER TO postgres;

--
-- Name: error_gradings; Type: TABLE; Schema: public; Owner: postgres
--

CREATE TABLE public.error_gradings (
    grading_group numeric NOT NULL,
    grading_level numeric NOT NULL,
    grading_category numeric NOT NULL,
    minus_points numeric(4,1) NOT NULL
);


ALTER TABLE public.error_gradings OWNER TO postgres;

--
-- Name: exercise; Type: TABLE; Schema: public; Owner: postgres
--

CREATE TABLE public.exercise (
    id numeric NOT NULL,
    query character varying(1500) NOT NULL,
    facts numeric NOT NULL,
    gradings numeric,
    points numeric(4,1)
);


ALTER TABLE public.exercise OWNER TO postgres;

--
-- Name: facts; Type: TABLE; Schema: public; Owner: postgres
--

CREATE TABLE public.facts (
    facts character varying(4000) NOT NULL,
    id numeric NOT NULL,
    name character varying(20) NOT NULL
);


ALTER TABLE public.facts OWNER TO postgres;

--
-- Name: predicates; Type: TABLE; Schema: public; Owner: postgres
--

CREATE TABLE public.predicates (
    name character varying(35) NOT NULL,
    exercise numeric(10,0) NOT NULL
);


ALTER TABLE public.predicates OWNER TO postgres;

--
-- Name: unchecked_terms; Type: TABLE; Schema: public; Owner: postgres
--

CREATE TABLE public.unchecked_terms (
    predicate character varying(35) NOT NULL,
    term character varying(35) NOT NULL,
    "position" numeric(10,0) NOT NULL,
    exercise numeric(10,0) NOT NULL
);


ALTER TABLE public.unchecked_terms OWNER TO postgres;

--
-- Data for Name: error_categories; Type: TABLE DATA; Schema: public; Owner: postgres
--

COPY public.error_categories (name, id) FROM stdin;
missing-predicate	1
redundant-predicate	2
low-term-predicate	3
high-term-predicate	4
missing-fact	5
redundant-fact	6
negative-fact	7
positive-fact	8
\.


--
-- Data for Name: error_grading_group; Type: TABLE DATA; Schema: public; Owner: postgres
--

COPY public.error_grading_group (id) FROM stdin;
1
\.


--
-- Data for Name: error_gradings; Type: TABLE DATA; Schema: public; Owner: postgres
--

COPY public.error_gradings (grading_group, grading_level, grading_category, minus_points) FROM stdin;
1	3	2	0.0
1	3	1	0.0
1	3	3	0.0
1	3	4	0.0
1	3	5	0.0
1	3	6	0.0
1	3	7	0.0
1	3	8	0.0
\.


--
-- Data for Name: exercise; Type: TABLE DATA; Schema: public; Owner: postgres
--

COPY public.exercise (id, query, facts, gradings, points) FROM stdin;
14328	auftragRadprofi(X) :- \t\r\n\tauftrag(X,Y), \r\n\thatBezeichnung(Y,radprofi_gmbh).	3	\N	1.0
14329	kundeBez(X,Y) :- \t\r\n\tkundeInland(X), \r\n\thatBezeichnung(X,Y).\r\n\t\r\nkundeBez(X,Y) :-\t\r\n\tkundeExport(X),\r\n\thatBezeichnung(X,Y).	3	\N	1.0
14330	verbautesProdukt(X) :- \r\n\tprodukt(X), \r\n\tstueli(_,X).\r\n\r\nfertigprodukt(X) :- \r\n\tprodukt(X), \r\n\tnot verbautesProdukt(X).	3	\N	1.0
14332	verbautesProdukt(X) :- \r\n\tprodukt(X), \r\n\tstueli(_,X).\r\n\r\nfertigprodukt(X) :- \r\n\tprodukt(X), \r\n\tnot verbautesProdukt(X).\r\n\r\nprodukteEbene3(E3) :- \r\n\tfertigprodukt(E1), \r\n\tstueli(E1,E2), \r\n\tstueli(E2,E3). 	3	\N	1.0
14333	stueliAufl(X,Y) :- stueli(X,Y).\r\n\r\nstueliAufl(X,Y) :- \r\n\tstueli(X,Z), \r\n\tstueliAufl(Z,Y).\r\n\t\r\nverbautInMTB(Y) :- \r\n\tstueliAufl(X,Y), \r\n\thatBezeichnung(X,mtb_extreme_downhill).	3	\N	1.0
14334	stueliAufl(X,Y) :- stueli(X,Y).\r\n\r\nstueliAufl(X,Y) :- \r\n\tstueli(X,Z), \r\n\tstueliAufl(Z,Y).\r\n\r\nexportierteProdukte(X,Bez):- \t\r\n\tkundeExport(K), \r\n\tauftrag(A,K),  \r\n\tauftragpos(P,A,X,_),\r\n\thatBezeichnung(X,Bez). \r\n\t\r\nexportierteProdukte(X,Bez):- \t\r\n\tkundeExport(K), \r\n\tauftrag(A,K), \r\n\tauftragpos(P,A,FP,_),\r\n\tstueliAufl(FP,X),\r\n\thatBezeichnung(X,Bez).	3	\N	1.0
14335	verbautesProdukt(X) :- \r\n\tprodukt(X), \r\n\tstueli(_,X).\r\n\r\nfertigprodukt(X) :- \r\n\tprodukt(X), \r\n\tnot verbautesProdukt(X).\r\n\r\nkunde(K) :- kundeExport(K).\r\nkunde(K) :- kundeInland(K).\r\n\r\nproduktKunde(Pr,K) :- \t\r\n\tauftrag(A,K),\r\n\tauftragpos(Pos,A,Pr,_).\r\n\r\nproduktNichtAnAlleVerkauft(P) :- \r\n\tfertigprodukt(P), \r\n\tkunde(K), \r\n\tnot produktKunde(P,K).\r\n\t\t\t\t\t\t\t\r\nproduktAnAlleVerkauft(P) :- \t\r\n\tfertigprodukt(P), \r\n\tnot produktNichtAnAlleVerkauft(P).	3	\N	1.0
12001	alleSuperVerzeichnisse (V,S) :- verzeichnis(V,S), S <> root.\r\nalleSuperVerzeichnisse (V,S) :- verzeichnis(V,Z), alleSuperVerzeichnisse(Z,S), S <> root.\r\n\r\nkeinBlattVerzeichnis(S) :- verzeichnis(V,S).\r\nblattVerzeichnis(V) :- verzeichnis(V,S), not keinBlattVerzeichnis(V).\r\n\r\ngleichTiefeHierarchienTemp(V1,V2) :-  verzeichnis(V1,GS), verzeichnis(V2,GS).\r\ngleichTiefeHierarchien(V1,V2) :- gleichTiefeHierarchienTemp(V1,V2), V1 < V2.\r\ngleichTiefeHierarchien(V1,V2) :- gleichTiefeHierarchienTemp(S1,S2), verzeichnis(V1,S1), verzeichnis(V2,S2), V1 < V2.\r\n\r\ndtInVerzDatei(VID,T) :- datei(D,T,VID).\r\nverzMitFehlendenDateiTypen(VID) :- verzeichnis(VID,S), datei(DL,T,VL), not dtInVerzDatei(VID,T).\r\nenthaeltAlleDateiTypen (VID) :- verzeichnis(VID,S), not verzMitFehlendenDateiTypen(VID).\r\n\r\n\r\nhabenGemeinsameDateiTypen (VID1, VID2) :- dtInVerzDatei(VID1, T), dtInVerzDatei(VID2, T).\r\nhabenKeineGemeinsamenDateitypen (VID1, VID2) :- verzeichnis(VID1,S1), datei(D1,T1,VID1), verzeichnis(VID2,S2), datei(D2,T2,VID2), not habenGemeinsameDateiTypen(VID1,VID2), VID1 < VID2.\r\n\r\nenthaeltDatei(V,T) :- datei(D,T,V).\r\nenthaeltDatei(V,T) :- datei(D,T,V1), alleSuperVerzeichnisse(V1,V).\r\nenthaeltNichtTextDatei(V) :- enthaeltDatei(V,T), T <> text.\r\nhatNurTexte(V) :- enthaeltDatei(V,text), not enthaeltNichtTextDatei(V).	1	\N	1.0
12002	alleSuperVerzeichnisse (V,S) :- verzeichnis(V,S), S <> root.\r\nalleSuperVerzeichnisse (V,S) :- verzeichnis(V,Z), alleSuperVerzeichnisse(Z,S), S <> root.\r\n\r\nkeinBlattVerzeichnis(S) :- verzeichnis(V,S).\r\nblattVerzeichnis(V) :- verzeichnis(V,S), not keinBlattVerzeichnis(V).\r\n\r\ngleichTiefeHierarchienTemp(V1,V2) :-  verzeichnis(V1,GS), verzeichnis(V2,GS).\r\ngleichTiefeHierarchien(V1,V2) :- gleichTiefeHierarchienTemp(V1,V2), V1 < V2.\r\ngleichTiefeHierarchien(V1,V2) :- gleichTiefeHierarchienTemp(S1,S2), verzeichnis(V1,S1), verzeichnis(V2,S2), V1 < V2.\r\n\r\ndtInVerzDatei(VID,T) :- datei(D,T,VID).\r\nverzMitFehlendenDateiTypen(VID) :- verzeichnis(VID,S), datei(DL,T,VL), not dtInVerzDatei(VID,T).\r\nenthaeltAlleDateiTypen (VID) :- verzeichnis(VID,S), not verzMitFehlendenDateiTypen(VID).\r\n\r\n\r\nhabenGemeinsameDateiTypen (VID1, VID2) :- dtInVerzDatei(VID1, T), dtInVerzDatei(VID2, T).\r\nhabenKeineGemeinsamenDateitypen (VID1, VID2) :- verzeichnis(VID1,S1), datei(D1,T1,VID1), verzeichnis(VID2,S2), datei(D2,T2,VID2), not habenGemeinsameDateiTypen(VID1,VID2), VID1 < VID2.\r\n\r\nenthaeltDatei(V,T) :- datei(D,T,V).\r\nenthaeltDatei(V,T) :- datei(D,T,V1), alleSuperVerzeichnisse(V1,V).\r\nenthaeltNichtTextDatei(V) :- enthaeltDatei(V,T), T <> text.\r\nhatNurTexte(V) :- enthaeltDatei(V,text), not enthaeltNichtTextDatei(V).	1	\N	1.0
12003	alleSuperVerzeichnisse (V,S) :- verzeichnis(V,S), S <> root.\r\nalleSuperVerzeichnisse (V,S) :- verzeichnis(V,Z), alleSuperVerzeichnisse(Z,S), S <> root.\r\n\r\nkeinBlattVerzeichnis(S) :- verzeichnis(V,S).\r\nblattVerzeichnis(V) :- verzeichnis(V,S), not keinBlattVerzeichnis(V).\r\n\r\ngleichTiefeHierarchienTemp(V1,V2) :-  verzeichnis(V1,GS), verzeichnis(V2,GS).\r\ngleichTiefeHierarchien(V1,V2) :- gleichTiefeHierarchienTemp(V1,V2), V1 < V2.\r\ngleichTiefeHierarchien(V1,V2) :- gleichTiefeHierarchienTemp(S1,S2), verzeichnis(V1,S1), verzeichnis(V2,S2), V1 < V2.\r\n\r\ndtInVerzDatei(VID,T) :- datei(D,T,VID).\r\nverzMitFehlendenDateiTypen(VID) :- verzeichnis(VID,S), datei(DL,T,VL), not dtInVerzDatei(VID,T).\r\nenthaeltAlleDateiTypen (VID) :- verzeichnis(VID,S), not verzMitFehlendenDateiTypen(VID).\r\n\r\n\r\nhabenGemeinsameDateiTypen (VID1, VID2) :- dtInVerzDatei(VID1, T), dtInVerzDatei(VID2, T).\r\nhabenKeineGemeinsamenDateitypen (VID1, VID2) :- verzeichnis(VID1,S1), datei(D1,T1,VID1), verzeichnis(VID2,S2), datei(D2,T2,VID2), not habenGemeinsameDateiTypen(VID1,VID2), VID1 < VID2.\r\n\r\nenthaeltDatei(V,T) :- datei(D,T,V).\r\nenthaeltDatei(V,T) :- datei(D,T,V1), alleSuperVerzeichnisse(V1,V).\r\nenthaeltNichtTextDatei(V) :- enthaeltDatei(V,T), T <> text.\r\nhatNurTexte(V) :- enthaeltDatei(V,text), not enthaeltNichtTextDatei(V).	1	\N	1.0
12004	alleSuperVerzeichnisse (V,S) :- verzeichnis(V,S), S <> root.\r\nalleSuperVerzeichnisse (V,S) :- verzeichnis(V,Z), alleSuperVerzeichnisse(Z,S), S <> root.\r\n\r\nkeinBlattVerzeichnis(S) :- verzeichnis(V,S).\r\nblattVerzeichnis(V) :- verzeichnis(V,S), not keinBlattVerzeichnis(V).\r\n\r\ngleichTiefeHierarchienTemp(V1,V2) :-  verzeichnis(V1,GS), verzeichnis(V2,GS).\r\ngleichTiefeHierarchien(V1,V2) :- gleichTiefeHierarchienTemp(V1,V2), V1 < V2.\r\ngleichTiefeHierarchien(V1,V2) :- gleichTiefeHierarchienTemp(S1,S2), verzeichnis(V1,S1), verzeichnis(V2,S2), V1 < V2.\r\n\r\ndtInVerzDatei(VID,T) :- datei(D,T,VID).\r\nverzMitFehlendenDateiTypen(VID) :- verzeichnis(VID,S), datei(DL,T,VL), not dtInVerzDatei(VID,T).\r\nenthaeltAlleDateiTypen (VID) :- verzeichnis(VID,S), not verzMitFehlendenDateiTypen(VID).\r\n\r\n\r\nhabenGemeinsameDateiTypen (VID1, VID2) :- dtInVerzDatei(VID1, T), dtInVerzDatei(VID2, T).\r\nhabenKeineGemeinsamenDateitypen (VID1, VID2) :- verzeichnis(VID1,S1), datei(D1,T1,VID1), verzeichnis(VID2,S2), datei(D2,T2,VID2), not habenGemeinsameDateiTypen(VID1,VID2), VID1 < VID2.\r\n\r\nenthaeltDatei(V,T) :- datei(D,T,V).\r\nenthaeltDatei(V,T) :- datei(D,T,V1), alleSuperVerzeichnisse(V1,V).\r\nenthaeltNichtTextDatei(V) :- enthaeltDatei(V,T), T <> text.\r\nhatNurTexte(V) :- enthaeltDatei(V,text), not enthaeltNichtTextDatei(V).	1	\N	1.0
12005	alleSuperVerzeichnisse (V,S) :- verzeichnis(V,S), S <> root.\r\nalleSuperVerzeichnisse (V,S) :- verzeichnis(V,Z), alleSuperVerzeichnisse(Z,S), S <> root.\r\n\r\nkeinBlattVerzeichnis(S) :- verzeichnis(V,S).\r\nblattVerzeichnis(V) :- verzeichnis(V,S), not keinBlattVerzeichnis(V).\r\n\r\ngleichTiefeHierarchienTemp(V1,V2) :-  verzeichnis(V1,GS), verzeichnis(V2,GS).\r\ngleichTiefeHierarchien(V1,V2) :- gleichTiefeHierarchienTemp(V1,V2), V1 < V2.\r\ngleichTiefeHierarchien(V1,V2) :- gleichTiefeHierarchienTemp(S1,S2), verzeichnis(V1,S1), verzeichnis(V2,S2), V1 < V2.\r\n\r\ndtInVerzDatei(VID,T) :- datei(D,T,VID).\r\nverzMitFehlendenDateiTypen(VID) :- verzeichnis(VID,S), datei(DL,T,VL), not dtInVerzDatei(VID,T).\r\nenthaeltAlleDateiTypen (VID) :- verzeichnis(VID,S), not verzMitFehlendenDateiTypen(VID).\r\n\r\n\r\nhabenGemeinsameDateiTypen (VID1, VID2) :- dtInVerzDatei(VID1, T), dtInVerzDatei(VID2, T).\r\nhabenKeineGemeinsamenDateitypen (VID1, VID2) :- verzeichnis(VID1,S1), datei(D1,T1,VID1), verzeichnis(VID2,S2), datei(D2,T2,VID2), not habenGemeinsameDateiTypen(VID1,VID2), VID1 < VID2.\r\n\r\nenthaeltDatei(V,T) :- datei(D,T,V).\r\nenthaeltDatei(V,T) :- datei(D,T,V1), alleSuperVerzeichnisse(V1,V).\r\nenthaeltNichtTextDatei(V) :- enthaeltDatei(V,T), T <> text.\r\nhatNurTexte(V) :- enthaeltDatei(V,text), not enthaeltNichtTextDatei(V).	1	\N	1.0
14254	verkauft(A) :- artikel(A,_), verkauf(_,A).\r\nladenH(A) :- artikel(A,_), not verkauft(A).\r\n	2	\N	1.0
14256	verkauft(A) :- artikel(A,_), verkauf(_,A).\r\nladenH(A) :- artikel(A,_), not verkauft(A).\r\nlowPerformer(K) :- kategorie(K), artikel(Y,K), ladenH(Y).\r\nhighPerformer(X) :- kategorie(X), not lowPerformer(X).\r\n	2	\N	1.0
14255	verkauft(A) :- artikel(A,_), verkauf(_,A).\r\nladenH(A) :- artikel(A,_), not verkauft(A).\r\nlowPerformer(K) :- kategorie(K), artikel(Y,K), ladenH(Y).\r\n	2	\N	1.0
14257	katInTrans(K,T) :- verkauf(T,A), artikel(A,K).\r\nkatNotInTrans(K,T) :- kategorie(K), transaktion(T), not katInTrans(K,T).\r\nboth(T) :- katInTrans(_,T), katNotInTrans(_,T).\r\nalleKategorienTrans(T) :- katInTrans(_,T), not both(T).\r\n	2	\N	1.0
14251	brotOderMilch(T) :- verkauf(T,brot).\r\nbrotOderMilch(T) :- verkauf(T,milch).	2	\N	1.0
14252	anzProdJeTrans(T,N) :- transaktion(T), #count{A: verkauf(Y,A), Y=T}=N.	2	\N	1.0
14253	anzProdJeTrans(T,N) :- transaktion(T), #count{A: verkauf(Y,A), Y=T}=N.\r\ntMitMehrAlsZweiArt(T) :- anzProdJeTrans(T,N), N>2.	2	\N	1.0
14258	katTransOhneLebensmittel(T) :- verkauf(T,A), artikel(A,K), K<>lebensmittel.\r\nkatTransLebensmittel(T) :- verkauf(T,A), artikel(A,K), K=lebensmittel.\r\nallesLebensmittelTrans(T) :- not katTransOhneLebensmittel(T), katTransLebensmittel(T), transaktion(T).	2	\N	1.0
12000	alleSuperVerzeichnisse (V,S) :- verzeichnis(V,S), S <> root.\r\nalleSuperVerzeichnisse (V,S) :- verzeichnis(V,Z), alleSuperVerzeichnisse(Z,S), S <> root.\r\n\r\nkeinBlattVerzeichnis(S) :- verzeichnis(V,S).\r\nblattVerzeichnis(V) :- verzeichnis(V,S), not keinBlattVerzeichnis(V).\r\n\r\ngleichTiefeHierarchienTemp(V1,V2) :-  verzeichnis(V1,GS), verzeichnis(V2,GS).\r\ngleichTiefeHierarchien(V1,V2) :- gleichTiefeHierarchienTemp(V1,V2), V1 < V2.\r\ngleichTiefeHierarchien(V1,V2) :- gleichTiefeHierarchienTemp(S1,S2), verzeichnis(V1,S1), verzeichnis(V2,S2), V1 < V2.\r\n\r\ndtInVerzDatei(VID,T) :- datei(D,T,VID).\r\nverzMitFehlendenDateiTypen(VID) :- verzeichnis(VID,S), datei(DL,T,VL), not dtInVerzDatei(VID,T).\r\nenthaeltAlleDateiTypen (VID) :- verzeichnis(VID,S), not verzMitFehlendenDateiTypen(VID).\r\n\r\n\r\nhabenGemeinsameDateiTypen (VID1, VID2) :- dtInVerzDatei(VID1, T), dtInVerzDatei(VID2, T).\r\nhabenKeineGemeinsamenDateitypen (VID1, VID2) :- verzeichnis(VID1,S1), datei(D1,T1,VID1), verzeichnis(VID2,S2), datei(D2,T2,VID2), not habenGemeinsameDateiTypen(VID1,VID2), VID1 < VID2.\r\n\r\nenthaeltDatei(V,T) :- datei(D,T,V).\r\nenthaeltDatei(V,T) :- datei(D,T,V1), alleSuperVerzeichnisse(V1,V).\r\nenthaeltNichtTextDatei(V) :- enthaeltDatei(V,T), T <> text.\r\nhatNurTexte(V) :- enthaeltDatei(V,text), not enthaeltNichtTextDatei(V).	1	\N	1.0
14337	auftraege(X,Y) :- auftrag(X,Y).	3	\N	1.0
14336	auftraege(X,Y) :- auftrag(X,Y).	3	\N	1.0
\.


--
-- Data for Name: facts; Type: TABLE DATA; Schema: public; Owner: postgres
--

COPY public.facts (facts, id, name) FROM stdin;
kundeInland(k1).\r\nkundeInland(k2).\r\n\r\nkundeExport(k3).\r\n\r\nhatBezeichnung(k1,radprofi_gmbh).\r\nhatBezeichnung(k2,bike_palast).\r\nhatBezeichnung(k3,velo_schwyz).\r\n\r\nprodukt(eb341234).\r\nprodukt(eb123123).\r\nprodukt(zb120000).\r\nprodukt(t1).\r\nprodukt(t2).\r\nprodukt(t3).\r\nprodukt(t4).\r\n\r\nhatBezeichnung(eb341234,mtb_extreme_downhill).\r\nhatBezeichnung(eb123123,cb_comfort).\r\nhatBezeichnung(zb120000,mtb_super_cross).\r\nhatBezeichnung(t1,vorderrad_12).\r\nhatBezeichnung(t2,speiche_12).\r\nhatBezeichnung(t3,nabe_12).\r\nhatBezeichnung(t4,kugellager_12).\r\n\r\nstueli(eb341234,t1).\r\nstueli(eb123123,t1).\r\nstueli(t1,t2).\r\nstueli(t1,t3).\r\nstueli(t2,t4).\r\n\r\nauftrag(ar123,k1).\r\nauftrag(ar125,k3).\r\nauftrag(ar128,k2).\r\n\r\nauftragpos(pos1,ar123,eb341234,3).\r\nauftragpos(pos2,ar123,eb123123,2).\r\nauftragpos(pos3,ar123,zb120000,4).\r\nauftragpos(pos4,ar125,eb341234,2).\r\nauftragpos(pos5,ar125,zb120000,1).\r\nauftragpos(pos6,ar128,eb341234,5).	3	Auftragsverwaltung
verzeichnis(kontinente, root).\nverzeichnis(europa, kontinente).\nverzeichnis(afrika, kontinente).\nverzeichnis(amerika, kontinente).\nverzeichnis(suedamerika, amerika).\nverzeichnis(nordamerika, amerika).\nverzeichnis(usa, nordamerika).\nverzeichnis(kanada, nordamerika).\nverzeichnis(oesterreich, europa).\nverzeichnis(frankreich, europa).\nverzeichnis(polen, europa).\nverzeichnis(ungarn, europa).\nverzeichnis(ozeane, root).\nverzeichnis(atlantik, ozeane).\nverzeichnis(pazifik, ozeane).\n\ndatei(landkarte11, bild, europa).\ndatei(landkarte12, bild, amerika).\ndatei(landkarte51, bild, europa).\ndatei(landkarte61, bild, oesterreich).\ndatei(landkarte62, bild, frankreich).\ndatei(landkarte63, bild, polen).\ndatei(landkarte70, bild, nordamerika).\ndatei(staedte100, text, oesterreich).\ndatei(staedte101, text, frankreich).\ndatei(staedte102, text, ungarn).\ndatei(staedte105, text, amerika).\ndatei(staedte110, text, nordamerika).\ndatei(staedte120, text, suedamerika).\ndatei(inseln1, text, atlantik).\ndatei(inseln2, text, pazifik).\ndatei(hymne500, musik, europa).\ndatei(hymne501, musik, oesterreich).\ndatei(hymne502, musik, frankreich).\ndatei(hymne505, musik, nordamerika).\ndatei(hymne510, musik, atlantik).\ndatei(film1, video, ungarn).\ndatei(film2, video, oesterreich).\ndatei(film4, video, nordamerika).	1	Verzeichnisse
kategorie(lebensmittel). \nkategorie(getraenke). \nkategorie(haushaltsartikel). \n\nartikel(chips, lebensmittel). \nartikel(brot, lebensmittel). \nartikel(milch, lebensmittel). \nartikel(fisch, lebensmittel). \nartikel(cola, getraenke). \nartikel(mineralwasser, getraenke). \nartikel(bier, getraenke). \nartikel(servietten, haushaltsartikel). \nartikel(messer, haushaltsartikel). \nartikel(teller, haushaltsartikel). \n\nverkauf(t1, brot). \nverkauf(t1, milch). \nverkauf(t2, brot). \nverkauf(t2, cola). \nverkauf(t2, servietten). \nverkauf(t3, chips). \nverkauf(t3, brot). \nverkauf(t3, fisch). \nverkauf(t3, milch). \nverkauf(t4, fisch). \nverkauf(t4, bier). \nverkauf(t4, teller). \nverkauf(t5, milch). \nverkauf(t5, teller). \n\ntransaktion(t1). \ntransaktion(t2). \ntransaktion(t3). \ntransaktion(t4). \ntransaktion(t5).	2	Verkaeufe
\.


--
-- Data for Name: predicates; Type: TABLE DATA; Schema: public; Owner: postgres
--

COPY public.predicates (name, exercise) FROM stdin;
auftragRadprofi	14328
habenKeineGemeinsamenDateitypen	12004
produktAnAlleVerkauft	14335
brotOderMilch	14251
anzProdJeTrans	14252
tMitMehrAlsZweiArt	14253
ladenH	14254
lowPerformer	14255
highPerformer	14256
allesLebensmittelTrans	14258
kundeBez	14329
fertigprodukt	14330
produkteEbene3	14332
alleKategorienTrans	14257
verbautInMTB	14333
exportierteProdukte	14334
alleSuperVerzeichnisse	12000
blattVerzeichnis	12001
gleichTiefeHierarchien	12002
enthaeltAlleDateiTypen	12003
hatNurTexte	12005
\.


--
-- Data for Name: unchecked_terms; Type: TABLE DATA; Schema: public; Owner: postgres
--

COPY public.unchecked_terms (predicate, term, "position", exercise) FROM stdin;
hatBezeichnung	radprofi_gmbh	2	14328
verzeichnis	root	2	12004
datei	text	2	12004
verkauf	milch	2	14251
verkauf	brot	2	14251
artikel	lebensmittel	2	14258
kategorie	lebensmittel	1	14258
hatBezeichnung	mtb_extreme_downhill	2	14333
datei	text	2	12000
verzeichnis	root	2	12000
verzeichnis	root	2	12001
datei	text	2	12001
verzeichnis	root	2	12002
datei	text	2	12002
verzeichnis	root	2	12003
datei	text	2	12003
verzeichnis	root	2	12005
datei	text	2	12005
\.


--
-- Name: error_categories error_categories_pkey; Type: CONSTRAINT; Schema: public; Owner: postgres
--

ALTER TABLE ONLY public.error_categories
    ADD CONSTRAINT error_categories_pkey PRIMARY KEY (id);


--
-- Name: error_grading_group error_grading_group_pkey; Type: CONSTRAINT; Schema: public; Owner: postgres
--

ALTER TABLE ONLY public.error_grading_group
    ADD CONSTRAINT error_grading_group_pkey PRIMARY KEY (id);


--
-- Name: exercise exercise_pkey; Type: CONSTRAINT; Schema: public; Owner: postgres
--

ALTER TABLE ONLY public.exercise
    ADD CONSTRAINT exercise_pkey PRIMARY KEY (id);


--
-- Name: facts facts_pkey; Type: CONSTRAINT; Schema: public; Owner: postgres
--

ALTER TABLE ONLY public.facts
    ADD CONSTRAINT facts_pkey PRIMARY KEY (id);


--
-- Name: error_gradings grading_grad_unique; Type: CONSTRAINT; Schema: public; Owner: postgres
--

ALTER TABLE ONLY public.error_gradings
    ADD CONSTRAINT grading_grad_unique UNIQUE (grading_group, grading_category);


--
-- Name: exercise exercise_fact_id; Type: FK CONSTRAINT; Schema: public; Owner: postgres
--

ALTER TABLE ONLY public.exercise
    ADD CONSTRAINT exercise_fact_id FOREIGN KEY (facts) REFERENCES public.facts(id);


--
-- Name: exercise exercise_grad_id; Type: FK CONSTRAINT; Schema: public; Owner: postgres
--

ALTER TABLE ONLY public.exercise
    ADD CONSTRAINT exercise_grad_id FOREIGN KEY (gradings) REFERENCES public.error_grading_group(id);


--
-- Name: error_gradings grading_cat_id; Type: FK CONSTRAINT; Schema: public; Owner: postgres
--

ALTER TABLE ONLY public.error_gradings
    ADD CONSTRAINT grading_cat_id FOREIGN KEY (grading_category) REFERENCES public.error_categories(id);


--
-- Name: error_gradings grading_id; Type: FK CONSTRAINT; Schema: public; Owner: postgres
--

ALTER TABLE ONLY public.error_gradings
    ADD CONSTRAINT grading_id FOREIGN KEY (grading_group) REFERENCES public.error_grading_group(id) ON DELETE CASCADE;


--
-- Name: predicates predicates_fk_exercise; Type: FK CONSTRAINT; Schema: public; Owner: postgres
--

ALTER TABLE ONLY public.predicates
    ADD CONSTRAINT predicates_fk_exercise FOREIGN KEY (exercise) REFERENCES public.exercise(id) ON DELETE CASCADE;


--
-- Name: unchecked_terms unchecked_exercise_id; Type: FK CONSTRAINT; Schema: public; Owner: postgres
--

ALTER TABLE ONLY public.unchecked_terms
    ADD CONSTRAINT unchecked_exercise_id FOREIGN KEY (exercise) REFERENCES public.exercise(id);


--
-- PostgreSQL database dump complete
--




-- XQUERY Database
CREATE DATABASE xquery WITH TEMPLATE = template0 ENCODING = 'UTF8';


ALTER DATABASE xquery OWNER TO etutor;

\connect xquery

SET statement_timeout = 0;
SET lock_timeout = 0;
SET idle_in_transaction_session_timeout = 0;
SET client_encoding = 'UTF8';
SET standard_conforming_strings = on;
SELECT pg_catalog.set_config('search_path', '', false);
SET check_function_bodies = false;
SET xmloption = content;
SET client_min_messages = warning;
SET row_security = off;

SET default_tablespace = '';


--
-- Name: bu_exercise_urls; Type: TABLE; Schema: public; Owner: postgres
--

CREATE TABLE public.bu_exercise_urls (
    url character varying(100) NOT NULL,
    hidden_url character varying(100) NOT NULL,
    exercise integer NOT NULL
);


ALTER TABLE public.bu_exercise_urls OWNER TO postgres;

--
-- Name: error_categories; Type: TABLE; Schema: public; Owner: postgres
--

CREATE TABLE public.error_categories (
    name character varying(25) NOT NULL,
    id integer NOT NULL
);


ALTER TABLE public.error_categories OWNER TO postgres;

--
-- Name: error_grading_group; Type: TABLE; Schema: public; Owner: postgres
--

CREATE TABLE public.error_grading_group (
    id integer NOT NULL
);


ALTER TABLE public.error_grading_group OWNER TO etutor;

--
-- Name: error_gradings; Type: TABLE; Schema: public; Owner: postgres
--

CREATE TABLE public.error_gradings (
    grading_group integer NOT NULL,
    grading_level integer NOT NULL,
    grading_category integer NOT NULL,
    minus_points numeric NOT NULL
);


ALTER TABLE public.error_gradings OWNER TO etutor;

--
-- Name: exercise; Type: TABLE; Schema: public; Owner: postgres
--

CREATE TABLE public.exercise (
    id integer NOT NULL,
    query character varying(1000) NOT NULL,
    gradings integer,
    points numeric
);


ALTER TABLE public.exercise OWNER TO etutor;

--
-- Name: exercise_urls; Type: TABLE; Schema: public; Owner: postgres
--

CREATE TABLE public.exercise_urls (
    url character varying(100) NOT NULL,
    hidden_url character varying(100) NOT NULL,
    exercise integer NOT NULL
);


ALTER TABLE public.exercise_urls OWNER TO  etutor;

--
-- Name: sortings; Type: TABLE; Schema: public; Owner: postgres
--

CREATE TABLE public.sortings (
    xpath character varying(50) NOT NULL,
    exercise integer NOT NULL
);


ALTER TABLE public.sortings OWNER TO etutor;

--
-- Name: xmldocs; Type: TABLE; Schema: public; Owner: postgres
--

CREATE TABLE public.xmldocs (
    id integer NOT NULL,
    doc xml,
    filename character varying(20)
);


ALTER TABLE public.xmldocs OWNER TO etutor;

--
-- Name: taskGroup_fileIds_mapping; Type: TABLE; Schema: public; Owner: postgres
--

CREATE TABLE public.taskGroup_fileIds_mapping (
    taskGroup character varying(20) NOT NULL,
    diagnoseFileId integer NOT NULL,
    submissionFileId integer NOT NULL
);


ALTER TABLE public.taskGroup_fileIds_mapping OWNER TO etutor;


CREATE TABLE public.public_file_ids(
    id integer not null
);

ALTER TABLE public.public_file_ids OWNER TO etutor;

INSERT INTO public.public_file_ids values(1);
INSERT INTO public.public_file_ids values(2);
INSERT INTO public.public_file_ids values(5001);

--
-- Data for Name: bu_exercise_urls; Type: TABLE DATA; Schema: public; Owner: postgres
--

COPY public.bu_exercise_urls (url, hidden_url, exercise) FROM stdin;
http://etutor.dke.uni-linz.ac.at/etutor/XML?id=2	http://etutor.dke.uni-linz.ac.at/etutor/XML?id=2_enc	13043
http://etutor.dke.uni-linz.ac.at/etutor/XML?id=1	http://etutor.dke.uni-linz.ac.at/etutor/XML?id=1_enc	13059
http://etutor.dke.uni-linz.ac.at/etutor/XML?id=1	http://etutor.dke.uni-linz.ac.at/etutor/XML?id=1010	13055
http://etutor.dke.uni-linz.ac.at/etutor/XML?id=1	http://etutor.dke.uni-linz.ac.at/etutor/XML?id=1009	13061
http://etutor.dke.uni-linz.ac.at/etutor/XML?id=5001	http://etutor.dke.uni-linz.ac.at/etutor/XML?id=5002	14316
http://etutor.dke.uni-linz.ac.at/etutor/XML?id=2	http://etutor.dke.uni-linz.ac.at/etutor/XML?id=2_enc	13044
http://etutor.dke.uni-linz.ac.at/etutor/XML?id=2	http://etutor.dke.uni-linz.ac.at/etutor/XML?id=2_enc	13047
http://etutor.dke.uni-linz.ac.at/etutor/XML?id=1	http://etutor.dke.uni-linz.ac.at/etutor/XML?id=1_enc	13053
http://etutor.dke.uni-linz.ac.at/etutor/XML?id=1	http://etutor.dke.uni-linz.ac.at/etutor/XML?id=1_enc	13060
http://etutor.dke.uni-linz.ac.at/etutor/XML?id=1	http://etutor.dke.uni-linz.ac.at/etutor/XML?id=1009	13056
http://etutor.dke.uni-linz.ac.at/etutor/XML?id=1	http://etutor.dke.uni-linz.ac.at/etutor/XML?id=1009	13057
http://etutor.dke.uni-linz.ac.at/etutor/XML?id=1	http://etutor.dke.uni-linz.ac.at/etutor/XML?id=1009	13062
http://etutor.dke.uni-linz.ac.at/etutor/XML?id=1	http://etutor.dke.uni-linz.ac.at/etutor/XML?id=1_enc	13054
http://etutor.dke.uni-linz.ac.at/etutor/XML?id=1	http://etutor.dke.uni-linz.ac.at/etutor/XML?id=1_enc	14267
http://etutor.dke.uni-linz.ac.at/etutor/XML?id=1	http://etutor.dke.uni-linz.ac.at/etutor/XML?id=1_enc	14268
http://etutor.dke.uni-linz.ac.at/etutor/XML?id=1	http://etutor.dke.uni-linz.ac.at/etutor/XML?id=1_enc	14269
http://etutor.dke.uni-linz.ac.at/etutor/XML?id=1	http://etutor.dke.uni-linz.ac.at/etutor/XML?id=1_enc	14270
http://etutor.dke.uni-linz.ac.at/etutor/XML?id=1	http://etutor.dke.uni-linz.ac.at/etutor/XML?id=1_enc	14272
http://etutor.dke.uni-linz.ac.at/etutor/XML?id=1	http://etutor.dke.uni-linz.ac.at/etutor/XML?id=1_enc	14273
http://etutor.dke.uni-linz.ac.at/etutor/XML?id=5001	http://etutor.dke.uni-linz.ac.at/etutor/XML?id=5002	14311
http://etutor.dke.uni-linz.ac.at/etutor/XML?id=1	http://etutor.dke.uni-linz.ac.at/etutor/XML?id=1_enc	14275
http://etutor.dke.uni-linz.ac.at/etutor/XML?id=1	http://etutor.dke.uni-linz.ac.at/etutor/XML?id=1_enc	14274
http://etutor.dke.uni-linz.ac.at/etutor/XML?id=5001	http://etutor.dke.uni-linz.ac.at/etutor/XML?id=5002	14308
http://etutor.dke.uni-linz.ac.at/etutor/XML?id=5001	http://etutor.dke.uni-linz.ac.at/etutor/XML?id=5002	14309
http://etutor.dke.uni-linz.ac.at/etutor/XML?id=5001	http://etutor.dke.uni-linz.ac.at/etutor/XML?id=5002	14314
http://etutor.dke.uni-linz.ac.at/etutor/XML?id=5001	http://etutor.dke.uni-linz.ac.at/etutor/XML?id=5002	14312
http://etutor.dke.uni-linz.ac.at/etutor/XML?id=5001	http://etutor.dke.uni-linz.ac.at/etutor/XML?id=5002	14313
http://etutor.dke.uni-linz.ac.at/etutor/XML?id=5001	http://etutor.dke.uni-linz.ac.at/etutor/XML?id=5001	14318
http://etutor.dke.uni-linz.ac.at/etutor/XML?id=5001	http://etutor.dke.uni-linz.ac.at/etutor/XML?id=5002	14320
http://etutor.dke.uni-linz.ac.at/etutor/XML?id=1	http://etutor.dke.uni-linz.ac.at/etutor/XML?id=1009	14271
http://etutor.dke.uni-linz.ac.at/etutor/XML?id=1	http://etutor.dke.uni-linz.ac.at/etutor/XML?id=1009	13058
http://etutor.dke.uni-linz.ac.at/etutor/XML?id=5001	http://etutor.dke.uni-linz.ac.at/etutor/XML?id=5002	14315
http://etutor.dke.uni-linz.ac.at/etutor/XML?id=5001	http://etutor.dke.uni-linz.ac.at/etutor/XML?id=5002	14307
http://etutor.dke.uni-linz.ac.at/etutor/XML?id=5001	http://etutor.dke.uni-linz.ac.at/etutor/XML?id=5002	14310
http://etutor.dke.uni-linz.ac.at/etutor/XML?id=2	http://etutor.dke.uni-linz.ac.at/etutor/XML?id=2_enc	13045
http://etutor.dke.uni-linz.ac.at/etutor/XML?id=1	http://etutor.dke.uni-linz.ac.at/etutor/XML?id=1009 \t	14319
http://etutor.dke.uni-linz.ac.at/etutor/XML?id=1	http://etutor.dke.uni-linz.ac.at/etutor/XML?id=1_enc	14321
http://etutor.dke.uni-linz.ac.at/etutor/XML?id=1	http://etutor.dke.uni-linz.ac.at/etutor/XML?id=1_enc	14322
http://etutor.dke.uni-linz.ac.at/etutor/XML?id=1	http://etutor.dke.uni-linz.ac.at/etutor/XML?id=1_enc	14323
http://etutor.dke.uni-linz.ac.at/etutor/XML?id=1	http://etutor.dke.uni-linz.ac.at/etutor/XML?id=1_enc	14324
http://etutor.dke.uni-linz.ac.at/etutor/XML?id=1	http://etutor.dke.uni-linz.ac.at/etutor/XML?id=1_enc	14325
http://etutor.dke.uni-linz.ac.at/etutor/XML?id=2	http://etutor.dke.uni-linz.ac.at/etutor/XML?id=2_enc	13046
\.


--
-- Data for Name: error_categories; Type: TABLE DATA; Schema: public; Owner: postgres
--

COPY public.error_categories (name, id) FROM stdin;
missing-node	1
redundant-node	2
displaced-node	3
missing-attribute	4
redundant-attribute	5
incorrect-value	6
\.


--
-- Data for Name: error_grading_group; Type: TABLE DATA; Schema: public; Owner: postgres
--

COPY public.error_grading_group (id) FROM stdin;
1
2
3
\.


--
-- Data for Name: error_gradings; Type: TABLE DATA; Schema: public; Owner: postgres
--

COPY public.error_gradings (grading_group, grading_level, grading_category, minus_points) FROM stdin;
1	1	1	0.5
1	2	2	1
1	3	3	0.5
1	3	4	0.5
1	2	5	0.5
1	1	6	1
2	1	1	0.5
2	2	2	0.5
2	3	3	0.5
2	3	4	0.5
2	2	5	0.5
2	1	6	0.5
\.


--
-- Data for Name: exercise; Type: TABLE DATA; Schema: public; Owner: postgres
--

COPY public.exercise (id, query, gradings, points) FROM stdin;
13043	let $db := doc('http://etutor.dke.uni-linz.ac.at/etutor/XML?id=2')/db,\r\n    $personen := $db/person,\r\n    $wohnungen := $db/wohnung,\r\n    $mietet := $db/mietet\r\nreturn for $w in $wohnungen[gross > 50],\r\n           $p in $personen[stand eq 'verheiratet'],\r\n           $m in $mietet[(@mieternr eq $p/@nr) and (@wohnnr eq $w/@nr)]\r\n       order by $w/@nr\r\n       return <NichtSingleWohnung>{$w/@nr}{$p/name}{$w/gross}</NichtSingleWohnung>	\N	1
14316	let $d := doc('http://etutor.dke.uni-linz.ac.at/etutor/XML?id=5001')/Bilanzen\r\nlet $b02 := $d/Bilanz[@jahr=2002]\r\nlet $b03 := $d/Bilanz[@jahr=2003]\r\n\r\nfor $p02 in $b02/Aktiva//*, $p03 in $b03/Aktiva//*\r\nwhere local-name($p02)=local-name($p03) and not(empty($p02/*)) and not(empty($p03/*))\r\nreturn  <position name="{node-name($p02)}">\r\n        {\r\n        for $v in $p02//*[@summe], $w in $p03//*[@summe]\r\n        let $s02 := data($v/@summe)\r\n        let $s03 := data($w/@summe)\r\n        where local-name($v)=local-name($w)\r\n        return <position name="{node-name($v)}"> { \r\n\t\t(\r\n                  <j2002>{$s02}</j2002>,\r\n                  <j2003>{$s03}</j2003>,\r\n                  <diff>{$s03 - $s02}</diff>\r\n                )\r\n                }\r\n              </position>\r\n        }\r\n\t</position>\r\n	\N	1
13053	let $hk := doc('http://etutor.dke.uni-linz.ac.at/etutor/XML?id=1')/handelskette\r\nreturn <filialenLinz>\r\n  {for $f in $hk/filialen/filiale[plz eq "4040"]\r\n   return <filiale>{$f/inhName, $f/strasse, $f/plz}</filiale>}\r\n</filialenLinz>	\N	1
13059	let $hk := doc('http://etutor.dke.uni-linz.ac.at/etutor/XML?id=1')/handelskette\r\nfor $k in $hk/kunden/kunde\r\nlet $linzFil := $hk/filialen/filiale[plz = "4040"]\r\nwhere empty($hk/rechnungen/rechnung[kundeNr = $k/@kundeNr and filNr = $linzFil/@filNr])\r\norder by $k/name\r\nreturn $k	\N	1
13044	let $db := doc('http://etutor.dke.uni-linz.ac.at/etutor/XML?id=2')/db, \r\n    $personen := $db/person, $wohnungen := $db/wohnung,\r\n    $mietet := $db/mietet\r\nreturn for $b in distinct-values($wohnungen/bezirk)\r\n       where empty(\r\n          for $w in $wohnungen[bezirk eq $b]\r\n          where empty($mietet[(@wohnnr eq $w/@nr) and\r\n                              (bis eq "31.12.2099")])\r\n          return $w)\r\n       order by $b\r\n       return <Bezirk>{$b}</Bezirk>	\N	1
13060	let $hk := doc('http://etutor.dke.uni-linz.ac.at/etutor/XML?id=1')/handelskette\r\nfor $fil in $hk/filialen/filiale\r\nlet $katFil := (\r\n    let $prod := $fil/sortiment/prodInSortiment\r\n    for $prodK in distinct-values($hk/produkte/produkt[@ean = $prod/ean]/kategorie)\r\n    return ($prodK))\r\nlet $prods := $hk/produkte/produkt\r\nwhere every $kat in distinct-values($prods/kategorie)\r\n    satisfies (some $k in $katFil satisfies $k = $kat)\r\nreturn <filiale filialeNr="{$fil/@filNr}"> {\r\n    for $kateg in distinct-values($prods/kategorie)\r\n    return <prodGruppe val="{$kateg}"> {\r\n        for $allePrInKat in $hk/produkte/produkt[kategorie = $kateg]/@ean\r\n        for $p2 in $fil/sortiment/prodInSortiment\r\n        where data($p2/ean) = $allePrInKat\r\n        return $p2/ean }\r\n    </prodGruppe> }\r\n</filiale>	\N	1
13054	let $hk := doc('http://etutor.dke.uni-linz.ac.at/etutor/XML?id=1')/handelskette\r\nfor $billigprodukt in $hk/produkte/produkt[ekPreis < 100]\r\nlet $f := $hk/filialen/filiale[sortiment/prodInSortiment/ean = $billigprodukt/@ean]\r\nlet $bestand := $f/sortiment/prodInSortiment[ean = $billigprodukt/@ean]/bestand\r\nlet $prodbez := $billigprodukt/bezeichnung\r\nreturn <bProdukt ekPreis="{data($billigprodukt/ekPreis)}">\r\n\t\t {$prodbez}\r\n\t\t <dsBestand>{avg($bestand)}</dsBestand>\r\n       </bProdukt>	\N	1
13055	let $hk := doc('http://etutor.dke.uni-linz.ac.at/etutor/XML?id=1')/handelskette\r\nfor $p in $hk/produkte/produkt\r\nwhere not(some $pif in $hk/filialen/filiale/sortiment/prodInSortiment satisfies $p/@ean eq $pif/ean)\r\norder by $p/@ean\r\nreturn $p	\N	1
13062	let $hk := doc('http://etutor.dke.uni-linz.ac.at/etutor/XML?id=1')/handelskette\r\nfor $f in $hk/filialen/filiale\r\nwhere some $ps in $f/sortiment/prodInSortiment satisfies \r\n    $ps/vkPreis < 0.8*$hk/produkte/produkt[@ean eq $ps/ean]/listPreis\r\nreturn\r\n  <filiale>{$f/@filNr,\r\n    for $ps in $f/sortiment/prodInSortiment\r\n    let $listPreis := $hk/produkte/produkt[@ean eq $ps/ean]/listPreis\r\n    where $ps/vkPreis < 0.8 * $listPreis\r\n    return <produkt ean="{$ps/ean}" vkPreis="{$ps/vkPreis}" listPreis="{$listPreis}"/>}\r\n  </filiale>	\N	1
13045	let $db := doc('http://etutor.dke.uni-linz.ac.at/etutor/XML?id=2')/db, \r\n    $personen := $db/person, $wohnungen := $db/wohnung,\r\n    $mietet := $db/mietet\r\nreturn let $ma := $mietet[bis eq '31.12.2099']\r\n       let $qms := (for $m in $ma, $w in $wohnungen[@nr eq $m/@wohnnr]\r\n                    return ($m/preis div $w/gross))\r\nreturn\r\n <mietstatistik>\r\n  <anzahl>{count($ma)}</anzahl>\r\n  <sum-preis>{sum($ma/preis)}</sum-preis>\r\n  <qm-preis>{avg($qms)}</qm-preis>\r\n </mietstatistik>\r\n	\N	1
13056	let $hk := doc('http://etutor.dke.uni-linz.ac.at/etutor/XML?id=1')/handelskette\r\nfor $bon in distinct-values($hk/kunden/kunde/bonStufe)\r\nreturn <bstufe val="{$bon}">\r\n  { for $k in $hk/kunden/kunde[bonStufe = $bon]\r\n    return <name kundeNr="{data($k/@kundeNr)}">\r\n      {data($k/name)}\r\n    </name>\r\n  } \r\n</bstufe>	\N	1
13061	let $hk := doc('http://etutor.dke.uni-linz.ac.at/etutor/XML?id=1')/handelskette\r\nlet $minAnzahlProd := min(\r\n  for $f in $hk/filialen/filiale\r\n  return (count($f/sortiment/prodInSortiment))\r\n)\r\nfor $fil in $hk/filialen/filiale\r\nwhere count($fil/sortiment/prodInSortiment) = $minAnzahlProd\r\nreturn <filiale prodAnzahl="{$minAnzahlProd}">{$fil/@filNr}</filiale>	\N	1
13046	let $db := doc('http://etutor.dke.uni-linz.ac.at/etutor/XML?id=2')/db, \r\n    $personen := $db/person, $wohnungen := $db/wohnung,\r\n    $mietet := $db/mietet\r\nreturn let $gesamtflaeche := sum($wohnungen/gross)\r\n       for $en in distinct-values($wohnungen/@eigentuemer)\r\n       let $p := $personen[@nr eq $en],\r\n           $w := $wohnungen[@eigentuemer eq $en]\r\n       order by sum($w/gross)\r\n       return\r\n <vermieterstatistik anzahl="{count($w)}">{$p/@nr}{$p/name}\r\n  <sum-gross>{sum($w/gross)}</sum-gross>\r\n  <anteil>{sum($w/gross)*100 div $gesamtflaeche}</anteil>\r\n </vermieterstatistik>\r\n	\N	1
13057	let $hk := doc('http://etutor.dke.uni-linz.ac.at/etutor/XML?id=1')/handelskette\r\nfor $kat in distinct-values($hk/produkte/produkt/kategorie)\r\nlet $prod := $hk/produkte/produkt[kategorie = $kat]\r\nlet $price := $hk/filialen/filiale/sortiment/prodInSortiment[ean = $prod/@ean]/vkPreis\r\nreturn <kategorie val="{$kat}">{avg($price)}</kategorie>	\N	1
13058	let $hk := doc('http://etutor.dke.uni-linz.ac.at/etutor/XML?id=1')/handelskette\r\nfor $k in $hk/kunden/kunde\r\nlet $re := $hk/rechnungen/rechnung[kundeNr = $k/@kundeNr]\r\nlet $umsatzPos := (\r\n    for $rPos in $hk/rechnungen/rechnung[kundeNr = $k/@kundeNr]/rposition\r\n\treturn ($rPos/einzelPreis * $rPos/menge))\r\nlet $umsatz := sum($umsatzPos)\r\norder by $umsatz descending\r\nreturn <kunde umsatz="{$umsatz}">{$k/@kundeNr}</kunde>	\N	1
14267	let $hk := doc('http://etutor.dke.uni-linz.ac.at/etutor/XML?id=1')/handelskette return <kundenBonB> {for $k in $hk/kunden/kunde[bonStufe eq "B"] return $k} </kundenBonB>	\N	1
13047	let $db := doc('http://etutor.dke.uni-linz.ac.at/etutor/XML?id=2')/db, \r\n    $personen := $db/person, $wohnungen := $db/wohnung,\r\n    $mietet := $db/mietet\r\nreturn for $b in distinct-values($wohnungen/bezirk)\r\n       let $anzahl := count($wohnungen[bezirk eq $b])\r\n       where empty(for $w in $wohnungen[bezirk eq $b],\r\n                       $m in $mietet[(@wohnnr eq $w/@nr) and \r\n                                     (bis eq "31.12.2099")]\r\n                   return $m)\r\n       order by $b\r\n       return <unbelegterbezirk nr="{$b}" anzahlwohnungen="{$anzahl}"/>\r\n	\N	1
14268	let $hk := doc('http://etutor.dke.uni-linz.ac.at/etutor/XML?id=1')/handelskette for $et in $hk/produkte/produkt[kategorie eq "Ersatz"] return <ersatzteil><ean>{data($et/@ean)}</ean>    {$et/bezeichnung} </ersatzteil>	\N	1
14269	let $hk := doc('http://etutor.dke.uni-linz.ac.at/etutor/XML?id=1')/handelskette let $fil5020 := $hk/filialen/filiale[plz eq "5020"]/@filNr for $k in $hk/kunden/kunde where not(some $r in $hk/rechnungen/rechnung[kundeNr eq $k/@kundeNr]   satisfies $r/filNr = $fil5020) order by $k/name return $k	\N	1
14270	let $hk := doc('http://etutor.dke.uni-linz.ac.at/etutor/XML?id=1')/handelskette let $pg := distinct-values($hk/produkte/produkt/kategorie) for $kat in $pg let $prodInKat := $hk/produkte/produkt[kategorie eq $kat] return <kategorie kname="{$kat}">     <anzahl>{count($prodInKat)}</anzahl> <avgEkPreis>{avg($prodInKat/ekPreis)}</avgEkPreis> </kategorie>	\N	1
14271	let $hk := doc('http://etutor.dke.uni-linz.ac.at/etutor/XML?id=1')/handelskette\r\nlet $bs := distinct-values($hk/kunden/kunde/bonStufe)\r\nfor $bStufe in $bs\r\nlet $kdNrBs := $hk/kunden//kunde[bonStufe eq $bStufe]/@kundeNr,\r\n    $kdCnt := count(distinct-values($kdNrBs))\r\nlet $rPosten :=\r\n    (for $r in $hk/rechnungen/rechnung[kundeNr = $kdNrBs]/rposition\r\n    return ($r/einzelPreis * $r/menge))\r\norder by $bStufe\r\nreturn <bStufe val="{$bStufe}">\r\n    <umsGesamt>{sum($rPosten)}</umsGesamt>\r\n    <umsProKunde>{sum($rPosten) div $kdCnt}</umsProKunde>\r\n</bStufe>	\N	1
14272	let $hk := doc('http://etutor.dke.uni-linz.ac.at/etutor/XML?id=1')/handelskette let $prodAudio := $hk/produkte/produkt[kategorie eq "Audio"]/@ean for $k in $hk/kunden/kunde where not(some $r in $hk/rechnungen/rechnung[kundeNr eq $k/@kundeNr] satisfies $r/rposition/ean = $prodAudio) order by $k/name return <kundeNr>{data($k/@kundeNr)}</kundeNr>	\N	1
14273	let $hk := doc('http://etutor.dke.uni-linz.ac.at/etutor/XML?id=1')/handelskette for $filiale in $hk/filialen/filiale where some $b in $filiale/sortiment/prodInSortiment/bestand satisfies $b < 4 return <bestellung>{$filiale/@filNr, for $prod in $filiale/sortiment/prodInSortiment[bestand < 4] order by $prod/ean return <ean val="{$prod/ean}" bestellmenge="{10 - $prod/bestand}"/>} </bestellung>	\N	1
14274	let $hk := doc('http://etutor.dke.uni-linz.ac.at/etutor/XML?id=1')/handelskette for $fil in $hk/filialen/filiale let $re := $hk/rechnungen/rechnung[bezahlt="N" and filNr=$fil/@filNr] let $anz := count($re) let $offenPos := (for $rPos in $hk/rechnungen/rechnung [bezahlt="N" and filNr=$fil/@filNr]/rposition return ($rPos/einzelPreis * $rPos/menge)) return <filiale anzahlOffen="{$anz}">{$fil/@filNr} {sum($offenPos) } </filiale> \r\n	\N	1
14275	let $hk := doc('http://etutor.dke.uni-linz.ac.at/etutor/XML?id=1')/handelskette let $fil := $hk/filialen/filiale for $prod in $hk/produkte/produkt where every $f in $fil satisfies(some $ean in $f/sortiment/prodInSortiment/ean satisfies ($ean = $prod/@ean)) return <produkt>{$prod/@ean, $prod/bezeichnung, $prod/kategorie}</produkt>	\N	1
14307	let $d := doc('http://etutor.dke.uni-linz.ac.at/etutor/XML?id=5001')/Bilanzen\r\nlet $sa := $d//Sachanlagen\r\nreturn $sa	\N	1
14308	let $d := doc('http://etutor.dke.uni-linz.ac.at/etutor/XML?id=5001')/Bilanzen\r\nlet $sa := $d//Sachanlagen\r\nfor $s in $sa \r\nreturn <Sachgueter vermoegen="{$s/@summe}"/>\r\n	\N	1
14309	let $d := doc('http://etutor.dke.uni-linz.ac.at/etutor/XML?id=5001')/Bilanzen\r\nlet $sa := $d//Sachanlagen\r\nfor $s in $sa \r\nreturn <Sachanlagen>\r\n          <summe>{data($s/@summe)}</summe>\r\n       </Sachanlagen>\r\n	\N	1
14310	let $d := doc('http://etutor.dke.uni-linz.ac.at/etutor/XML?id=5001')/Bilanzen\r\nlet $lfvm := $d/Bilanz[@jahr=2003]/Aktiva/LangfristigesVermoegen/*\r\nfor $v in $lfvm\r\norder by xs:float($v/@summe) descending\r\nreturn $v	\N	1
14311	let $d := doc('http://etutor.dke.uni-linz.ac.at/etutor/XML?id=5001')/Bilanzen\r\nlet $akt := $d/Bilanz[@jahr=2003]/Aktiva//*[@summe>200000]\r\nreturn sum($akt/@summe)\r\n	\N	1
14312	let $d := doc('http://etutor.dke.uni-linz.ac.at/etutor/XML?id=5001')/Bilanzen\r\nfor $v in $d//*\r\nwhere empty($v/*)\r\nreturn $v\r\n	\N	1
14313	let $d := doc('http://etutor.dke.uni-linz.ac.at/etutor/XML?id=5001')/Bilanzen\r\nlet $bilanzen := $d/Bilanz\r\nfor $b in $bilanzen\r\nlet $akt := $b/Aktiva//*[@summe]\r\nreturn <aktiva jahr="{$b/@jahr}" summe="{sum($akt/@summe)}"/>\r\n	\N	1
14314	let $d := doc('http://etutor.dke.uni-linz.ac.at/etutor/XML?id=5001')/Bilanzen\r\nlet $b02 := $d/Bilanz[@jahr=2002]\r\nfor $p02 in $b02/Aktiva//*\r\nreturn  node-name($p02) \r\n	\N	1
14315	let $d := doc('http://etutor.dke.uni-linz.ac.at/etutor/XML?id=5001')/Bilanzen\r\nlet $drei := $d//Bilanz[@jahr=2003]//LangfristigesVermoegen\r\nlet $zwei := $d//Bilanz[@jahr=2002]//LangfristigesVermoegen\r\n\r\nfor $x in $drei/*\r\nfor $xx in $zwei/*\r\n\r\nlet $res := <d>{string($x/@summe)}</d> - <d>{string($xx/@summe)}</d>\r\nlet $name := <g><f>{name($x)}</f></g>\r\nlet $str := <positionsdifferenz name='{string($name)}'>{$res}</positionsdifferenz>\r\nwhere name($x) = name($xx)\r\nreturn $str\r\n	\N	1
14318	let $db := doc('http://etutor.dke.uni-linz.ac.at/etutor/XML?id=5001')\r\nreturn $db	\N	1
14320	let $d := doc('http://etutor.dke.uni-linz.ac.at/etutor/XML?id=5001')/Bilanzen\r\nlet $b02 := $d/Bilanz[@jahr=2002]\r\nlet $b03 := $d/Bilanz[@jahr=2003]\r\n\r\nfor $p02 in $b02/Aktiva//*, $p03 in $b03/Aktiva//*\r\nwhere local-name($p02)=local-name($p03) and not(empty($p02/*)) and not(empty($p03/*))\r\nreturn  <position name="{node-name($p02)}">\r\n        {\r\n        for $v in $p02//*[@summe], $w in $p03//*[@summe]\r\n        let $s02 := data($v/@summe)\r\n        let $s03 := data($w/@summe)\r\n        where local-name($v)=local-name($w)\r\n        return <position name="{node-name($v)}"> { \r\n\t\t(\r\n                  <j2002>{$s02}</j2002>,\r\n                  <j2003>{$s03}</j2003>,\r\n                  <diff>{$s03 - $s02}</diff>\r\n                )\r\n                }\r\n              </position>\r\n        }\r\n\t</position>\r\n	\N	1
14321	let $d := doc('http://etutor.dke.uni-linz.ac.at/etutor/XML?id=1')/handelskette\r\nlet $i := $d//inhName\r\nreturn $i	\N	1
14322	let $d := doc('http://etutor.dke.uni-linz.ac.at/etutor/XML?id=1')/handelskette\r\nlet $p := $d/filialen/filiale[@filNr=1]/sortiment/prodInSortiment[vkPreis>5000]\r\nreturn sum($p/vkPreis)	\N	1
14323	let $d := doc('http://etutor.dke.uni-linz.ac.at/etutor/XML?id=1')/handelskette\r\nlet $kn := $d//kunde\r\nfor $k in $kn \r\nreturn <customer customerNo="{$k/@kundeNr}"/>	\N	1
14324	let $d := doc('http://etutor.dke.uni-linz.ac.at/etutor/XML?id=1')/handelskette\r\nlet $sa := $d//kunde\r\nfor $s in $sa \r\nreturn <kunde>\r\n          <nummer>{data($s/@kundeNr)}</nummer>\r\n       </kunde>	\N	1
14325	let $d := doc('http://etutor.dke.uni-linz.ac.at/etutor/XML?id=1')/handelskette\r\nlet $pis := $d/filialen/filiale[@filNr=1]/sortiment/*\r\nfor $p in $pis\r\norder by xs:float($p/vkPreis) descending\r\nreturn $p	\N	1
14319	let $hk := doc('http://etutor.dke.uni-linz.ac.at/etutor/XML?id=1')/handelskette\r\nlet $bs := distinct-values($hk/kunden/kunde/bonStufe)\r\nfor $bStufe in $bs\r\nlet $kdNrBs := $hk/kunden//kunde[bonStufe eq $bStufe]/@kundeNr,\r\n    $kdCnt := count(distinct-values($kdNrBs))\r\nlet $rPosten :=\r\n    (for $r in $hk/rechnungen/rechnung[kundeNr = $kdNrBs]/rposition\r\n    return ($r/einzelPreis * $r/menge))\r\norder by $bStufe\r\nreturn <bStufe val="{$bStufe}">\r\n    <umsGesamt>{sum($rPosten)}</umsGesamt>\r\n    <umsProKunde>{sum($rPosten) div $kdCnt}</umsProKunde>\r\n</bStufe>	\N	1
\.


--
-- Data for Name: exercise_urls; Type: TABLE DATA; Schema: public; Owner: postgres
--

COPY public.exercise_urls (url, hidden_url, exercise) FROM stdin;
http://etutor.dke.uni-linz.ac.at/etutor/XML?id=1	http://etutor.dke.uni-linz.ac.at/etutor/XML?id=1_enc	13059
http://etutor.dke.uni-linz.ac.at/etutor/XML?id=1	http://etutor.dke.uni-linz.ac.at/etutor/XML?id=1010	13055
http://etutor.dke.uni-linz.ac.at/etutor/XML?id=1	http://etutor.dke.uni-linz.ac.at/etutor/XML?id=1009	13061
http://etutor.dke.uni-linz.ac.at/etutor/XML?id=5001	http://etutor.dke.uni-linz.ac.at/etutor/XML?id=5002	14316
http://etutor.dke.uni-linz.ac.at/etutor/XML?id=2	http://etutor.dke.uni-linz.ac.at/etutor/XML?id=2_enc	13044
http://etutor.dke.uni-linz.ac.at/etutor/XML?id=1	http://etutor.dke.uni-linz.ac.at/etutor/XML?id=1009	13058
http://etutor.dke.uni-linz.ac.at/etutor/XML?id=2	http://etutor.dke.uni-linz.ac.at/etutor/XML?id=2_enc	13047
http://etutor.dke.uni-linz.ac.at/etutor/XML?id=1	http://etutor.dke.uni-linz.ac.at/etutor/XML?id=1_enc	13053
http://etutor.dke.uni-linz.ac.at/etutor/XML?id=1	http://etutor.dke.uni-linz.ac.at/etutor/XML?id=1_enc	13060
http://etutor.dke.uni-linz.ac.at/etutor/XML?id=1	http://etutor.dke.uni-linz.ac.at/etutor/XML?id=1009	13056
http://etutor.dke.uni-linz.ac.at/etutor/XML?id=1	http://etutor.dke.uni-linz.ac.at/etutor/XML?id=1009	13062
http://etutor.dke.uni-linz.ac.at/etutor/XML?id=1	http://etutor.dke.uni-linz.ac.at/etutor/XML?id=1_enc	13054
http://etutor.dke.uni-linz.ac.at/etutor/XML?id=1	http://etutor.dke.uni-linz.ac.at/etutor/XML?id=1_enc	14267
http://etutor.dke.uni-linz.ac.at/etutor/XML?id=1	http://etutor.dke.uni-linz.ac.at/etutor/XML?id=1_enc	14268
http://etutor.dke.uni-linz.ac.at/etutor/XML?id=1	http://etutor.dke.uni-linz.ac.at/etutor/XML?id=1_enc	14269
http://etutor.dke.uni-linz.ac.at/etutor/XML?id=1	http://etutor.dke.uni-linz.ac.at/etutor/XML?id=1_enc	14270
http://etutor.dke.uni-linz.ac.at/etutor/XML?id=1	http://etutor.dke.uni-linz.ac.at/etutor/XML?id=1_enc	14272
http://etutor.dke.uni-linz.ac.at/etutor/XML?id=1	http://etutor.dke.uni-linz.ac.at/etutor/XML?id=1_enc	14273
http://etutor.dke.uni-linz.ac.at/etutor/XML?id=5001	http://etutor.dke.uni-linz.ac.at/etutor/XML?id=5002	14311
http://etutor.dke.uni-linz.ac.at/etutor/XML?id=1	http://etutor.dke.uni-linz.ac.at/etutor/XML?id=1_enc	14275
http://etutor.dke.uni-linz.ac.at/etutor/XML?id=1	http://etutor.dke.uni-linz.ac.at/etutor/XML?id=1_enc	14274
http://etutor.dke.uni-linz.ac.at/etutor/XML?id=5001	http://etutor.dke.uni-linz.ac.at/etutor/XML?id=5002	14308
http://etutor.dke.uni-linz.ac.at/etutor/XML?id=5001	http://etutor.dke.uni-linz.ac.at/etutor/XML?id=5002	14309
http://etutor.dke.uni-linz.ac.at/etutor/XML?id=5001	http://etutor.dke.uni-linz.ac.at/etutor/XML?id=5002	14314
http://etutor.dke.uni-linz.ac.at/etutor/XML?id=5001	http://etutor.dke.uni-linz.ac.at/etutor/XML?id=5002	14312
http://etutor.dke.uni-linz.ac.at/etutor/XML?id=5001	http://etutor.dke.uni-linz.ac.at/etutor/XML?id=5002	14313
http://etutor.dke.uni-linz.ac.at/etutor/XML?id=5001	http://etutor.dke.uni-linz.ac.at/etutor/XML?id=5001	14318
http://etutor.dke.uni-linz.ac.at/etutor/XML?id=5001	http://etutor.dke.uni-linz.ac.at/etutor/XML?id=5002	14320
http://etutor.dke.uni-linz.ac.at/etutor/XML?id=1	http://etutor.dke.uni-linz.ac.at/etutor/XML?id=1009	14271
http://etutor.dke.uni-linz.ac.at/etutor/XML?id=5001	http://etutor.dke.uni-linz.ac.at/etutor/XML?id=5002	14315
http://etutor.dke.uni-linz.ac.at/etutor/XML?id=5001	http://etutor.dke.uni-linz.ac.at/etutor/XML?id=5002	14307
http://etutor.dke.uni-linz.ac.at/etutor/XML?id=5001	http://etutor.dke.uni-linz.ac.at/etutor/XML?id=5002	14310
http://etutor.dke.uni-linz.ac.at/etutor/XML?id=2	http://etutor.dke.uni-linz.ac.at/etutor/XML?id=2_enc	13045
http://etutor.dke.uni-linz.ac.at/etutor/XML?id=2	http://etutor.dke.uni-linz.ac.at/etutor/XML?id=2_enc	13043
http://etutor.dke.uni-linz.ac.at/etutor/XML?id=1	http://etutor.dke.uni-linz.ac.at/etutor/XML?id=1009 \t	14319
http://etutor.dke.uni-linz.ac.at/etutor/XML?id=1	http://etutor.dke.uni-linz.ac.at/etutor/XML?id=1009	13057
http://etutor.dke.uni-linz.ac.at/etutor/XML?id=1	http://etutor.dke.uni-linz.ac.at/etutor/XML?id=1_enc	14321
http://etutor.dke.uni-linz.ac.at/etutor/XML?id=1	http://etutor.dke.uni-linz.ac.at/etutor/XML?id=1_enc	14322
http://etutor.dke.uni-linz.ac.at/etutor/XML?id=1	http://etutor.dke.uni-linz.ac.at/etutor/XML?id=1_enc	14323
http://etutor.dke.uni-linz.ac.at/etutor/XML?id=1	http://etutor.dke.uni-linz.ac.at/etutor/XML?id=1_enc	14324
http://etutor.dke.uni-linz.ac.at/etutor/XML?id=1	http://etutor.dke.uni-linz.ac.at/etutor/XML?id=1_enc	14325
http://etutor.dke.uni-linz.ac.at/etutor/XML?id=2	http://etutor.dke.uni-linz.ac.at/etutor/XML?id=2_enc	13046
\.


--
-- Data for Name: sortings; Type: TABLE DATA; Schema: public; Owner: postgres
--

COPY public.sortings (xpath, exercise) FROM stdin;
//Bezirk	13044
//unbelegterbezirk	13047
//produkt	13055
//kunde	13059
//kunde	13058
//NichtSingleWohnung	13043
//*	14310
/prodInSortiment/vkPreis	14325
//vkPreis	14325
//vermieterstatistik	13046
\.


--
-- Data for Name: xmldocs; Type: TABLE DATA; Schema: public; Owner: postgres
--

COPY public.xmldocs (id, doc, filename) FROM stdin;
1	<handelskette>\n\t<produkte>\n\t\t<produkt ean="0-666-4567-2-22">\n\t\t\t<bezeichnung>Autoschampoo</bezeichnung>\n\t\t\t<kategorie>Pflege</kategorie>\n\t\t\t<ekPreis>35</ekPreis>\n\t\t\t<listPreis>69</listPreis>\n\t\t</produkt>\n\t\t<produkt ean="0-777-4997-2-43">\n\t\t\t<bezeichnung>Glanzpolitur</bezeichnung>\n\t\t\t<kategorie>Pflege</kategorie>\n\t\t\t<ekPreis>70</ekPreis>\n\t\t\t<listPreis>119</listPreis>\n\t\t</produkt>\n\t\t<produkt ean="0-456-4887-3-22">\n\t\t\t<bezeichnung>Kaltwachs</bezeichnung>\n\t\t\t<kategorie>Pflege</kategorie>\n\t\t\t<ekPreis>90</ekPreis>\n\t\t\t<listPreis>199</listPreis>\n\t\t</produkt>\n\t\t<produkt ean="0-55-48567-16-2">\n\t\t\t<bezeichnung>Armaturenreiniger</bezeichnung>\n\t\t\t<kategorie>Pflege</kategorie>\n\t\t\t<ekPreis>115</ekPreis>\n\t\t\t<listPreis>333</listPreis>\n\t\t</produkt>\n\t\t<produkt ean="1-626-7767-2-99">\n\t\t\t<bezeichnung>Scheibenwischer</bezeichnung>\n\t\t\t<kategorie>Ersatz</kategorie>\n\t\t\t<ekPreis>390</ekPreis>\n\t\t\t<listPreis>400</listPreis>\n\t\t</produkt>\n\t\t<produkt ean="1-256-7700-2-00">\n\t\t\t<bezeichnung>Sportlenkrad</bezeichnung>\n\t\t\t<kategorie>Ersatz</kategorie>\n\t\t\t<ekPreis>1300</ekPreis>\n\t\t\t<listPreis>1999</listPreis>\n\t\t</produkt>\n\t\t<produkt ean="1-333-7788-2-31">\n\t\t\t<bezeichnung>Gaspedal</bezeichnung>\n\t\t\t<kategorie>Ersatz</kategorie>\n\t\t\t<ekPreis>800</ekPreis>\n\t\t\t<listPreis>960</listPreis>\n\t\t</produkt>\n\t\t<produkt ean="2-446-7240-9-15">\n\t\t\t<bezeichnung>Rennsitz</bezeichnung>\n\t\t\t<kategorie>Ersatz</kategorie>\n\t\t\t<ekPreis>18900</ekPreis>\n\t\t\t<listPreis>22999</listPreis>\n\t\t</produkt>\n\t\t<produkt ean="0-596-4628-0-00">\n\t\t\t<bezeichnung>Wagenheber</bezeichnung>\n\t\t\t<kategorie>Ersatz</kategorie>\n\t\t\t<ekPreis>890</ekPreis>\n\t\t\t<listPreis>1299</listPreis>\n\t\t</produkt>\n\t\t<produkt ean="9-396-7510-9-00">\n\t\t\t<bezeichnung>Chromfelge</bezeichnung>\n\t\t\t<kategorie>Ersatz</kategorie>\n\t\t\t<ekPreis>9000</ekPreis>\n\t\t\t<listPreis>12980</listPreis>\n\t\t</produkt>\n\t\t<produkt ean="3-211-1000-2-00">\n\t\t\t<bezeichnung>Sonnenschutz</bezeichnung>\n\t\t\t<kategorie>Ersatz</kategorie>\n\t\t\t<ekPreis>160</ekPreis>\n\t\t\t<listPreis>250</listPreis>\n\t\t</produkt>\n\t\t<produkt ean="7-2881-760-3-70">\n\t\t\t<bezeichnung>Schraubantenne</bezeichnung>\n\t\t\t<kategorie>Audio</kategorie>\n\t\t\t<ekPreis>965</ekPreis>\n\t\t\t<listPreis>1300</listPreis>\n\t\t</produkt>\n\t\t<produkt ean="5-2671-955-5-55">\n\t\t\t<bezeichnung>Autoradio</bezeichnung>\n\t\t\t<kategorie>Audio</kategorie>\n\t\t\t<ekPreis>5555</ekPreis>\n\t\t\t<listPreis>6800</listPreis>\n\t\t</produkt>\n\t\t<produkt ean="1-4444-652-8-88">\n\t\t\t<bezeichnung>CD-Wechsler</bezeichnung>\n\t\t\t<kategorie>Audio</kategorie>\n\t\t\t<ekPreis>2345</ekPreis>\n\t\t\t<listPreis>3999</listPreis>\n\t\t</produkt>\n\t\t<produkt ean="3-1111-654-3-99">\n\t\t\t<bezeichnung>Lautsprecher</bezeichnung>\n\t\t\t<kategorie>Audio</kategorie>\n\t\t\t<ekPreis>999</ekPreis>\n\t\t\t<listPreis>1599</listPreis>\n\t\t</produkt>\n\t\t<produkt ean="3-5674-904-5-13">\n\t\t\t<bezeichnung>Subwoofer</bezeichnung>\n\t\t\t<kategorie>Audio</kategorie>\n\t\t\t<ekPreis>1749</ekPreis>\n\t\t\t<listPreis>2279</listPreis>\n\t\t</produkt>\n\t\t<produkt ean="6-581-1766-3-45">\n\t\t\t<bezeichnung>Telefonhalter</bezeichnung>\n\t\t\t<kategorie>Sonstiges</kategorie>\n\t\t\t<ekPreis>130</ekPreis>\n\t\t\t<listPreis>225</listPreis>\n\t\t</produkt>\n\t\t<produkt ean="6-231-4777-3-15">\n\t\t\t<bezeichnung>Lenkradueberzug</bezeichnung>\n\t\t\t<kategorie>Sonstiges</kategorie>\n\t\t\t<ekPreis>125</ekPreis>\n\t\t\t<listPreis>529</listPreis>\n\t\t</produkt>\n\t\t<produkt ean="4-1161-730-3-88">\n\t\t\t<bezeichnung>Warndreieck</bezeichnung>\n\t\t\t<kategorie>Sonstiges</kategorie>\n\t\t\t<ekPreis>350</ekPreis>\n\t\t\t<listPreis>499</listPreis>\n\t\t</produkt>\n\t\t<produkt ean="0-4381-880-7-00">\n\t\t\t<bezeichnung>Verbandskasten DIN</bezeichnung>\n\t\t\t<kategorie>Sonstiges</kategorie>\n\t\t\t<ekPreis>965</ekPreis>\n\t\t\t<listPreis>999</listPreis>\n\t\t</produkt>\n\t\t<produkt ean="5-6661-000-0-00">\n\t\t\t<bezeichnung>Abschleppseil</bezeichnung>\n\t\t\t<kategorie>Sonstiges</kategorie>\n\t\t\t<ekPreis>225</ekPreis>\n\t\t\t<listPreis>475</listPreis>\n\t\t</produkt>\n\t</produkte>\n\t<filialen>\n\t\t<filiale filNr="1">\n\t\t\t<inhName>Leitner</inhName>\n\t\t\t<strasse>Strubergasse 3</strasse>\n\t\t\t<plz>4040</plz>\n\t\t\t<sortiment>\n\t\t\t\t<prodInSortiment>\n\t\t\t\t\t<ean>0-666-4567-2-22</ean>\n\t\t\t\t\t<vkPreis>69</vkPreis>\n\t\t\t\t\t<preisRed>0</preisRed>\n\t\t\t\t\t<bestand>100</bestand>\n\t\t\t\t</prodInSortiment>\n\t\t\t\t<prodInSortiment>\n\t\t\t\t\t<ean>0-777-4997-2-43</ean>\n\t\t\t\t\t<vkPreis>120</vkPreis>\n\t\t\t\t\t<preisRed>30</preisRed>\n\t\t\t\t\t<bestand>150</bestand>\n\t\t\t\t</prodInSortiment>\n\t\t\t\t<prodInSortiment>\n\t\t\t\t\t<ean>0-456-4887-3-22</ean>\n\t\t\t\t\t<vkPreis>229</vkPreis>\n\t\t\t\t\t<preisRed>0</preisRed>\n\t\t\t\t\t<bestand>130</bestand>\n\t\t\t\t</prodInSortiment>\n\t\t\t\t<prodInSortiment>\n\t\t\t\t\t<ean>1-626-7767-2-99</ean>\n\t\t\t\t\t<vkPreis>420</vkPreis>\n\t\t\t\t\t<preisRed>10</preisRed>\n\t\t\t\t\t<bestand>100</bestand>\n\t\t\t\t</prodInSortiment>\n\t\t\t\t<prodInSortiment>\n\t\t\t\t\t<ean>1-333-7788-2-31</ean>\n\t\t\t\t\t<vkPreis>999</vkPreis>\n\t\t\t\t\t<preisRed>0</preisRed>\n\t\t\t\t\t<bestand>30</bestand>\n\t\t\t\t</prodInSortiment>\n\t\t\t\t<prodInSortiment>\n\t\t\t\t\t<ean>9-396-7510-9-00</ean>\n\t\t\t\t\t<vkPreis>13000</vkPreis>\n\t\t\t\t\t<preisRed>1000</preisRed>\n\t\t\t\t\t<bestand>15</bestand>\n\t\t\t\t</prodInSortiment>\n\t\t\t\t<prodInSortiment>\n\t\t\t\t\t<ean>5-2671-955-5-55</ean>\n\t\t\t\t\t<vkPreis>7000</vkPreis>\n\t\t\t\t\t<preisRed>0</preisRed>\n\t\t\t\t\t<bestand>12</bestand>\n\t\t\t\t</prodInSortiment>\n\t\t\t\t<prodInSortiment>\n\t\t\t\t\t<ean>3-1111-654-3-99</ean>\n\t\t\t\t\t<vkPreis>1700</vkPreis>\n\t\t\t\t\t<preisRed>0</preisRed>\n\t\t\t\t\t<bestand>7</bestand>\n\t\t\t\t</prodInSortiment>\n\t\t\t\t<prodInSortiment>\n\t\t\t\t\t<ean>6-231-4777-3-15</ean>\n\t\t\t\t\t<vkPreis>500</vkPreis>\n\t\t\t\t\t<preisRed>0</preisRed>\n\t\t\t\t\t<bestand>35</bestand>\n\t\t\t\t</prodInSortiment>\n\t\t\t\t<prodInSortiment>\n\t\t\t\t\t<ean>5-6661-000-0-00</ean>\n\t\t\t\t\t<vkPreis>450</vkPreis>\n\t\t\t\t\t<preisRed>0</preisRed>\n\t\t\t\t\t<bestand>11</bestand>\n\t\t\t\t</prodInSortiment>\n\t\t\t\t<prodInSortiment>\n\t\t\t\t\t<ean>0-4381-880-7-00</ean>\n\t\t\t\t\t<vkPreis>1250</vkPreis>\n\t\t\t\t\t<preisRed>250</preisRed>\n\t\t\t\t\t<bestand>85</bestand>\n\t\t\t\t</prodInSortiment>\n\t\t\t\t<prodInSortiment>\n\t\t\t\t\t<ean>4-1161-730-3-88</ean>\n\t\t\t\t\t<vkPreis>500</vkPreis>\n\t\t\t\t\t<preisRed>0</preisRed>\n\t\t\t\t\t<bestand>25</bestand>\n\t\t\t\t</prodInSortiment>\n\t\t\t\t<prodInSortiment>\n\t\t\t\t\t<ean>6-581-1766-3-45</ean>\n\t\t\t\t\t<vkPreis>200</vkPreis>\n\t\t\t\t\t<preisRed>0</preisRed>\n\t\t\t\t\t<bestand>40</bestand>\n\t\t\t\t</prodInSortiment>\n\t\t\t\t<prodInSortiment>\n\t\t\t\t\t<ean>1-4444-652-8-88</ean>\n\t\t\t\t\t<vkPreis>4500</vkPreis>\n\t\t\t\t\t<preisRed>0</preisRed>\n\t\t\t\t\t<bestand>4</bestand>\n\t\t\t\t</prodInSortiment>\n\t\t\t\t<prodInSortiment>\n\t\t\t\t\t<ean>7-2881-760-3-70</ean>\n\t\t\t\t\t<vkPreis>1500</vkPreis>\n\t\t\t\t\t<preisRed>0</preisRed>\n\t\t\t\t\t<bestand>23</bestand>\n\t\t\t\t</prodInSortiment>\n\t\t\t\t<prodInSortiment>\n\t\t\t\t\t<ean>2-446-7240-9-15</ean>\n\t\t\t\t\t<vkPreis>22500</vkPreis>\n\t\t\t\t\t<preisRed>0</preisRed>\n\t\t\t\t\t<bestand>7</bestand>\n\t\t\t\t</prodInSortiment>\n\t\t\t\t<prodInSortiment>\n\t\t\t\t\t<ean>1-256-7700-2-00</ean>\n\t\t\t\t\t<vkPreis>1999</vkPreis>\n\t\t\t\t\t<preisRed>0</preisRed>\n\t\t\t\t\t<bestand>30</bestand>\n\t\t\t\t</prodInSortiment>\n\t\t\t\t<prodInSortiment>\n\t\t\t\t\t<ean>0-55-48567-16-2</ean>\n\t\t\t\t\t<vkPreis>300</vkPreis>\n\t\t\t\t\t<preisRed>0</preisRed>\n\t\t\t\t\t<bestand>100</bestand>\n\t\t\t\t</prodInSortiment>\n\t\t\t</sortiment>\n\t\t</filiale>\n\t\t<filiale filNr="2">\n\t\t\t<inhName>Schraubner</inhName>\n\t\t\t<strasse>Blattallee 7</strasse>\n\t\t\t<plz>4040</plz>\n\t\t\t<sortiment>\n\t\t\t\t<prodInSortiment>\n\t\t\t\t\t<ean>0-666-4567-2-22</ean>\n\t\t\t\t\t<vkPreis>69</vkPreis>\n\t\t\t\t\t<preisRed>0</preisRed>\n\t\t\t\t\t<bestand>90</bestand>\n\t\t\t\t</prodInSortiment>\n\t\t\t\t<prodInSortiment>\n\t\t\t\t\t<ean>0-55-48567-16-2</ean>\n\t\t\t\t\t<vkPreis>390</vkPreis>\n\t\t\t\t\t<preisRed>0</preisRed>\n\t\t\t\t\t<bestand>100</bestand>\n\t\t\t\t</prodInSortiment>\n\t\t\t\t<prodInSortiment>\n\t\t\t\t\t<ean>1-256-7700-2-00</ean>\n\t\t\t\t\t<vkPreis>1900</vkPreis>\n\t\t\t\t\t<preisRed>0</preisRed>\n\t\t\t\t\t<bestand>40</bestand>\n\t\t\t\t</prodInSortiment>\n\t\t\t\t<prodInSortiment>\n\t\t\t\t\t<ean>9-396-7510-9-00</ean>\n\t\t\t\t\t<vkPreis>14000</vkPreis>\n\t\t\t\t\t<preisRed>0</preisRed>\n\t\t\t\t\t<bestand>25</bestand>\n\t\t\t\t</prodInSortiment>\n\t\t\t\t<prodInSortiment>\n\t\t\t\t\t<ean>5-2671-955-5-55</ean>\n\t\t\t\t\t<vkPreis>6800</vkPreis>\n\t\t\t\t\t<preisRed>250</preisRed>\n\t\t\t\t\t<bestand>9</bestand>\n\t\t\t\t</prodInSortiment>\n\t\t\t\t<prodInSortiment>\n\t\t\t\t\t<ean>3-1111-654-3-99</ean>\n\t\t\t\t\t<vkPreis>1500</vkPreis>\n\t\t\t\t\t<preisRed>125</preisRed>\n\t\t\t\t\t<bestand>1</bestand>\n\t\t\t\t</prodInSortiment>\n\t\t\t\t<prodInSortiment>\n\t\t\t\t\t<ean>5-6661-000-0-00</ean>\n\t\t\t\t\t<vkPreis>400</vkPreis>\n\t\t\t\t\t<preisRed>0</preisRed>\n\t\t\t\t\t<bestand>1</bestand>\n\t\t\t\t</prodInSortiment>\n\t\t\t\t<prodInSortiment>\n\t\t\t\t\t<ean>0-4381-880-7-00</ean>\n\t\t\t\t\t<vkPreis>1220</vkPreis>\n\t\t\t\t\t<preisRed>0</preisRed>\n\t\t\t\t\t<bestand>5</bestand>\n\t\t\t\t</prodInSortiment>\n\t\t\t\t<prodInSortiment>\n\t\t\t\t\t<ean>4-1161-730-3-88</ean>\n\t\t\t\t\t<vkPreis>500</vkPreis>\n\t\t\t\t\t<preisRed>11</preisRed>\n\t\t\t\t\t<bestand>8</bestand>\n\t\t\t\t</prodInSortiment>\n\t\t\t\t<prodInSortiment>\n\t\t\t\t\t<ean>6-231-4777-3-15</ean>\n\t\t\t\t\t<vkPreis>530</vkPreis>\n\t\t\t\t\t<preisRed>0</preisRed>\n\t\t\t\t\t<bestand>0</bestand>\n\t\t\t\t</prodInSortiment>\n\t\t\t\t<prodInSortiment>\n\t\t\t\t\t<ean>6-581-1766-3-45</ean>\n\t\t\t\t\t<vkPreis>230</vkPreis>\n\t\t\t\t\t<preisRed>0</preisRed>\n\t\t\t\t\t<bestand>44</bestand>\n\t\t\t\t</prodInSortiment>\n\t\t\t\t<prodInSortiment>\n\t\t\t\t\t<ean>1-4444-652-8-88</ean>\n\t\t\t\t\t<vkPreis>4000</vkPreis>\n\t\t\t\t\t<preisRed>0</preisRed>\n\t\t\t\t\t<bestand>3</bestand>\n\t\t\t\t</prodInSortiment>\n\t\t\t\t<prodInSortiment>\n\t\t\t\t\t<ean>7-2881-760-3-70</ean>\n\t\t\t\t\t<vkPreis>1300</vkPreis>\n\t\t\t\t\t<preisRed>0</preisRed>\n\t\t\t\t\t<bestand>9</bestand>\n\t\t\t\t</prodInSortiment>\n\t\t\t\t<prodInSortiment>\n\t\t\t\t\t<ean>2-446-7240-9-15</ean>\n\t\t\t\t\t<vkPreis>21999</vkPreis>\n\t\t\t\t\t<preisRed>0</preisRed>\n\t\t\t\t\t<bestand>0</bestand>\n\t\t\t\t</prodInSortiment>\n\t\t\t\t<prodInSortiment>\n\t\t\t\t\t<ean>1-626-7767-2-99</ean>\n\t\t\t\t\t<vkPreis>400</vkPreis>\n\t\t\t\t\t<preisRed>0</preisRed>\n\t\t\t\t\t<bestand>110</bestand>\n\t\t\t\t</prodInSortiment>\n\t\t\t\t<prodInSortiment>\n\t\t\t\t\t<ean>0-456-4887-3-22</ean>\n\t\t\t\t\t<vkPreis>200</vkPreis>\n\t\t\t\t\t<preisRed>0</preisRed>\n\t\t\t\t\t<bestand>120</bestand>\n\t\t\t\t</prodInSortiment>\n\t\t\t\t<prodInSortiment>\n\t\t\t\t\t<ean>0-777-4997-2-43</ean>\n\t\t\t\t\t<vkPreis>125</vkPreis>\n\t\t\t\t\t<preisRed>0</preisRed>\n\t\t\t\t\t<bestand>155</bestand>\n\t\t\t\t</prodInSortiment>\n\t\t\t</sortiment>\n\t\t</filiale>\n\t\t<filiale filNr="3">\n\t\t\t<inhName>Rathgeb</inhName>\n\t\t\t<strasse>Hauptstrasse 22</strasse>\n\t\t\t<plz>5020</plz>\n\t\t\t<sortiment>\n\t\t\t\t<prodInSortiment>\n\t\t\t\t\t<ean>0-666-4567-2-22</ean>\n\t\t\t\t\t<vkPreis>90</vkPreis>\n\t\t\t\t\t<preisRed>0</preisRed>\n\t\t\t\t\t<bestand>85</bestand>\n\t\t\t\t</prodInSortiment>\n\t\t\t\t<prodInSortiment>\n\t\t\t\t\t<ean>9-396-7510-9-00</ean>\n\t\t\t\t\t<vkPreis>13800</vkPreis>\n\t\t\t\t\t<preisRed>0</preisRed>\n\t\t\t\t\t<bestand>5</bestand>\n\t\t\t\t</prodInSortiment>\n\t\t\t\t<prodInSortiment>\n\t\t\t\t\t<ean>5-2671-955-5-55</ean>\n\t\t\t\t\t<vkPreis>6800</vkPreis>\n\t\t\t\t\t<preisRed>0</preisRed>\n\t\t\t\t\t<bestand>0</bestand>\n\t\t\t\t</prodInSortiment>\n\t\t\t\t<prodInSortiment>\n\t\t\t\t\t<ean>6-581-1766-3-45</ean>\n\t\t\t\t\t<vkPreis>230</vkPreis>\n\t\t\t\t\t<preisRed>0</preisRed>\n\t\t\t\t\t<bestand>14</bestand>\n\t\t\t\t</prodInSortiment>\n\t\t\t\t<prodInSortiment>\n\t\t\t\t\t<ean>5-6661-000-0-00</ean>\n\t\t\t\t\t<vkPreis>380</vkPreis>\n\t\t\t\t\t<preisRed>0</preisRed>\n\t\t\t\t\t<bestand>4</bestand>\n\t\t\t\t</prodInSortiment>\n\t\t\t\t<prodInSortiment>\n\t\t\t\t\t<ean>0-4381-880-7-00</ean>\n\t\t\t\t\t<vkPreis>1211</vkPreis>\n\t\t\t\t\t<preisRed>0</preisRed>\n\t\t\t\t\t<bestand>4</bestand>\n\t\t\t\t</prodInSortiment>\n\t\t\t\t<prodInSortiment>\n\t\t\t\t\t<ean>6-231-4777-3-15</ean>\n\t\t\t\t\t<vkPreis>530</vkPreis>\n\t\t\t\t\t<preisRed>0</preisRed>\n\t\t\t\t\t<bestand>4</bestand>\n\t\t\t\t</prodInSortiment>\n\t\t\t\t<prodInSortiment>\n\t\t\t\t\t<ean>1-4444-652-8-88</ean>\n\t\t\t\t\t<vkPreis>3999</vkPreis>\n\t\t\t\t\t<preisRed>0</preisRed>\n\t\t\t\t\t<bestand>0</bestand>\n\t\t\t\t</prodInSortiment>\n\t\t\t\t<prodInSortiment>\n\t\t\t\t\t<ean>7-2881-760-3-70</ean>\n\t\t\t\t\t<vkPreis>1300</vkPreis>\n\t\t\t\t\t<preisRed>0</preisRed>\n\t\t\t\t\t<bestand>0</bestand>\n\t\t\t\t</prodInSortiment>\n\t\t\t\t<prodInSortiment>\n\t\t\t\t\t<ean>1-256-7700-2-00</ean>\n\t\t\t\t\t<vkPreis>1900</vkPreis>\n\t\t\t\t\t<preisRed>0</preisRed>\n\t\t\t\t\t<bestand>10</bestand>\n\t\t\t\t</prodInSortiment>\n\t\t\t\t<prodInSortiment>\n\t\t\t\t\t<ean>0-456-4887-3-22</ean>\n\t\t\t\t\t<vkPreis>199</vkPreis>\n\t\t\t\t\t<preisRed>0</preisRed>\n\t\t\t\t\t<bestand>80</bestand>\n\t\t\t\t</prodInSortiment>\n\t\t\t\t<prodInSortiment>\n\t\t\t\t\t<ean>0-55-48567-16-2</ean>\n\t\t\t\t\t<vkPreis>390</vkPreis>\n\t\t\t\t\t<preisRed>0</preisRed>\n\t\t\t\t\t<bestand>90</bestand>\n\t\t\t\t</prodInSortiment>\n\t\t\t\t<prodInSortiment>\n\t\t\t\t\t<ean>1-626-7767-2-99</ean>\n\t\t\t\t\t<vkPreis>400</vkPreis>\n\t\t\t\t\t<preisRed>0</preisRed>\n\t\t\t\t\t<bestand>50</bestand>\n\t\t\t\t</prodInSortiment>\n\t\t\t</sortiment>\n\t\t</filiale>\n\t\t<filiale filNr="4">\n\t\t\t<inhName>Fiedler</inhName>\n\t\t\t<strasse>Feldweg 8</strasse>\n\t\t\t<plz>4040</plz>\n\t\t\t<sortiment>\n\t\t\t\t<prodInSortiment>\n\t\t\t\t\t<ean>0-666-4567-2-22</ean>\n\t\t\t\t\t<vkPreis>23</vkPreis>\n\t\t\t\t\t<preisRed>4</preisRed>\n\t\t\t\t\t<bestand>200</bestand>\n\t\t\t\t</prodInSortiment>\n\t\t\t\t<prodInSortiment>\n\t\t\t\t\t<ean>2-446-7240-9-15</ean>\n\t\t\t\t\t<vkPreis>22480</vkPreis>\n\t\t\t\t\t<preisRed>0</preisRed>\n\t\t\t\t\t<bestand>6</bestand>\n\t\t\t\t</prodInSortiment>\n\t\t\t\t<prodInSortiment>\n\t\t\t\t\t<ean>5-2671-955-5-55</ean>\n\t\t\t\t\t<vkPreis>6900</vkPreis>\n\t\t\t\t\t<preisRed>0</preisRed>\n\t\t\t\t\t<bestand>34</bestand>\n\t\t\t\t</prodInSortiment>\n\t\t\t\t<prodInSortiment>\n\t\t\t\t\t<ean>3-1111-654-3-99</ean>\n\t\t\t\t\t<vkPreis>1600</vkPreis>\n\t\t\t\t\t<preisRed>0</preisRed>\n\t\t\t\t\t<bestand>7</bestand>\n\t\t\t\t</prodInSortiment>\n\t\t\t\t<prodInSortiment>\n\t\t\t\t\t<ean>6-581-1766-3-45</ean>\n\t\t\t\t\t<vkPreis>200</vkPreis>\n\t\t\t\t\t<preisRed>20</preisRed>\n\t\t\t\t\t<bestand>9</bestand>\n\t\t\t\t</prodInSortiment>\n\t\t\t\t<prodInSortiment>\n\t\t\t\t\t<ean>1-4444-652-8-88</ean>\n\t\t\t\t\t<vkPreis>4490</vkPreis>\n\t\t\t\t\t<preisRed>0</preisRed>\n\t\t\t\t\t<bestand>5</bestand>\n\t\t\t\t</prodInSortiment>\n\t\t\t\t<prodInSortiment>\n\t\t\t\t\t<ean>7-2881-760-3-70</ean>\n\t\t\t\t\t<vkPreis>1300</vkPreis>\n\t\t\t\t\t<preisRed>111</preisRed>\n\t\t\t\t\t<bestand>5</bestand>\n\t\t\t\t</prodInSortiment>\n\t\t\t\t<prodInSortiment>\n\t\t\t\t\t<ean>9-396-7510-9-00</ean>\n\t\t\t\t\t<vkPreis>12900</vkPreis>\n\t\t\t\t\t<preisRed>0</preisRed>\n\t\t\t\t\t<bestand>2</bestand>\n\t\t\t\t</prodInSortiment>\n\t\t\t</sortiment>\n\t\t</filiale>\n\t\t<filiale filNr="5">\n\t\t\t<inhName>Hauser</inhName>\n\t\t\t<strasse>Klessheimer Allee 6</strasse>\n\t\t\t<plz>5020</plz>\n\t\t\t<sortiment>\n\t\t\t\t<prodInSortiment>\n\t\t\t\t\t<ean>0-666-4567-2-22</ean>\n\t\t\t\t\t<vkPreis>80</vkPreis>\n\t\t\t\t\t<preisRed>5</preisRed>\n\t\t\t\t\t<bestand>0</bestand>\n\t\t\t\t</prodInSortiment>\n\t\t\t\t<prodInSortiment>\n\t\t\t\t\t<ean>9-396-7510-9-00</ean>\n\t\t\t\t\t<vkPreis>58</vkPreis>\n\t\t\t\t\t<preisRed>2</preisRed>\n\t\t\t\t\t<bestand>120</bestand>\n\t\t\t\t</prodInSortiment>\n\t\t\t\t<prodInSortiment>\n\t\t\t\t\t<ean>0-55-48567-16-2</ean>\n\t\t\t\t\t<vkPreis>330</vkPreis>\n\t\t\t\t\t<preisRed>0</preisRed>\n\t\t\t\t\t<bestand>108</bestand>\n\t\t\t\t</prodInSortiment>\n\t\t\t\t<prodInSortiment>\n\t\t\t\t\t<ean>4-1161-730-3-88</ean>\n\t\t\t\t\t<vkPreis>510</vkPreis>\n\t\t\t\t\t<preisRed>0</preisRed>\n\t\t\t\t\t<bestand>66</bestand>\n\t\t\t\t</prodInSortiment>\n\t\t\t\t<prodInSortiment>\n\t\t\t\t\t<ean>5-6661-000-0-00</ean>\n\t\t\t\t\t<vkPreis>500</vkPreis>\n\t\t\t\t\t<preisRed>0</preisRed>\n\t\t\t\t\t<bestand>3</bestand>\n\t\t\t\t</prodInSortiment>\n\t\t\t\t<prodInSortiment>\n\t\t\t\t\t<ean>0-4381-880-7-00</ean>\n\t\t\t\t\t<vkPreis>1425</vkPreis>\n\t\t\t\t\t<preisRed>125</preisRed>\n\t\t\t\t\t<bestand>2</bestand>\n\t\t\t\t</prodInSortiment>\n\t\t\t\t<prodInSortiment>\n\t\t\t\t\t<ean>6-231-4777-3-15</ean>\n\t\t\t\t\t<vkPreis>525</vkPreis>\n\t\t\t\t\t<preisRed>25</preisRed>\n\t\t\t\t\t<bestand>12</bestand>\n\t\t\t\t</prodInSortiment>\n\t\t\t\t<prodInSortiment>\n\t\t\t\t\t<ean>0-456-4887-3-22</ean>\n\t\t\t\t\t<vkPreis>250</vkPreis>\n\t\t\t\t\t<preisRed>0</preisRed>\n\t\t\t\t\t<bestand>130</bestand>\n\t\t\t\t</prodInSortiment>\n\t\t\t\t<prodInSortiment>\n\t\t\t\t\t<ean>0-777-4997-2-43</ean>\n\t\t\t\t\t<vkPreis>160</vkPreis>\n\t\t\t\t\t<preisRed>0</preisRed>\n\t\t\t\t\t<bestand>150</bestand>\n\t\t\t\t</prodInSortiment>\n\t\t\t</sortiment>\n\t\t</filiale>\n\t\t<filiale filNr="6">\n\t\t\t<inhName>Huber</inhName>\n\t\t\t<strasse>Ring 2</strasse>\n\t\t\t<plz>1010</plz>\n\t\t\t<sortiment>\n\t\t\t\t<prodInSortiment>\n\t\t\t\t\t<ean>0-666-4567-2-22</ean>\n\t\t\t\t\t<vkPreis>70</vkPreis>\n\t\t\t\t\t<preisRed>11</preisRed>\n\t\t\t\t\t<bestand>100</bestand>\n\t\t\t\t</prodInSortiment>\n\t\t\t\t<prodInSortiment>\n\t\t\t\t\t<ean>1-333-7788-2-31</ean>\n\t\t\t\t\t<vkPreis>960</vkPreis>\n\t\t\t\t\t<preisRed>0</preisRed>\n\t\t\t\t\t<bestand>9</bestand>\n\t\t\t\t</prodInSortiment>\n\t\t\t\t<prodInSortiment>\n\t\t\t\t\t<ean>7-2881-760-3-70</ean>\n\t\t\t\t\t<vkPreis>1420</vkPreis>\n\t\t\t\t\t<preisRed>120</preisRed>\n\t\t\t\t\t<bestand>23</bestand>\n\t\t\t\t</prodInSortiment>\n\t\t\t\t<prodInSortiment>\n\t\t\t\t\t<ean>1-4444-652-8-88</ean>\n\t\t\t\t\t<vkPreis>4225</vkPreis>\n\t\t\t\t\t<preisRed>0</preisRed>\n\t\t\t\t\t<bestand>8</bestand>\n\t\t\t\t</prodInSortiment>\n\t\t\t\t<prodInSortiment>\n\t\t\t\t\t<ean>0-4381-880-7-00</ean>\n\t\t\t\t\t<vkPreis>1350</vkPreis>\n\t\t\t\t\t<preisRed>0</preisRed>\n\t\t\t\t\t<bestand>25</bestand>\n\t\t\t\t</prodInSortiment>\n\t\t\t\t<prodInSortiment>\n\t\t\t\t\t<ean>5-6661-000-0-00</ean>\n\t\t\t\t\t<vkPreis>553</vkPreis>\n\t\t\t\t\t<preisRed>23</preisRed>\n\t\t\t\t\t<bestand>11</bestand>\n\t\t\t\t</prodInSortiment>\n\t\t\t\t<prodInSortiment>\n\t\t\t\t\t<ean>3-1111-654-3-99</ean>\n\t\t\t\t\t<vkPreis>1300</vkPreis>\n\t\t\t\t\t<preisRed>0</preisRed>\n\t\t\t\t\t<bestand>7</bestand>\n\t\t\t\t</prodInSortiment>\n\t\t\t\t<prodInSortiment>\n\t\t\t\t\t<ean>5-2671-955-5-55</ean>\n\t\t\t\t\t<vkPreis>6800</vkPreis>\n\t\t\t\t\t<preisRed>0</preisRed>\n\t\t\t\t\t<bestand>12</bestand>\n\t\t\t\t</prodInSortiment>\n\t\t\t\t<prodInSortiment>\n\t\t\t\t\t<ean>9-396-7510-9-00</ean>\n\t\t\t\t\t<vkPreis>11500</vkPreis>\n\t\t\t\t\t<preisRed>0</preisRed>\n\t\t\t\t\t<bestand>15</bestand>\n\t\t\t\t</prodInSortiment>\n\t\t\t\t<prodInSortiment>\n\t\t\t\t\t<ean>1-256-7700-2-00</ean>\n\t\t\t\t\t<vkPreis>2109</vkPreis>\n\t\t\t\t\t<preisRed>0</preisRed>\n\t\t\t\t\t<bestand>0</bestand>\n\t\t\t\t</prodInSortiment>\n\t\t\t\t<prodInSortiment>\n\t\t\t\t\t<ean>0-777-4997-2-43</ean>\n\t\t\t\t\t<vkPreis>95</vkPreis>\n\t\t\t\t\t<preisRed>0</preisRed>\n\t\t\t\t\t<bestand>0</bestand>\n\t\t\t\t</prodInSortiment>\n\t\t\t\t<prodInSortiment>\n\t\t\t\t\t<ean>1-626-7767-2-99</ean>\n\t\t\t\t\t<vkPreis>380</vkPreis>\n\t\t\t\t\t<preisRed>25</preisRed>\n\t\t\t\t\t<bestand>100</bestand>\n\t\t\t\t</prodInSortiment>\n\t\t\t</sortiment>\n\t\t</filiale>\n\t</filialen>\n\t<kunden>\n\t\t<kunde kundeNr="11111">\n\t\t\t<name>Roller</name>\n\t\t\t<bonStufe>C</bonStufe>\n\t\t</kunde>\n\t\t<kunde kundeNr="15882">\n\t\t\t<name>Schieber</name>\n\t\t\t<bonStufe>B</bonStufe>\n\t\t</kunde>\n\t\t<kunde kundeNr="78436">\n\t\t\t<name>Flitzer</name>\n\t\t\t<bonStufe>A</bonStufe>\n\t\t</kunde>\n\t\t<kunde kundeNr="98077">\n\t\t\t<name>Sauser</name>\n\t\t\t<bonStufe>A</bonStufe>\n\t\t</kunde>\n\t\t<kunde kundeNr="24537">\n\t\t\t<name>Raser</name>\n\t\t\t<bonStufe>B</bonStufe>\n\t\t</kunde>\n\t\t<kunde kundeNr="13451">\n\t\t\t<name>Stuerzer</name>\n\t\t\t<bonStufe>C</bonStufe>\n\t\t</kunde>\n\t\t<kunde kundeNr="22221">\n\t\t\t<name>Bremser</name>\n\t\t\t<bonStufe>B</bonStufe>\n\t\t</kunde>\n\t\t<kunde kundeNr="99332">\n\t\t\t<name>Kuppler</name>\n\t\t\t<bonStufe>A</bonStufe>\n\t\t</kunde>\n\t\t<kunde kundeNr="67891">\n\t\t\t<name>Schleifer</name>\n\t\t\t<bonStufe>C</bonStufe>\n\t\t</kunde>\n\t\t<kunde kundeNr="95543">\n\t\t\t<name>Kurver</name>\n\t\t\t<bonStufe>B</bonStufe>\n\t\t</kunde>\n\t\t<kunde kundeNr="55789">\n\t\t\t<name>Schleuderer</name>\n\t\t\t<bonStufe>A</bonStufe>\n\t\t</kunde>\n\t\t<kunde kundeNr="87654">\n\t\t\t<name>Unfaller</name>\n\t\t\t<bonStufe>C</bonStufe>\n\t\t</kunde>\n\t\t<kunde kundeNr="77777">\n\t\t\t<name>Stenzer</name>\n\t\t\t<bonStufe>A</bonStufe>\n\t\t</kunde>\n\t</kunden>\n\t<rechnungen>\n\t\t<rechnung rechnungNr="10" datum="11.08.00">\n\t\t\t<bezahlt>Y</bezahlt>\n\t\t\t<kundeNr>11111</kundeNr>\n\t\t\t<filNr>1</filNr>\n\t\t\t<rposition>\n\t\t\t\t<ean>0-666-4567-2-22</ean>\n\t\t\t\t<einzelPreis>58</einzelPreis>\n\t\t\t\t<menge>5</menge>\n\t\t\t</rposition>\n\t\t</rechnung>\n\t\t<rechnung rechnungNr="11" datum="15.09.00">\n\t\t\t<bezahlt>Y</bezahlt>\n\t\t\t<kundeNr>11111</kundeNr>\n\t\t\t<filNr>1</filNr>\n\t\t\t<rposition>\n\t\t\t\t<ean>4-1161-730-3-88</ean>\n\t\t\t\t<einzelPreis>500</einzelPreis>\n\t\t\t\t<menge>2</menge>\n\t\t\t</rposition>\n\t\t</rechnung>\n\t\t<rechnung rechnungNr="12" datum="03.10.00">\n\t\t\t<bezahlt>Y</bezahlt>\n\t\t\t<kundeNr>11111</kundeNr>\n\t\t\t<filNr>6</filNr>\n\t\t\t<rposition>\n\t\t\t\t<ean>5-6661-000-0-00</ean>\n\t\t\t\t<einzelPreis>530</einzelPreis>\n\t\t\t\t<menge>3</menge>\n\t\t\t</rposition>\n\t\t\t<rposition>\n\t\t\t\t<ean>7-2881-760-3-70</ean>\n\t\t\t\t<einzelPreis>1300</einzelPreis>\n\t\t\t\t<menge>1</menge>\n\t\t\t</rposition>\n\t\t\t<rposition>\n\t\t\t\t<ean>0-4381-880-7-00</ean>\n\t\t\t\t<einzelPreis>1350</einzelPreis>\n\t\t\t\t<menge>1</menge>\n\t\t\t</rposition>\n\t\t</rechnung>\n\t\t<rechnung rechnungNr="13" datum="10.10.00">\n\t\t\t<bezahlt>N</bezahlt>\n\t\t\t<kundeNr>77777</kundeNr>\n\t\t\t<filNr>5</filNr>\n\t\t\t<rposition>\n\t\t\t\t<ean>5-6661-000-0-00</ean>\n\t\t\t\t<einzelPreis>500</einzelPreis>\n\t\t\t\t<menge>3</menge>\n\t\t\t</rposition>\n\t\t</rechnung>\n\t\t<rechnung rechnungNr="14" datum="20.10.00">\n\t\t\t<bezahlt>Y</bezahlt>\n\t\t\t<kundeNr>67891</kundeNr>\n\t\t\t<filNr>2</filNr>\n\t\t\t<rposition>\n\t\t\t\t<ean>3-1111-654-3-99</ean>\n\t\t\t\t<einzelPreis>1300</einzelPreis>\n\t\t\t\t<menge>2</menge>\n\t\t\t</rposition>\n\t\t</rechnung>\n\t\t<rechnung rechnungNr="15" datum="21.10.00">\n\t\t\t<bezahlt>Y</bezahlt>\n\t\t\t<kundeNr>87654</kundeNr>\n\t\t\t<filNr>4</filNr>\n\t\t\t<rposition>\n\t\t\t\t<ean>6-581-1766-3-45</ean>\n\t\t\t\t<einzelPreis>150</einzelPreis>\n\t\t\t\t<menge>1</menge>\n\t\t\t</rposition>\n\t\t</rechnung>\n\t\t<rechnung rechnungNr="16" datum="25.10.00">\n\t\t\t<bezahlt>N</bezahlt>\n\t\t\t<kundeNr>13451</kundeNr>\n\t\t\t<filNr>2</filNr>\n\t\t\t<rposition>\n\t\t\t\t<ean>0-55-48567-16-2</ean>\n\t\t\t\t<einzelPreis>390</einzelPreis>\n\t\t\t\t<menge>5</menge>\n\t\t\t</rposition>\n\t\t</rechnung>\n\t\t<rechnung rechnungNr="20" datum="11.08.00">\n\t\t\t<bezahlt>N</bezahlt>\n\t\t\t<kundeNr>15882</kundeNr>\n\t\t\t<filNr>1</filNr>\n\t\t\t<rposition>\n\t\t\t\t<ean>0-456-4887-3-22</ean>\n\t\t\t\t<einzelPreis>229</einzelPreis>\n\t\t\t\t<menge>1</menge>\n\t\t\t</rposition>\n\t\t\t<rposition>\n\t\t\t\t<ean>2-446-7240-9-15</ean>\n\t\t\t\t<einzelPreis>22500</einzelPreis>\n\t\t\t\t<menge>1</menge>\n\t\t\t</rposition>\n\t\t</rechnung>\n\t\t<rechnung rechnungNr="21" datum="15.09.00">\n\t\t\t<bezahlt>Y</bezahlt>\n\t\t\t<kundeNr>22221</kundeNr>\n\t\t\t<filNr>3</filNr>\n\t\t\t<rposition>\n\t\t\t\t<ean>5-2671-955-5-55</ean>\n\t\t\t\t<einzelPreis>6800</einzelPreis>\n\t\t\t\t<menge>1</menge>\n\t\t\t</rposition>\n\t\t</rechnung>\n\t\t<rechnung rechnungNr="22" datum="03.10.00">\n\t\t\t<bezahlt>Y</bezahlt>\n\t\t\t<kundeNr>95543</kundeNr>\n\t\t\t<filNr>5</filNr>\n\t\t\t<rposition>\n\t\t\t\t<ean>0-55-48567-16-2</ean>\n\t\t\t\t<einzelPreis>330</einzelPreis>\n\t\t\t\t<menge>2</menge>\n\t\t\t</rposition>\n\t\t</rechnung>\n\t\t<rechnung rechnungNr="23" datum="10.10.00">\n\t\t\t<bezahlt>Y</bezahlt>\n\t\t\t<kundeNr>99332</kundeNr>\n\t\t\t<filNr>2</filNr>\n\t\t\t<rposition>\n\t\t\t\t<ean>6-231-4777-3-15</ean>\n\t\t\t\t<einzelPreis>525</einzelPreis>\n\t\t\t\t<menge>3</menge>\n\t\t\t</rposition>\n\t\t\t<rposition>\n\t\t\t\t<ean>5-6661-000-0-00</ean>\n\t\t\t\t<einzelPreis>490</einzelPreis>\n\t\t\t\t<menge>5</menge>\n\t\t\t</rposition>\n\t\t\t<rposition>\n\t\t\t\t<ean>9-396-7510-9-00</ean>\n\t\t\t\t<einzelPreis>14000</einzelPreis>\n\t\t\t\t<menge>1</menge>\n\t\t\t</rposition>\n\t\t</rechnung>\n\t\t<rechnung rechnungNr="24" datum="20.10.00">\n\t\t\t<bezahlt>N</bezahlt>\n\t\t\t<kundeNr>15882</kundeNr>\n\t\t\t<filNr>3</filNr>\n\t\t\t<rposition>\n\t\t\t\t<ean>1-256-7700-2-00</ean>\n\t\t\t\t<einzelPreis>2200</einzelPreis>\n\t\t\t\t<menge>1</menge>\n\t\t\t</rposition>\n\t\t</rechnung>\n\t\t<rechnung rechnungNr="25" datum="21.10.00">\n\t\t\t<bezahlt>Y</bezahlt>\n\t\t\t<kundeNr>22221</kundeNr>\n\t\t\t<filNr>4</filNr>\n\t\t\t<rposition>\n\t\t\t\t<ean>5-2671-955-5-55</ean>\n\t\t\t\t<einzelPreis>6900</einzelPreis>\n\t\t\t\t<menge>1</menge>\n\t\t\t</rposition>\n\t\t</rechnung>\n\t\t<rechnung rechnungNr="26" datum="25.10.00">\n\t\t\t<bezahlt>Y</bezahlt>\n\t\t\t<kundeNr>99332</kundeNr>\n\t\t\t<filNr>1</filNr>\n\t\t\t<rposition>\n\t\t\t\t<ean>5-6661-000-0-00</ean>\n\t\t\t\t<einzelPreis>450</einzelPreis>\n\t\t\t\t<menge>1</menge>\n\t\t\t</rposition>\n\t\t</rechnung>\n\t\t<rechnung rechnungNr="30" datum="11.08.00">\n\t\t\t<bezahlt>Y</bezahlt>\n\t\t\t<kundeNr>24537</kundeNr>\n\t\t\t<filNr>1</filNr>\n\t\t\t<rposition>\n\t\t\t\t<ean>5-2671-955-5-55</ean>\n\t\t\t\t<einzelPreis>7000</einzelPreis>\n\t\t\t\t<menge>1</menge>\n\t\t\t</rposition>\n\t\t</rechnung>\n\t\t<rechnung rechnungNr="31" datum="15.09.00">\n\t\t\t<bezahlt>Y</bezahlt>\n\t\t\t<kundeNr>87654</kundeNr>\n\t\t\t<filNr>4</filNr>\n\t\t\t<rposition>\n\t\t\t\t<ean>9-396-7510-9-00</ean>\n\t\t\t\t<einzelPreis>12900</einzelPreis>\n\t\t\t\t<menge>1</menge>\n\t\t\t</rposition>\n\t\t\t<rposition>\n\t\t\t\t<ean>3-1111-654-3-99</ean>\n\t\t\t\t<einzelPreis>1600</einzelPreis>\n\t\t\t\t<menge>2</menge>\n\t\t\t</rposition>\n\t\t</rechnung>\n\t\t<rechnung rechnungNr="32" datum="20.10.00">\n\t\t\t<bezahlt>Y</bezahlt>\n\t\t\t<kundeNr>98077</kundeNr>\n\t\t\t<filNr>3</filNr>\n\t\t\t<rposition>\n\t\t\t\t<ean>5-6661-000-0-00</ean>\n\t\t\t\t<einzelPreis>380</einzelPreis>\n\t\t\t\t<menge>2</menge>\n\t\t\t</rposition>\n\t\t</rechnung>\n\t\t<rechnung rechnungNr="33" datum="21.10.00">\n\t\t\t<bezahlt>Y</bezahlt>\n\t\t\t<kundeNr>87654</kundeNr>\n\t\t\t<filNr>5</filNr>\n\t\t\t<rposition>\n\t\t\t\t<ean>6-231-4777-3-15</ean>\n\t\t\t\t<einzelPreis>500</einzelPreis>\n\t\t\t\t<menge>2</menge>\n\t\t\t</rposition>\n\t\t</rechnung>\n\t\t<rechnung rechnungNr="40" datum="11.08.00">\n\t\t\t<bezahlt>Y</bezahlt>\n\t\t\t<kundeNr>78436</kundeNr>\n\t\t\t<filNr>1</filNr>\n\t\t\t<rposition>\n\t\t\t\t<ean>6-581-1766-3-45</ean>\n\t\t\t\t<einzelPreis>200</einzelPreis>\n\t\t\t\t<menge>3</menge>\n\t\t\t</rposition>\n\t\t</rechnung>\n\t\t<rechnung rechnungNr="41" datum="20.10.00">\n\t\t\t<bezahlt>N</bezahlt>\n\t\t\t<kundeNr>78436</kundeNr>\n\t\t\t<filNr>3</filNr>\n\t\t\t<rposition>\n\t\t\t\t<ean>0-4381-880-7-00</ean>\n\t\t\t\t<einzelPreis>1100</einzelPreis>\n\t\t\t\t<menge>1</menge>\n\t\t\t</rposition>\n\t\t</rechnung>\n\t\t<rechnung rechnungNr="50" datum="11.08.00">\n\t\t\t<bezahlt>Y</bezahlt>\n\t\t\t<kundeNr>95543</kundeNr>\n\t\t\t<filNr>1</filNr>\n\t\t\t<rposition>\n\t\t\t\t<ean>9-396-7510-9-00</ean>\n\t\t\t\t<einzelPreis>12000</einzelPreis>\n\t\t\t\t<menge>1</menge>\n\t\t\t</rposition>\n\t\t\t<rposition>\n\t\t\t\t<ean>1-4444-652-8-88</ean>\n\t\t\t\t<einzelPreis>4500</einzelPreis>\n\t\t\t\t<menge>1</menge>\n\t\t\t</rposition>\n\t\t</rechnung>\n\t\t<rechnung rechnungNr="51" datum="20.10.00">\n\t\t\t<bezahlt>Y</bezahlt>\n\t\t\t<kundeNr>95543</kundeNr>\n\t\t\t<filNr>5</filNr>\n\t\t\t<rposition>\n\t\t\t\t<ean>4-1161-730-3-88</ean>\n\t\t\t\t<einzelPreis>510</einzelPreis>\n\t\t\t\t<menge>3</menge>\n\t\t\t</rposition>\n\t\t</rechnung>\n\t\t<rechnung rechnungNr="60" datum="11.08.00">\n\t\t\t<bezahlt>N</bezahlt>\n\t\t\t<kundeNr>13451</kundeNr>\n\t\t\t<filNr>2</filNr>\n\t\t\t<rposition>\n\t\t\t\t<ean>0-777-4997-2-43</ean>\n\t\t\t\t<einzelPreis>125</einzelPreis>\n\t\t\t\t<menge>3</menge>\n\t\t\t</rposition>\n\t\t</rechnung>\n\t\t<rechnung rechnungNr="61" datum="20.10.00">\n\t\t\t<bezahlt>N</bezahlt>\n\t\t\t<kundeNr>13451</kundeNr>\n\t\t\t<filNr>5</filNr>\n\t\t\t<rposition>\n\t\t\t\t<ean>5-6661-000-0-00</ean>\n\t\t\t\t<einzelPreis>500</einzelPreis>\n\t\t\t\t<menge>2</menge>\n\t\t\t</rposition>\n\t\t</rechnung>\n\t</rechnungen>\n</handelskette>\n	handelskette.xml
2	<db>\n\t<person nr="p1">\n\t\t<name>Deckere</name>\n\t\t<stand>ledig</stand>\n\t\t<beruf>Student</beruf>\n\t</person>\n\t<person nr="p2">\n\t\t<name>Meier</name>\n\t\t<stand>verheiratet</stand>\n\t\t<beruf>Maurer</beruf>\n\t</person>\n\t<person nr="p3">\n\t\t<name>Huber</name>\n\t\t<stand>ledig</stand>\n\t\t<beruf>Schlosser</beruf>\n\t</person>\n\t<person nr="p4">\n\t\t<name>Bauer</name>\n\t\t<stand>verwitwet</stand>\n\t\t<beruf>Beamter</beruf>\n\t</person>\n\t<person nr="p5">\n\t\t<name>Kaiser</name>\n\t\t<stand>verheiratet</stand>\n\t\t<beruf>Beamter</beruf>\n\t</person>\n\t<person nr="p6">\n\t\t<name>Richter</name>\n\t\t<stand>ledig</stand>\n\t\t<beruf>Anwalt</beruf>\n\t</person>\n\t<person nr="p7">\n\t\t<name>Weiss</name>\n\t\t<stand>ledig</stand>\n\t\t<beruf>Maler</beruf>\n\t</person>\n\t<person nr="p8">\n\t\t<name>Traxler</name>\n\t\t<stand>verheiratet</stand>\n\t\t<beruf>Student</beruf>\n\t</person>\n\t<person nr="p9">\n\t\t<name>Seyfried</name>\n\t\t<stand>ledig</stand>\n\t\t<beruf>Maurer</beruf>\n\t</person>\n\t<person nr="p10">\n\t\t<name>Weikinger</name>\n\t\t<stand>ledig</stand>\n\t\t<beruf>Lehrer</beruf>\n\t</person>\n\t<person nr="p11">\n\t\t<name>Rechberger</name>\n\t\t<stand>verheiratet</stand>\n\t\t<beruf>Hausmeister</beruf>\n\t</person>\n\t<person nr="p12">\n\t\t<name>Gangl</name>\n\t\t<stand>ledig</stand>\n\t\t<beruf>Hausmeister</beruf>\n\t</person>\n\t<person nr="p13">\n\t\t<name>Wallner</name>\n\t\t<stand>verwitwet</stand>\n\t\t<beruf>Beamter</beruf>\n\t</person>\n\t<person nr="p14">\n\t\t<name>Reiber</name>\n\t\t<stand>ledig</stand>\n\t\t<beruf>Student</beruf>\n\t</person>\n\t<mietet mieternr="p1" wohnnr="w2">\n\t\t<preis>500</preis>\n\t\t<von>01.01.1996</von>\n\t\t<bis>31.08.1999</bis>\n\t</mietet>\n\t<mietet mieternr="p8" wohnnr="w2">\n\t\t<preis>900</preis>\n\t\t<von>01.10.1999</von>\n\t\t<bis>31.12.2001</bis>\n\t</mietet>\n\t<mietet mieternr="p2" wohnnr="w7">\n\t\t<preis>950</preis>\n\t\t<von>01.01.1997</von>\n\t\t<bis>31.12.2099</bis>\n\t</mietet>\n\t<mietet mieternr="p6" wohnnr="w9">\n\t\t<preis>1500</preis>\n\t\t<von>01.04.1994</von>\n\t\t<bis>30.09.1999</bis>\n\t</mietet>\n\t<mietet mieternr="p11" wohnnr="w9">\n\t\t<preis>1600</preis>\n\t\t<von>01.10.1999</von>\n\t\t<bis>31.12.2099</bis>\n\t</mietet>\n\t<mietet mieternr="p9" wohnnr="w4">\n\t\t<preis>700</preis>\n\t\t<von>01.01.1997</von>\n\t\t<bis>28.02.1999</bis>\n\t</mietet>\n\t<mietet mieternr="p11" wohnnr="w4">\n\t\t<preis>650</preis>\n\t\t<von>01.03.1999</von>\n\t\t<bis>31.12.2099</bis>\n\t</mietet>\n\t<mietet mieternr="p5" wohnnr="w3">\n\t\t<preis>1100</preis>\n\t\t<von>01.01.1996</von>\n\t\t<bis>31.12.2099</bis>\n\t</mietet>\n\t<mietet mieternr="p8" wohnnr="w11">\n\t\t<preis>1100</preis>\n\t\t<von>01.05.1998</von>\n\t\t<bis>30.09.1999</bis>\n\t</mietet>\n\t<mietet mieternr="p9" wohnnr="w11">\n\t\t<preis>1200</preis>\n\t\t<von>01.01.2000</von>\n\t\t<bis>30.09.2001</bis>\n\t</mietet>\n\t<mietet mieternr="p9" wohnnr="w1">\n\t\t<preis>950</preis>\n\t\t<von>01.01.1996</von>\n\t\t<bis>31.12.2099</bis>\n\t</mietet>\n\t<mietet mieternr="p11" wohnnr="w6">\n\t\t<preis>1400</preis>\n\t\t<von>01.01.1996</von>\n\t\t<bis>01.08.1999</bis>\n\t</mietet>\n\t<mietet mieternr="p1" wohnnr="w13">\n\t\t<preis>2100</preis>\n\t\t<von>01.01.1990</von>\n\t\t<bis>31.12.1997</bis>\n\t</mietet>\n\t<mietet mieternr="p9" wohnnr="w13">\n\t\t<preis>2200</preis>\n\t\t<von>01.01.1998</von>\n\t\t<bis>31.12.2099</bis>\n\t</mietet>\n\t<mietet mieternr="p13" wohnnr="w5">\n\t\t<preis>1000</preis>\n\t\t<von>01.01.1996</von>\n\t\t<bis>31.08.2001</bis>\n\t</mietet>\n\t<mietet mieternr="p14" wohnnr="w12">\n\t\t<preis>1200</preis>\n\t\t<von>01.01.1996</von>\n\t\t<bis>31.01.2002</bis>\n\t</mietet>\n\t<wohnung nr="w1" eigentuemer="p6">\n\t\t<bezirk>4</bezirk>\n\t\t<gross>62</gross>\n\t</wohnung>\n\t<wohnung nr="w2" eigentuemer="p6">\n\t\t<bezirk>1</bezirk>\n\t\t<gross>100</gross>\n\t</wohnung>\n\t<wohnung nr="w3" eigentuemer="p4">\n\t\t<bezirk>1</bezirk>\n\t\t<gross>60</gross>\n\t</wohnung>\n\t<wohnung nr="w4" eigentuemer="p3">\n\t\t<bezirk>2</bezirk>\n\t\t<gross>80</gross>\n\t</wohnung>\n\t<wohnung nr="w5" eigentuemer="p7">\n\t\t<bezirk>5</bezirk>\n\t\t<gross>40</gross>\n\t</wohnung>\n\t<wohnung nr="w6" eigentuemer="p3">\n\t\t<bezirk>3</bezirk>\n\t\t<gross>100</gross>\n\t</wohnung>\n\t<wohnung nr="w7" eigentuemer="p5">\n\t\t<bezirk>4</bezirk>\n\t\t<gross>100</gross>\n\t</wohnung>\n\t<wohnung nr="w8" eigentuemer="p9">\n\t\t<bezirk>5</bezirk>\n\t\t<gross>40</gross>\n\t</wohnung>\n\t<wohnung nr="w9" eigentuemer="p10">\n\t\t<bezirk>5</bezirk>\n\t\t<gross>100</gross>\n\t</wohnung>\n\t<wohnung nr="w10" eigentuemer="p4">\n\t\t<bezirk>3</bezirk>\n\t\t<gross>30</gross>\n\t</wohnung>\n\t<wohnung nr="w11" eigentuemer="p7">\n\t\t<bezirk>3</bezirk>\n\t\t<gross>95</gross>\n\t</wohnung>\n\t<wohnung nr="w12" eigentuemer="p9">\n\t\t<bezirk>3</bezirk>\n\t\t<gross>50</gross>\n\t</wohnung>\n\t<wohnung nr="w13" eigentuemer="p10">\n\t\t<bezirk>4</bezirk>\n\t\t<gross>120</gross>\n\t</wohnung>\n</db>\n	wohnungen.xml\n
1009	<handelskette>\n\t<produkte>\n\t\t<produkt ean="0-666-4567-2-22">\n\t\t\t<bezeichnung>Autoschampoo</bezeichnung>\n\t\t\t<kategorie>Pflege</kategorie>\n\t\t\t<ekPreis>35</ekPreis>\n\t\t\t<listPreis>69</listPreis>\n\t\t</produkt>\n\t\t<produkt ean="0-777-4997-2-43">\n\t\t\t<bezeichnung>Glanzpolitur</bezeichnung>\n\t\t\t<kategorie>Pflege</kategorie>\n\t\t\t<ekPreis>70</ekPreis>\n\t\t\t<listPreis>119</listPreis>\n\t\t</produkt>\n\t\t<produkt ean="0-456-4887-3-22">\n\t\t\t<bezeichnung>Kaltwachs</bezeichnung>\n\t\t\t<kategorie>Pflege</kategorie>\n\t\t\t<ekPreis>90</ekPreis>\n\t\t\t<listPreis>199</listPreis>\n\t\t</produkt>\n\t\t<produkt ean="0-55-48567-16-2">\n\t\t\t<bezeichnung>Armaturenreiniger</bezeichnung>\n\t\t\t<kategorie>Pflege</kategorie>\n\t\t\t<ekPreis>115</ekPreis>\n\t\t\t<listPreis>333</listPreis>\n\t\t</produkt>\n\t\t<produkt ean="1-626-7767-2-99">\n\t\t\t<bezeichnung>Scheibenwischer</bezeichnung>\n\t\t\t<kategorie>Ersatz</kategorie>\n\t\t\t<ekPreis>390</ekPreis>\n\t\t\t<listPreis>400</listPreis>\n\t\t</produkt>\n\t\t<produkt ean="1-256-7700-2-00">\n\t\t\t<bezeichnung>Sportlenkrad</bezeichnung>\n\t\t\t<kategorie>Ersatz</kategorie>\n\t\t\t<ekPreis>1300</ekPreis>\n\t\t\t<listPreis>1999</listPreis>\n\t\t</produkt>\n\t\t<produkt ean="1-333-7788-2-31">\n\t\t\t<bezeichnung>Gaspedal</bezeichnung>\n\t\t\t<kategorie>Ersatz</kategorie>\n\t\t\t<ekPreis>800</ekPreis>\n\t\t\t<listPreis>960</listPreis>\n\t\t</produkt>\n\t\t<produkt ean="2-446-7240-9-15">\n\t\t\t<bezeichnung>Rennsitz</bezeichnung>\n\t\t\t<kategorie>Ersatz</kategorie>\n\t\t\t<ekPreis>18900</ekPreis>\n\t\t\t<listPreis>22999</listPreis>\n\t\t</produkt>\n\t\t<produkt ean="0-596-4628-0-00">\n\t\t\t<bezeichnung>Wagenheber</bezeichnung>\n\t\t\t<kategorie>Ersatz</kategorie>\n\t\t\t<ekPreis>890</ekPreis>\n\t\t\t<listPreis>1299</listPreis>\n\t\t</produkt>\n\t\t<produkt ean="9-396-7510-9-00">\n\t\t\t<bezeichnung>Chromfelge</bezeichnung>\n\t\t\t<kategorie>Ersatz</kategorie>\n\t\t\t<ekPreis>9000</ekPreis>\n\t\t\t<listPreis>12980</listPreis>\n\t\t</produkt>\n\t\t<produkt ean="3-211-1000-2-00">\n\t\t\t<bezeichnung>Sonnenschutz</bezeichnung>\n\t\t\t<kategorie>Ersatz</kategorie>\n\t\t\t<ekPreis>160</ekPreis>\n\t\t\t<listPreis>250</listPreis>\n\t\t</produkt>\n\t\t<produkt ean="7-2881-760-3-70">\n\t\t\t<bezeichnung>Schraubantenne</bezeichnung>\n\t\t\t<kategorie>Audio</kategorie>\n\t\t\t<ekPreis>965</ekPreis>\n\t\t\t<listPreis>1300</listPreis>\n\t\t</produkt>\n\t\t<produkt ean="5-2671-955-5-55">\n\t\t\t<bezeichnung>Autoradio</bezeichnung>\n\t\t\t<kategorie>Audio</kategorie>\n\t\t\t<ekPreis>5555</ekPreis>\n\t\t\t<listPreis>6800</listPreis>\n\t\t</produkt>\n\t\t<produkt ean="1-4444-652-8-88">\n\t\t\t<bezeichnung>CD-Wechsler</bezeichnung>\n\t\t\t<kategorie>Audio</kategorie>\n\t\t\t<ekPreis>2345</ekPreis>\n\t\t\t<listPreis>3999</listPreis>\n\t\t</produkt>\n\t\t<produkt ean="3-1111-654-3-99">\n\t\t\t<bezeichnung>Lautsprecher</bezeichnung>\n\t\t\t<kategorie>Audio</kategorie>\n\t\t\t<ekPreis>999</ekPreis>\n\t\t\t<listPreis>1599</listPreis>\n\t\t</produkt>\n\t\t<produkt ean="3-5674-904-5-13">\n\t\t\t<bezeichnung>Subwoofer</bezeichnung>\n\t\t\t<kategorie>Audio</kategorie>\n\t\t\t<ekPreis>1749</ekPreis>\n\t\t\t<listPreis>2279</listPreis>\n\t\t</produkt>\n\t\t<produkt ean="6-581-1766-3-45">\n\t\t\t<bezeichnung>Telefonhalter</bezeichnung>\n\t\t\t<kategorie>Sonstiges</kategorie>\n\t\t\t<ekPreis>130</ekPreis>\n\t\t\t<listPreis>225</listPreis>\n\t\t</produkt>\n\t\t<produkt ean="6-231-4777-3-15">\n\t\t\t<bezeichnung>Lenkradueberzug</bezeichnung>\n\t\t\t<kategorie>Sonstiges</kategorie>\n\t\t\t<ekPreis>125</ekPreis>\n\t\t\t<listPreis>529</listPreis>\n\t\t</produkt>\n\t\t<produkt ean="4-1161-730-3-88">\n\t\t\t<bezeichnung>Warndreieck</bezeichnung>\n\t\t\t<kategorie>Sonstiges</kategorie>\n\t\t\t<ekPreis>350</ekPreis>\n\t\t\t<listPreis>499</listPreis>\n\t\t</produkt>\n\t\t<produkt ean="0-4381-880-7-00">\n\t\t\t<bezeichnung>Verbandskasten DIN</bezeichnung>\n\t\t\t<kategorie>Sonstiges</kategorie>\n\t\t\t<ekPreis>965</ekPreis>\n\t\t\t<listPreis>999</listPreis>\n\t\t</produkt>\n\t\t<produkt ean="5-6661-000-0-00">\n\t\t\t<bezeichnung>Abschleppseil</bezeichnung>\n\t\t\t<kategorie>Sonstiges</kategorie>\n\t\t\t<ekPreis>225</ekPreis>\n\t\t\t<listPreis>475</listPreis>\n\t\t</produkt>\n\t</produkte>\n\t<filialen>\n\t\t<filiale filNr="1">\n\t\t\t<inhName>Leitner</inhName>\n\t\t\t<strasse>Strubergasse 3</strasse>\n\t\t\t<plz>4040</plz>\n\t\t\t<sortiment>\n\t\t\t\t<!--\n\t\t\t\t<prodInSortiment>\n\t\t\t\t\t<ean>0-666-4567-2-22</ean>\n\t\t\t\t\t<vkPreis>69</vkPreis>\n\t\t\t\t\t<preisRed>0</preisRed>\n\t\t\t\t\t<bestand>100</bestand>\n\t\t\t\t</prodInSortiment>\n\t\t\t\t-->\n\t\t\t\t<prodInSortiment>\n\t\t\t\t\t<ean>0-777-4997-2-43</ean>\n\t\t\t\t\t<vkPreis>120</vkPreis>\n\t\t\t\t\t<preisRed>30</preisRed>\n\t\t\t\t\t<bestand>150</bestand>\n\t\t\t\t</prodInSortiment>\n\t\t\t\t<prodInSortiment>\n\t\t\t\t\t<ean>0-456-4887-3-22</ean>\n\t\t\t\t\t<vkPreis>229</vkPreis>\n\t\t\t\t\t<preisRed>0</preisRed>\n\t\t\t\t\t<bestand>130</bestand>\n\t\t\t\t</prodInSortiment>\n\t\t\t\t<prodInSortiment>\n\t\t\t\t\t<ean>1-626-7767-2-99</ean>\n\t\t\t\t\t<vkPreis>420</vkPreis>\n\t\t\t\t\t<preisRed>10</preisRed>\n\t\t\t\t\t<bestand>100</bestand>\n\t\t\t\t</prodInSortiment>\n\t\t\t\t<prodInSortiment>\n\t\t\t\t\t<ean>1-333-7788-2-31</ean>\n\t\t\t\t\t<vkPreis>999</vkPreis>\n\t\t\t\t\t<preisRed>0</preisRed>\n\t\t\t\t\t<bestand>30</bestand>\n\t\t\t\t</prodInSortiment>\n\t\t\t\t<prodInSortiment>\n\t\t\t\t\t<ean>9-396-7510-9-00</ean>\n\t\t\t\t\t<vkPreis>13000</vkPreis>\n\t\t\t\t\t<preisRed>1000</preisRed>\n\t\t\t\t\t<bestand>15</bestand>\n\t\t\t\t</prodInSortiment>\n\t\t\t\t<prodInSortiment>\n\t\t\t\t\t<ean>5-2671-955-5-55</ean>\n\t\t\t\t\t<vkPreis>7000</vkPreis>\n\t\t\t\t\t<preisRed>0</preisRed>\n\t\t\t\t\t<bestand>12</bestand>\n\t\t\t\t</prodInSortiment>\n\t\t\t\t<prodInSortiment>\n\t\t\t\t\t<ean>3-1111-654-3-99</ean>\n\t\t\t\t\t<vkPreis>1700</vkPreis>\n\t\t\t\t\t<preisRed>0</preisRed>\n\t\t\t\t\t<bestand>7</bestand>\n\t\t\t\t</prodInSortiment>\n\t\t\t\t<prodInSortiment>\n\t\t\t\t\t<ean>6-231-4777-3-15</ean>\n\t\t\t\t\t<vkPreis>500</vkPreis>\n\t\t\t\t\t<preisRed>0</preisRed>\n\t\t\t\t\t<bestand>35</bestand>\n\t\t\t\t</prodInSortiment>\n\t\t\t\t<prodInSortiment>\n\t\t\t\t\t<ean>5-6661-000-0-00</ean>\n\t\t\t\t\t<vkPreis>450</vkPreis>\n\t\t\t\t\t<preisRed>0</preisRed>\n\t\t\t\t\t<bestand>11</bestand>\n\t\t\t\t</prodInSortiment>\n\t\t\t\t<prodInSortiment>\n\t\t\t\t\t<ean>0-4381-880-7-00</ean>\n\t\t\t\t\t<vkPreis>1250</vkPreis>\n\t\t\t\t\t<preisRed>250</preisRed>\n\t\t\t\t\t<bestand>85</bestand>\n\t\t\t\t</prodInSortiment>\n\t\t\t\t<prodInSortiment>\n\t\t\t\t\t<ean>4-1161-730-3-88</ean>\n\t\t\t\t\t<vkPreis>500</vkPreis>\n\t\t\t\t\t<preisRed>0</preisRed>\n\t\t\t\t\t<bestand>25</bestand>\n\t\t\t\t</prodInSortiment>\n\t\t\t\t<prodInSortiment>\n\t\t\t\t\t<ean>6-581-1766-3-45</ean>\n\t\t\t\t\t<vkPreis>200</vkPreis>\n\t\t\t\t\t<preisRed>0</preisRed>\n\t\t\t\t\t<bestand>40</bestand>\n\t\t\t\t</prodInSortiment>\n\t\t\t\t<prodInSortiment>\n\t\t\t\t\t<ean>1-4444-652-8-88</ean>\n\t\t\t\t\t<vkPreis>4500</vkPreis>\n\t\t\t\t\t<preisRed>0</preisRed>\n\t\t\t\t\t<bestand>4</bestand>\n\t\t\t\t</prodInSortiment>\n\t\t\t\t<prodInSortiment>\n\t\t\t\t\t<ean>7-2881-760-3-70</ean>\n\t\t\t\t\t<vkPreis>1500</vkPreis>\n\t\t\t\t\t<preisRed>0</preisRed>\n\t\t\t\t\t<bestand>23</bestand>\n\t\t\t\t</prodInSortiment>\n\t\t\t\t<prodInSortiment>\n\t\t\t\t\t<ean>2-446-7240-9-15</ean>\n\t\t\t\t\t<vkPreis>22500</vkPreis>\n\t\t\t\t\t<preisRed>0</preisRed>\n\t\t\t\t\t<bestand>7</bestand>\n\t\t\t\t</prodInSortiment>\n\t\t\t\t<prodInSortiment>\n\t\t\t\t\t<ean>1-256-7700-2-00</ean>\n\t\t\t\t\t<vkPreis>1999</vkPreis>\n\t\t\t\t\t<preisRed>0</preisRed>\n\t\t\t\t\t<bestand>30</bestand>\n\t\t\t\t</prodInSortiment>\n\t\t\t\t<prodInSortiment>\n\t\t\t\t\t<ean>0-55-48567-16-2</ean>\n\t\t\t\t\t<vkPreis>300</vkPreis>\n\t\t\t\t\t<preisRed>0</preisRed>\n\t\t\t\t\t<bestand>100</bestand>\n\t\t\t\t</prodInSortiment>\n\t\t\t</sortiment>\n\t\t</filiale>\n\t\t<filiale filNr="2">\n\t\t\t<inhName>Schraubner</inhName>\n\t\t\t<strasse>Blattallee 7</strasse>\n\t\t\t<plz>4040</plz>\n\t\t\t<sortiment>\n\t\t\t\t<prodInSortiment>\n\t\t\t\t\t<ean>0-666-4567-2-22</ean>\n\t\t\t\t\t<vkPreis>69</vkPreis>\n\t\t\t\t\t<preisRed>0</preisRed>\n\t\t\t\t\t<bestand>90</bestand>\n\t\t\t\t</prodInSortiment>\n\t\t\t\t<prodInSortiment>\n\t\t\t\t\t<ean>0-55-48567-16-2</ean>\n\t\t\t\t\t<vkPreis>390</vkPreis>\n\t\t\t\t\t<preisRed>0</preisRed>\n\t\t\t\t\t<bestand>100</bestand>\n\t\t\t\t</prodInSortiment>\n\t\t\t\t<prodInSortiment>\n\t\t\t\t\t<ean>1-256-7700-2-00</ean>\n\t\t\t\t\t<vkPreis>1900</vkPreis>\n\t\t\t\t\t<preisRed>0</preisRed>\n\t\t\t\t\t<bestand>40</bestand>\n\t\t\t\t</prodInSortiment>\n\t\t\t\t<prodInSortiment>\n\t\t\t\t\t<ean>9-396-7510-9-00</ean>\n\t\t\t\t\t<vkPreis>14000</vkPreis>\n\t\t\t\t\t<preisRed>0</preisRed>\n\t\t\t\t\t<bestand>25</bestand>\n\t\t\t\t</prodInSortiment>\n\t\t\t\t<prodInSortiment>\n\t\t\t\t\t<ean>5-2671-955-5-55</ean>\n\t\t\t\t\t<vkPreis>6800</vkPreis>\n\t\t\t\t\t<preisRed>250</preisRed>\n\t\t\t\t\t<bestand>9</bestand>\n\t\t\t\t</prodInSortiment>\n\t\t\t\t<prodInSortiment>\n\t\t\t\t\t<ean>3-1111-654-3-99</ean>\n\t\t\t\t\t<vkPreis>1500</vkPreis>\n\t\t\t\t\t<preisRed>125</preisRed>\n\t\t\t\t\t<bestand>1</bestand>\n\t\t\t\t</prodInSortiment>\n\t\t\t\t<prodInSortiment>\n\t\t\t\t\t<ean>5-6661-000-0-00</ean>\n\t\t\t\t\t<vkPreis>400</vkPreis>\n\t\t\t\t\t<preisRed>0</preisRed>\n\t\t\t\t\t<bestand>1</bestand>\n\t\t\t\t</prodInSortiment>\n\t\t\t\t<prodInSortiment>\n\t\t\t\t\t<ean>0-4381-880-7-00</ean>\n\t\t\t\t\t<vkPreis>1220</vkPreis>\n\t\t\t\t\t<preisRed>0</preisRed>\n\t\t\t\t\t<bestand>5</bestand>\n\t\t\t\t</prodInSortiment>\n\t\t\t\t<prodInSortiment>\n\t\t\t\t\t<ean>4-1161-730-3-88</ean>\n\t\t\t\t\t<vkPreis>500</vkPreis>\n\t\t\t\t\t<preisRed>11</preisRed>\n\t\t\t\t\t<bestand>8</bestand>\n\t\t\t\t</prodInSortiment>\n\t\t\t\t<prodInSortiment>\n\t\t\t\t\t<ean>6-231-4777-3-15</ean>\n\t\t\t\t\t<vkPreis>530</vkPreis>\n\t\t\t\t\t<preisRed>0</preisRed>\n\t\t\t\t\t<bestand>0</bestand>\n\t\t\t\t</prodInSortiment>\n\t\t\t\t<prodInSortiment>\n\t\t\t\t\t<ean>6-581-1766-3-45</ean>\n\t\t\t\t\t<vkPreis>230</vkPreis>\n\t\t\t\t\t<preisRed>0</preisRed>\n\t\t\t\t\t<bestand>44</bestand>\n\t\t\t\t</prodInSortiment>\n\t\t\t\t<prodInSortiment>\n\t\t\t\t\t<ean>1-4444-652-8-88</ean>\n\t\t\t\t\t<vkPreis>4000</vkPreis>\n\t\t\t\t\t<preisRed>0</preisRed>\n\t\t\t\t\t<bestand>3</bestand>\n\t\t\t\t</prodInSortiment>\n\t\t\t\t<prodInSortiment>\n\t\t\t\t\t<ean>7-2881-760-3-70</ean>\n\t\t\t\t\t<vkPreis>1300</vkPreis>\n\t\t\t\t\t<preisRed>0</preisRed>\n\t\t\t\t\t<bestand>9</bestand>\n\t\t\t\t</prodInSortiment>\n\t\t\t\t<prodInSortiment>\n\t\t\t\t\t<ean>2-446-7240-9-15</ean>\n\t\t\t\t\t<vkPreis>21999</vkPreis>\n\t\t\t\t\t<preisRed>0</preisRed>\n\t\t\t\t\t<bestand>0</bestand>\n\t\t\t\t</prodInSortiment>\n\t\t\t\t<prodInSortiment>\n\t\t\t\t\t<ean>1-626-7767-2-99</ean>\n\t\t\t\t\t<vkPreis>400</vkPreis>\n\t\t\t\t\t<preisRed>0</preisRed>\n\t\t\t\t\t<bestand>110</bestand>\n\t\t\t\t</prodInSortiment>\n\t\t\t\t<prodInSortiment>\n\t\t\t\t\t<ean>0-456-4887-3-22</ean>\n\t\t\t\t\t<vkPreis>200</vkPreis>\n\t\t\t\t\t<preisRed>0</preisRed>\n\t\t\t\t\t<bestand>120</bestand>\n\t\t\t\t</prodInSortiment>\n\t\t\t\t<prodInSortiment>\n\t\t\t\t\t<ean>0-777-4997-2-43</ean>\n\t\t\t\t\t<vkPreis>125</vkPreis>\n\t\t\t\t\t<preisRed>0</preisRed>\n\t\t\t\t\t<bestand>155</bestand>\n\t\t\t\t</prodInSortiment>\n\t\t\t</sortiment>\n\t\t</filiale>\n\t\t<filiale filNr="3">\n\t\t\t<inhName>Rathgeb</inhName>\n\t\t\t<strasse>Hauptstrasse 22</strasse>\n\t\t\t<plz>5020</plz>\n\t\t\t<sortiment>\n\t\t\t\t<prodInSortiment>\n\t\t\t\t\t<ean>0-666-4567-2-22</ean>\n\t\t\t\t\t<vkPreis>90</vkPreis>\n\t\t\t\t\t<preisRed>0</preisRed>\n\t\t\t\t\t<bestand>85</bestand>\n\t\t\t\t</prodInSortiment>\n\t\t\t\t<prodInSortiment>\n\t\t\t\t\t<ean>9-396-7510-9-00</ean>\n\t\t\t\t\t<vkPreis>13800</vkPreis>\n\t\t\t\t\t<preisRed>0</preisRed>\n\t\t\t\t\t<bestand>5</bestand>\n\t\t\t\t</prodInSortiment>\n\t\t\t\t<prodInSortiment>\n\t\t\t\t\t<ean>5-2671-955-5-55</ean>\n\t\t\t\t\t<vkPreis>6800</vkPreis>\n\t\t\t\t\t<preisRed>0</preisRed>\n\t\t\t\t\t<bestand>0</bestand>\n\t\t\t\t</prodInSortiment>\n\t\t\t\t<prodInSortiment>\n\t\t\t\t\t<ean>6-581-1766-3-45</ean>\n\t\t\t\t\t<vkPreis>230</vkPreis>\n\t\t\t\t\t<preisRed>0</preisRed>\n\t\t\t\t\t<bestand>14</bestand>\n\t\t\t\t</prodInSortiment>\n\t\t\t\t<prodInSortiment>\n\t\t\t\t\t<ean>5-6661-000-0-00</ean>\n\t\t\t\t\t<vkPreis>380</vkPreis>\n\t\t\t\t\t<preisRed>0</preisRed>\n\t\t\t\t\t<bestand>4</bestand>\n\t\t\t\t</prodInSortiment>\n\t\t\t\t<prodInSortiment>\n\t\t\t\t\t<ean>0-4381-880-7-00</ean>\n\t\t\t\t\t<vkPreis>1211</vkPreis>\n\t\t\t\t\t<preisRed>0</preisRed>\n\t\t\t\t\t<bestand>4</bestand>\n\t\t\t\t</prodInSortiment>\n\t\t\t\t<prodInSortiment>\n\t\t\t\t\t<ean>6-231-4777-3-15</ean>\n\t\t\t\t\t<vkPreis>530</vkPreis>\n\t\t\t\t\t<preisRed>0</preisRed>\n\t\t\t\t\t<bestand>4</bestand>\n\t\t\t\t</prodInSortiment>\n\t\t\t\t<prodInSortiment>\n\t\t\t\t\t<ean>1-4444-652-8-88</ean>\n\t\t\t\t\t<vkPreis>3999</vkPreis>\n\t\t\t\t\t<preisRed>0</preisRed>\n\t\t\t\t\t<bestand>0</bestand>\n\t\t\t\t</prodInSortiment>\n\t\t\t\t<prodInSortiment>\n\t\t\t\t\t<ean>7-2881-760-3-70</ean>\n\t\t\t\t\t<vkPreis>1300</vkPreis>\n\t\t\t\t\t<preisRed>0</preisRed>\n\t\t\t\t\t<bestand>0</bestand>\n\t\t\t\t</prodInSortiment>\n\t\t\t\t<prodInSortiment>\n\t\t\t\t\t<ean>1-256-7700-2-00</ean>\n\t\t\t\t\t<vkPreis>1900</vkPreis>\n\t\t\t\t\t<preisRed>0</preisRed>\n\t\t\t\t\t<bestand>10</bestand>\n\t\t\t\t</prodInSortiment>\n\t\t\t\t<prodInSortiment>\n\t\t\t\t\t<ean>0-456-4887-3-22</ean>\n\t\t\t\t\t<vkPreis>199</vkPreis>\n\t\t\t\t\t<preisRed>0</preisRed>\n\t\t\t\t\t<bestand>80</bestand>\n\t\t\t\t</prodInSortiment>\n\t\t\t\t<prodInSortiment>\n\t\t\t\t\t<ean>0-55-48567-16-2</ean>\n\t\t\t\t\t<vkPreis>390</vkPreis>\n\t\t\t\t\t<preisRed>0</preisRed>\n\t\t\t\t\t<bestand>90</bestand>\n\t\t\t\t</prodInSortiment>\n\t\t\t\t<prodInSortiment>\n\t\t\t\t\t<ean>1-626-7767-2-99</ean>\n\t\t\t\t\t<vkPreis>400</vkPreis>\n\t\t\t\t\t<preisRed>0</preisRed>\n\t\t\t\t\t<bestand>50</bestand>\n\t\t\t\t</prodInSortiment>\n\t\t\t</sortiment>\n\t\t</filiale>\n\t\t<filiale filNr="4">\n\t\t\t<inhName>Fiedler</inhName>\n\t\t\t<strasse>Feldweg 8</strasse>\n\t\t\t<plz>4040</plz>\n\t\t\t<sortiment>\n\t\t\t\t<prodInSortiment>\n\t\t\t\t\t<ean>0-666-4567-2-22</ean>\n\t\t\t\t\t<vkPreis>23</vkPreis>\n\t\t\t\t\t<preisRed>4</preisRed>\n\t\t\t\t\t<bestand>200</bestand>\n\t\t\t\t</prodInSortiment>\n\t\t\t\t<prodInSortiment>\n\t\t\t\t\t<ean>2-446-7240-9-15</ean>\n\t\t\t\t\t<vkPreis>22480</vkPreis>\n\t\t\t\t\t<preisRed>0</preisRed>\n\t\t\t\t\t<bestand>6</bestand>\n\t\t\t\t</prodInSortiment>\n\t\t\t\t<prodInSortiment>\n\t\t\t\t\t<ean>5-2671-955-5-55</ean>\n\t\t\t\t\t<vkPreis>6900</vkPreis>\n\t\t\t\t\t<preisRed>0</preisRed>\n\t\t\t\t\t<bestand>34</bestand>\n\t\t\t\t</prodInSortiment>\n\t\t\t\t<prodInSortiment>\n\t\t\t\t\t<ean>3-1111-654-3-99</ean>\n\t\t\t\t\t<vkPreis>1600</vkPreis>\n\t\t\t\t\t<preisRed>0</preisRed>\n\t\t\t\t\t<bestand>7</bestand>\n\t\t\t\t</prodInSortiment>\n\t\t\t\t<prodInSortiment>\n\t\t\t\t\t<ean>6-581-1766-3-45</ean>\n\t\t\t\t\t<vkPreis>200</vkPreis>\n\t\t\t\t\t<preisRed>20</preisRed>\n\t\t\t\t\t<bestand>9</bestand>\n\t\t\t\t</prodInSortiment>\n\t\t\t\t<prodInSortiment>\n\t\t\t\t\t<ean>1-4444-652-8-88</ean>\n\t\t\t\t\t<vkPreis>4490</vkPreis>\n\t\t\t\t\t<preisRed>0</preisRed>\n\t\t\t\t\t<bestand>5</bestand>\n\t\t\t\t</prodInSortiment>\n\t\t\t\t<prodInSortiment>\n\t\t\t\t\t<ean>7-2881-760-3-70</ean>\n\t\t\t\t\t<vkPreis>1300</vkPreis>\n\t\t\t\t\t<preisRed>111</preisRed>\n\t\t\t\t\t<bestand>5</bestand>\n\t\t\t\t</prodInSortiment>\n\t\t\t\t<prodInSortiment>\n\t\t\t\t\t<ean>9-396-7510-9-00</ean>\n\t\t\t\t\t<vkPreis>12900</vkPreis>\n\t\t\t\t\t<preisRed>0</preisRed>\n\t\t\t\t\t<bestand>2</bestand>\n\t\t\t\t</prodInSortiment>\n\t\t\t</sortiment>\n\t\t</filiale>\n\t\t<filiale filNr="5">\n\t\t\t<inhName>Hauser</inhName>\n\t\t\t<strasse>Klessheimer Allee 6</strasse>\n\t\t\t<plz>5020</plz>\n\t\t\t<sortiment>\n\t\t\t\t<prodInSortiment>\n\t\t\t\t\t<ean>0-666-4567-2-22</ean>\n\t\t\t\t\t<vkPreis>80</vkPreis>\n\t\t\t\t\t<preisRed>5</preisRed>\n\t\t\t\t\t<bestand>0</bestand>\n\t\t\t\t</prodInSortiment>\n\t\t\t\t<!--\n\t\t\t\t<prodInSortiment>\n\t\t\t\t\t<ean>9-396-7510-9-00</ean>\n\t\t\t\t\t<vkPreis>58</vkPreis>\n\t\t\t\t\t<preisRed>2</preisRed>\n\t\t\t\t\t<bestand>120</bestand>\n\t\t\t\t</prodInSortiment>\n\t\t\t\t-->\n\t\t\t\t<prodInSortiment>\n\t\t\t\t\t<ean>0-55-48567-16-2</ean>\n\t\t\t\t\t<vkPreis>330</vkPreis>\n\t\t\t\t\t<preisRed>0</preisRed>\n\t\t\t\t\t<bestand>108</bestand>\n\t\t\t\t</prodInSortiment>\n\t\t\t\t<prodInSortiment>\n\t\t\t\t\t<ean>4-1161-730-3-88</ean>\n\t\t\t\t\t<vkPreis>510</vkPreis>\n\t\t\t\t\t<preisRed>0</preisRed>\n\t\t\t\t\t<bestand>66</bestand>\n\t\t\t\t</prodInSortiment>\n\t\t\t\t<prodInSortiment>\n\t\t\t\t\t<ean>5-6661-000-0-00</ean>\n\t\t\t\t\t<vkPreis>500</vkPreis>\n\t\t\t\t\t<preisRed>0</preisRed>\n\t\t\t\t\t<bestand>3</bestand>\n\t\t\t\t</prodInSortiment>\n\t\t\t\t<prodInSortiment>\n\t\t\t\t\t<ean>0-4381-880-7-00</ean>\n\t\t\t\t\t<vkPreis>1425</vkPreis>\n\t\t\t\t\t<preisRed>125</preisRed>\n\t\t\t\t\t<bestand>2</bestand>\n\t\t\t\t</prodInSortiment>\n\t\t\t\t<prodInSortiment>\n\t\t\t\t\t<ean>6-231-4777-3-15</ean>\n\t\t\t\t\t<vkPreis>525</vkPreis>\n\t\t\t\t\t<preisRed>25</preisRed>\n\t\t\t\t\t<bestand>12</bestand>\n\t\t\t\t</prodInSortiment>\n\t\t\t\t<prodInSortiment>\n\t\t\t\t\t<ean>0-456-4887-3-22</ean>\n\t\t\t\t\t<vkPreis>250</vkPreis>\n\t\t\t\t\t<preisRed>0</preisRed>\n\t\t\t\t\t<bestand>130</bestand>\n\t\t\t\t</prodInSortiment>\n\t\t\t\t<prodInSortiment>\n\t\t\t\t\t<ean>0-777-4997-2-43</ean>\n\t\t\t\t\t<vkPreis>160</vkPreis>\n\t\t\t\t\t<preisRed>0</preisRed>\n\t\t\t\t\t<bestand>150</bestand>\n\t\t\t\t</prodInSortiment>\n\t\t\t</sortiment>\n\t\t</filiale>\n\t\t<filiale filNr="6">\n\t\t\t<inhName>Huber</inhName>\n\t\t\t<strasse>Ring 2</strasse>\n\t\t\t<plz>1010</plz>\n\t\t\t<sortiment>\n\t\t\t\t<prodInSortiment>\n\t\t\t\t\t<ean>0-666-4567-2-22</ean>\n\t\t\t\t\t<vkPreis>70</vkPreis>\n\t\t\t\t\t<preisRed>11</preisRed>\n\t\t\t\t\t<bestand>100</bestand>\n\t\t\t\t</prodInSortiment>\n\t\t\t\t<prodInSortiment>\n\t\t\t\t\t<ean>1-333-7788-2-31</ean>\n\t\t\t\t\t<vkPreis>960</vkPreis>\n\t\t\t\t\t<preisRed>0</preisRed>\n\t\t\t\t\t<bestand>9</bestand>\n\t\t\t\t</prodInSortiment>\n\t\t\t\t<prodInSortiment>\n\t\t\t\t\t<ean>7-2881-760-3-70</ean>\n\t\t\t\t\t<vkPreis>1420</vkPreis>\n\t\t\t\t\t<preisRed>120</preisRed>\n\t\t\t\t\t<bestand>23</bestand>\n\t\t\t\t</prodInSortiment>\n\t\t\t\t<prodInSortiment>\n\t\t\t\t\t<ean>1-4444-652-8-88</ean>\n\t\t\t\t\t<vkPreis>4225</vkPreis>\n\t\t\t\t\t<preisRed>0</preisRed>\n\t\t\t\t\t<bestand>8</bestand>\n\t\t\t\t</prodInSortiment>\n\t\t\t\t<prodInSortiment>\n\t\t\t\t\t<ean>0-4381-880-7-00</ean>\n\t\t\t\t\t<vkPreis>1350</vkPreis>\n\t\t\t\t\t<preisRed>0</preisRed>\n\t\t\t\t\t<bestand>25</bestand>\n\t\t\t\t</prodInSortiment>\n\t\t\t\t<prodInSortiment>\n\t\t\t\t\t<ean>5-6661-000-0-00</ean>\n\t\t\t\t\t<vkPreis>553</vkPreis>\n\t\t\t\t\t<preisRed>23</preisRed>\n\t\t\t\t\t<bestand>11</bestand>\n\t\t\t\t</prodInSortiment>\n\t\t\t\t<prodInSortiment>\n\t\t\t\t\t<ean>3-1111-654-3-99</ean>\n\t\t\t\t\t<vkPreis>1300</vkPreis>\n\t\t\t\t\t<preisRed>0</preisRed>\n\t\t\t\t\t<bestand>7</bestand>\n\t\t\t\t</prodInSortiment>\n\t\t\t\t<prodInSortiment>\n\t\t\t\t\t<ean>5-2671-955-5-55</ean>\n\t\t\t\t\t<vkPreis>6800</vkPreis>\n\t\t\t\t\t<preisRed>0</preisRed>\n\t\t\t\t\t<bestand>12</bestand>\n\t\t\t\t</prodInSortiment>\n\t\t\t\t<prodInSortiment>\n\t\t\t\t\t<ean>9-396-7510-9-00</ean>\n\t\t\t\t\t<vkPreis>11500</vkPreis>\n\t\t\t\t\t<preisRed>0</preisRed>\n\t\t\t\t\t<bestand>15</bestand>\n\t\t\t\t</prodInSortiment>\n\t\t\t\t<prodInSortiment>\n\t\t\t\t\t<ean>1-256-7700-2-00</ean>\n\t\t\t\t\t<vkPreis>2109</vkPreis>\n\t\t\t\t\t<preisRed>0</preisRed>\n\t\t\t\t\t<bestand>0</bestand>\n\t\t\t\t</prodInSortiment>\n\t\t\t\t<prodInSortiment>\n\t\t\t\t\t<ean>0-777-4997-2-43</ean>\n\t\t\t\t\t<vkPreis>95</vkPreis>\n\t\t\t\t\t<preisRed>0</preisRed>\n\t\t\t\t\t<bestand>0</bestand>\n\t\t\t\t</prodInSortiment>\n\t\t\t\t<prodInSortiment>\n\t\t\t\t\t<ean>1-626-7767-2-99</ean>\n\t\t\t\t\t<vkPreis>380</vkPreis>\n\t\t\t\t\t<preisRed>25</preisRed>\n\t\t\t\t\t<bestand>100</bestand>\n\t\t\t\t</prodInSortiment>\n\t\t\t</sortiment>\n\t\t</filiale>\n\t</filialen>\n\t<kunden>\n\t\t<kunde kundeNr="11111">\n\t\t\t<name>Roller</name>\n\t\t\t<bonStufe>C</bonStufe>\n\t\t</kunde>\n\t\t<kunde kundeNr="15882">\n\t\t\t<name>Schieber</name>\n\t\t\t<bonStufe>B</bonStufe>\n\t\t</kunde>\n\t\t<kunde kundeNr="78436">\n\t\t\t<name>Flitzer</name>\n\t\t\t<bonStufe>A</bonStufe>\n\t\t</kunde>\n\t\t<kunde kundeNr="98077">\n\t\t\t<name>Sauser</name>\n\t\t\t<bonStufe>A</bonStufe>\n\t\t</kunde>\n\t\t<kunde kundeNr="24537">\n\t\t\t<name>Raser</name>\n\t\t\t<bonStufe>B</bonStufe>\n\t\t</kunde>\n\t\t<kunde kundeNr="13451">\n\t\t\t<name>Stuerzer</name>\n\t\t\t<bonStufe>C</bonStufe>\n\t\t</kunde>\n\t\t<kunde kundeNr="22221">\n\t\t\t<name>Bremser</name>\n\t\t\t<bonStufe>B</bonStufe>\n\t\t</kunde>\n\t\t<kunde kundeNr="99332">\n\t\t\t<name>Kuppler</name>\n\t\t\t<bonStufe>A</bonStufe>\n\t\t</kunde>\n\t\t<kunde kundeNr="67891">\n\t\t\t<name>Schleifer</name>\n\t\t\t<bonStufe>C</bonStufe>\n\t\t</kunde>\n\t\t<kunde kundeNr="95543">\n\t\t\t<name>Kurver</name>\n\t\t\t<bonStufe>B</bonStufe>\n\t\t</kunde>\n\t\t<kunde kundeNr="55789">\n\t\t\t<name>Schleuderer</name>\n\t\t\t<bonStufe>A</bonStufe>\n\t\t</kunde>\n\t\t<kunde kundeNr="87654">\n\t\t\t<name>Unfaller</name>\n\t\t\t<bonStufe>C</bonStufe>\n\t\t</kunde>\n\t\t<!--\n\t\t<kunde kundeNr="77777">\n\t\t\t<name>Stenzer</name>\n\t\t\t<bonStufe>A</bonStufe>\n\t\t</kunde>\n\t\t-->\n\t</kunden>\n\t<rechnungen>\n\t\t<!--\n\t\t<rechnung rechnungNr="10" datum="11.08.00">\n\t\t\t<bezahlt>Y</bezahlt>\n\t\t\t<kundeNr>11111</kundeNr>\n\t\t\t<filNr>1</filNr>\n\t\t\t<rposition>\n\t\t\t\t<ean>0-666-4567-2-22</ean>\n\t\t\t\t<einzelPreis>58</einzelPreis>\n\t\t\t\t<menge>5</menge>\n\t\t\t</rposition>\n\t\t</rechnung>\n\t\t-->\n\t\t<rechnung rechnungNr="11" datum="15.09.00">\n\t\t\t<bezahlt>Y</bezahlt>\n\t\t\t<kundeNr>11111</kundeNr>\n\t\t\t<filNr>1</filNr>\n\t\t\t<rposition>\n\t\t\t\t<ean>4-1161-730-3-88</ean>\n\t\t\t\t<einzelPreis>500</einzelPreis>\n\t\t\t\t<menge>2</menge>\n\t\t\t</rposition>\n\t\t</rechnung>\n\t\t<rechnung rechnungNr="12" datum="03.10.00">\n\t\t\t<bezahlt>Y</bezahlt>\n\t\t\t<kundeNr>11111</kundeNr>\n\t\t\t<filNr>6</filNr>\n\t\t\t<rposition>\n\t\t\t\t<ean>5-6661-000-0-00</ean>\n\t\t\t\t<einzelPreis>530</einzelPreis>\n\t\t\t\t<menge>3</menge>\n\t\t\t</rposition>\n\t\t\t<rposition>\n\t\t\t\t<ean>7-2881-760-3-70</ean>\n\t\t\t\t<einzelPreis>1300</einzelPreis>\n\t\t\t\t<menge>1</menge>\n\t\t\t</rposition>\n\t\t\t<rposition>\n\t\t\t\t<ean>0-4381-880-7-00</ean>\n\t\t\t\t<einzelPreis>1350</einzelPreis>\n\t\t\t\t<menge>1</menge>\n\t\t\t</rposition>\n\t\t</rechnung>\n\t\t<rechnung rechnungNr="13" datum="10.10.00">\n\t\t\t<bezahlt>N</bezahlt>\n\t\t\t<kundeNr>77777</kundeNr>\n\t\t\t<filNr>5</filNr>\n\t\t\t<rposition>\n\t\t\t\t<ean>5-6661-000-0-00</ean>\n\t\t\t\t<einzelPreis>500</einzelPreis>\n\t\t\t\t<menge>3</menge>\n\t\t\t</rposition>\n\t\t</rechnung>\n\t\t<rechnung rechnungNr="14" datum="20.10.00">\n\t\t\t<bezahlt>Y</bezahlt>\n\t\t\t<kundeNr>67891</kundeNr>\n\t\t\t<filNr>2</filNr>\n\t\t\t<rposition>\n\t\t\t\t<ean>3-1111-654-3-99</ean>\n\t\t\t\t<einzelPreis>1300</einzelPreis>\n\t\t\t\t<menge>2</menge>\n\t\t\t</rposition>\n\t\t</rechnung>\n\t\t<rechnung rechnungNr="15" datum="21.10.00">\n\t\t\t<bezahlt>Y</bezahlt>\n\t\t\t<kundeNr>87654</kundeNr>\n\t\t\t<filNr>4</filNr>\n\t\t\t<rposition>\n\t\t\t\t<ean>6-581-1766-3-45</ean>\n\t\t\t\t<einzelPreis>150</einzelPreis>\n\t\t\t\t<menge>1</menge>\n\t\t\t</rposition>\n\t\t</rechnung>\n\t\t<rechnung rechnungNr="16" datum="25.10.00">\n\t\t\t<bezahlt>N</bezahlt>\n\t\t\t<kundeNr>13451</kundeNr>\n\t\t\t<filNr>2</filNr>\n\t\t\t<rposition>\n\t\t\t\t<ean>0-55-48567-16-2</ean>\n\t\t\t\t<einzelPreis>390</einzelPreis>\n\t\t\t\t<menge>5</menge>\n\t\t\t</rposition>\n\t\t</rechnung>\n\t\t<rechnung rechnungNr="20" datum="11.08.00">\n\t\t\t<bezahlt>N</bezahlt>\n\t\t\t<kundeNr>15882</kundeNr>\n\t\t\t<filNr>1</filNr>\n\t\t\t<rposition>\n\t\t\t\t<ean>0-456-4887-3-22</ean>\n\t\t\t\t<einzelPreis>229</einzelPreis>\n\t\t\t\t<menge>1</menge>\n\t\t\t</rposition>\n\t\t\t<rposition>\n\t\t\t\t<ean>2-446-7240-9-15</ean>\n\t\t\t\t<einzelPreis>22500</einzelPreis>\n\t\t\t\t<menge>1</menge>\n\t\t\t</rposition>\n\t\t</rechnung>\n\t\t<rechnung rechnungNr="21" datum="15.09.00">\n\t\t\t<bezahlt>Y</bezahlt>\n\t\t\t<kundeNr>22221</kundeNr>\n\t\t\t<filNr>3</filNr>\n\t\t\t<rposition>\n\t\t\t\t<ean>5-2671-955-5-55</ean>\n\t\t\t\t<einzelPreis>6800</einzelPreis>\n\t\t\t\t<menge>1</menge>\n\t\t\t</rposition>\n\t\t</rechnung>\n\t\t<rechnung rechnungNr="22" datum="03.10.00">\n\t\t\t<bezahlt>Y</bezahlt>\n\t\t\t<kundeNr>95543</kundeNr>\n\t\t\t<filNr>5</filNr>\n\t\t\t<rposition>\n\t\t\t\t<ean>0-55-48567-16-2</ean>\n\t\t\t\t<einzelPreis>330</einzelPreis>\n\t\t\t\t<menge>2</menge>\n\t\t\t</rposition>\n\t\t</rechnung>\n\t\t<rechnung rechnungNr="23" datum="10.10.00">\n\t\t\t<bezahlt>Y</bezahlt>\n\t\t\t<kundeNr>99332</kundeNr>\n\t\t\t<filNr>2</filNr>\n\t\t\t<rposition>\n\t\t\t\t<ean>6-231-4777-3-15</ean>\n\t\t\t\t<einzelPreis>525</einzelPreis>\n\t\t\t\t<menge>3</menge>\n\t\t\t</rposition>\n\t\t\t<rposition>\n\t\t\t\t<ean>5-6661-000-0-00</ean>\n\t\t\t\t<einzelPreis>490</einzelPreis>\n\t\t\t\t<menge>5</menge>\n\t\t\t</rposition>\n\t\t\t<rposition>\n\t\t\t\t<ean>9-396-7510-9-00</ean>\n\t\t\t\t<einzelPreis>14000</einzelPreis>\n\t\t\t\t<menge>1</menge>\n\t\t\t</rposition>\n\t\t</rechnung>\n\t\t<rechnung rechnungNr="24" datum="20.10.00">\n\t\t\t<bezahlt>N</bezahlt>\n\t\t\t<kundeNr>15882</kundeNr>\n\t\t\t<filNr>3</filNr>\n\t\t\t<rposition>\n\t\t\t\t<ean>1-256-7700-2-00</ean>\n\t\t\t\t<einzelPreis>2200</einzelPreis>\n\t\t\t\t<menge>1</menge>\n\t\t\t</rposition>\n\t\t</rechnung>\n\t\t<rechnung rechnungNr="25" datum="21.10.00">\n\t\t\t<bezahlt>Y</bezahlt>\n\t\t\t<kundeNr>22221</kundeNr>\n\t\t\t<filNr>4</filNr>\n\t\t\t<rposition>\n\t\t\t\t<ean>5-2671-955-5-55</ean>\n\t\t\t\t<einzelPreis>6900</einzelPreis>\n\t\t\t\t<menge>1</menge>\n\t\t\t</rposition>\n\t\t</rechnung>\n\t\t<rechnung rechnungNr="26" datum="25.10.00">\n\t\t\t<bezahlt>Y</bezahlt>\n\t\t\t<kundeNr>99332</kundeNr>\n\t\t\t<filNr>1</filNr>\n\t\t\t<rposition>\n\t\t\t\t<ean>5-6661-000-0-00</ean>\n\t\t\t\t<einzelPreis>450</einzelPreis>\n\t\t\t\t<menge>1</menge>\n\t\t\t</rposition>\n\t\t</rechnung>\n\t\t<rechnung rechnungNr="30" datum="11.08.00">\n\t\t\t<bezahlt>Y</bezahlt>\n\t\t\t<kundeNr>24537</kundeNr>\n\t\t\t<filNr>1</filNr>\n\t\t\t<rposition>\n\t\t\t\t<ean>5-2671-955-5-55</ean>\n\t\t\t\t<einzelPreis>7000</einzelPreis>\n\t\t\t\t<menge>1</menge>\n\t\t\t</rposition>\n\t\t</rechnung>\n\t\t<rechnung rechnungNr="31" datum="15.09.00">\n\t\t\t<bezahlt>Y</bezahlt>\n\t\t\t<kundeNr>87654</kundeNr>\n\t\t\t<filNr>4</filNr>\n\t\t\t<rposition>\n\t\t\t\t<ean>9-396-7510-9-00</ean>\n\t\t\t\t<einzelPreis>12900</einzelPreis>\n\t\t\t\t<menge>1</menge>\n\t\t\t</rposition>\n\t\t\t<rposition>\n\t\t\t\t<ean>3-1111-654-3-99</ean>\n\t\t\t\t<einzelPreis>1600</einzelPreis>\n\t\t\t\t<menge>2</menge>\n\t\t\t</rposition>\n\t\t</rechnung>\n\t\t<rechnung rechnungNr="32" datum="20.10.00">\n\t\t\t<bezahlt>Y</bezahlt>\n\t\t\t<kundeNr>98077</kundeNr>\n\t\t\t<filNr>3</filNr>\n\t\t\t<rposition>\n\t\t\t\t<ean>5-6661-000-0-00</ean>\n\t\t\t\t<einzelPreis>380</einzelPreis>\n\t\t\t\t<menge>2</menge>\n\t\t\t</rposition>\n\t\t</rechnung>\n\t\t<rechnung rechnungNr="33" datum="21.10.00">\n\t\t\t<bezahlt>Y</bezahlt>\n\t\t\t<kundeNr>87654</kundeNr>\n\t\t\t<filNr>5</filNr>\n\t\t\t<rposition>\n\t\t\t\t<ean>6-231-4777-3-15</ean>\n\t\t\t\t<einzelPreis>500</einzelPreis>\n\t\t\t\t<menge>2</menge>\n\t\t\t</rposition>\n\t\t</rechnung>\n\t\t<rechnung rechnungNr="40" datum="11.08.00">\n\t\t\t<bezahlt>Y</bezahlt>\n\t\t\t<kundeNr>78436</kundeNr>\n\t\t\t<filNr>1</filNr>\n\t\t\t<rposition>\n\t\t\t\t<ean>6-581-1766-3-45</ean>\n\t\t\t\t<einzelPreis>200</einzelPreis>\n\t\t\t\t<menge>3</menge>\n\t\t\t</rposition>\n\t\t</rechnung>\n\t\t<rechnung rechnungNr="41" datum="20.10.00">\n\t\t\t<bezahlt>N</bezahlt>\n\t\t\t<kundeNr>78436</kundeNr>\n\t\t\t<filNr>3</filNr>\n\t\t\t<rposition>\n\t\t\t\t<ean>0-4381-880-7-00</ean>\n\t\t\t\t<einzelPreis>1100</einzelPreis>\n\t\t\t\t<menge>1</menge>\n\t\t\t</rposition>\n\t\t</rechnung>\n\t\t<rechnung rechnungNr="50" datum="11.08.00">\n\t\t\t<bezahlt>Y</bezahlt>\n\t\t\t<kundeNr>95543</kundeNr>\n\t\t\t<filNr>1</filNr>\n\t\t\t<rposition>\n\t\t\t\t<ean>9-396-7510-9-00</ean>\n\t\t\t\t<einzelPreis>12000</einzelPreis>\n\t\t\t\t<menge>1</menge>\n\t\t\t</rposition>\n\t\t\t<rposition>\n\t\t\t\t<ean>1-4444-652-8-88</ean>\n\t\t\t\t<einzelPreis>4500</einzelPreis>\n\t\t\t\t<menge>1</menge>\n\t\t\t</rposition>\n\t\t</rechnung>\n\t\t<rechnung rechnungNr="51" datum="20.10.00">\n\t\t\t<bezahlt>Y</bezahlt>\n\t\t\t<kundeNr>95543</kundeNr>\n\t\t\t<filNr>5</filNr>\n\t\t\t<rposition>\n\t\t\t\t<ean>4-1161-730-3-88</ean>\n\t\t\t\t<einzelPreis>510</einzelPreis>\n\t\t\t\t<menge>3</menge>\n\t\t\t</rposition>\n\t\t</rechnung>\n\t\t<rechnung rechnungNr="60" datum="11.08.00">\n\t\t\t<bezahlt>N</bezahlt>\n\t\t\t<kundeNr>13451</kundeNr>\n\t\t\t<filNr>2</filNr>\n\t\t\t<rposition>\n\t\t\t\t<ean>0-777-4997-2-43</ean>\n\t\t\t\t<einzelPreis>125</einzelPreis>\n\t\t\t\t<menge>3</menge>\n\t\t\t</rposition>\n\t\t</rechnung>\n\t\t<rechnung rechnungNr="61" datum="20.10.00">\n\t\t\t<bezahlt>N</bezahlt>\n\t\t\t<kundeNr>13451</kundeNr>\n\t\t\t<filNr>5</filNr>\n\t\t\t<rposition>\n\t\t\t\t<ean>5-6661-000-0-00</ean>\n\t\t\t\t<einzelPreis>500</einzelPreis>\n\t\t\t\t<menge>2</menge>\n\t\t\t</rposition>\n\t\t</rechnung>\n\t</rechnungen>\n</handelskette>\n	handelskette2.xml\n
1010	<handelskette>\n\t<produkte>\n\t\t<produkt ean="0-666-4567-2-22">\n\t\t\t<bezeichnung>Autoschampoo</bezeichnung>\n\t\t\t<kategorie>Pflege</kategorie>\n\t\t\t<ekPreis>35</ekPreis>\n\t\t\t<listPreis>69</listPreis>\n\t\t</produkt>\n\t\t<produkt ean="0-777-4997-2-43">\n\t\t\t<bezeichnung>Glanzpolitur</bezeichnung>\n\t\t\t<kategorie>Pflege</kategorie>\n\t\t\t<ekPreis>70</ekPreis>\n\t\t\t<listPreis>119</listPreis>\n\t\t</produkt>\n\t\t<produkt ean="0-456-4887-3-22">\n\t\t\t<bezeichnung>Kaltwachs</bezeichnung>\n\t\t\t<kategorie>Pflege</kategorie>\n\t\t\t<ekPreis>90</ekPreis>\n\t\t\t<listPreis>199</listPreis>\n\t\t</produkt>\n\t\t<produkt ean="0-55-48567-16-2">\n\t\t\t<bezeichnung>Armaturenreiniger</bezeichnung>\n\t\t\t<kategorie>Pflege</kategorie>\n\t\t\t<ekPreis>115</ekPreis>\n\t\t\t<listPreis>333</listPreis>\n\t\t</produkt>\n\t\t<produkt ean="1-626-7767-2-99">\n\t\t\t<bezeichnung>Scheibenwischer</bezeichnung>\n\t\t\t<kategorie>Ersatz</kategorie>\n\t\t\t<ekPreis>390</ekPreis>\n\t\t\t<listPreis>400</listPreis>\n\t\t</produkt>\n\t\t<produkt ean="1-256-7700-2-00">\n\t\t\t<bezeichnung>Sportlenkrad</bezeichnung>\n\t\t\t<kategorie>Ersatz</kategorie>\n\t\t\t<ekPreis>1300</ekPreis>\n\t\t\t<listPreis>1999</listPreis>\n\t\t</produkt>\n\t\t<produkt ean="1-333-7788-2-31">\n\t\t\t<bezeichnung>Gaspedal</bezeichnung>\n\t\t\t<kategorie>Ersatz</kategorie>\n\t\t\t<ekPreis>800</ekPreis>\n\t\t\t<listPreis>960</listPreis>\n\t\t</produkt>\n\t\t<produkt ean="2-446-7240-9-15">\n\t\t\t<bezeichnung>Rennsitz</bezeichnung>\n\t\t\t<kategorie>Ersatz</kategorie>\n\t\t\t<ekPreis>18900</ekPreis>\n\t\t\t<listPreis>22999</listPreis>\n\t\t</produkt>\n\t\t<produkt ean="0-596-4628-0-00">\n\t\t\t<bezeichnung>Wagenheber</bezeichnung>\n\t\t\t<kategorie>Ersatz</kategorie>\n\t\t\t<ekPreis>890</ekPreis>\n\t\t\t<listPreis>1299</listPreis>\n\t\t</produkt>\n\t\t<produkt ean="9-396-7510-9-00">\n\t\t\t<bezeichnung>Chromfelge</bezeichnung>\n\t\t\t<kategorie>Ersatz</kategorie>\n\t\t\t<ekPreis>9000</ekPreis>\n\t\t\t<listPreis>12980</listPreis>\n\t\t</produkt>\n\t\t<produkt ean="3-211-1000-2-00">\n\t\t\t<bezeichnung>Sonnenschutz</bezeichnung>\n\t\t\t<kategorie>Ersatz</kategorie>\n\t\t\t<ekPreis>160</ekPreis>\n\t\t\t<listPreis>250</listPreis>\n\t\t</produkt>\n\t\t<produkt ean="7-2881-760-3-70">\n\t\t\t<bezeichnung>Schraubantenne</bezeichnung>\n\t\t\t<kategorie>Audio</kategorie>\n\t\t\t<ekPreis>965</ekPreis>\n\t\t\t<listPreis>1300</listPreis>\n\t\t</produkt>\n\t\t<produkt ean="5-2671-955-5-55">\n\t\t\t<bezeichnung>Autoradio</bezeichnung>\n\t\t\t<kategorie>Audio</kategorie>\n\t\t\t<ekPreis>5555</ekPreis>\n\t\t\t<listPreis>6800</listPreis>\n\t\t</produkt>\n\t\t<produkt ean="1-4444-652-8-88">\n\t\t\t<bezeichnung>CD-Wechsler</bezeichnung>\n\t\t\t<kategorie>Audio</kategorie>\n\t\t\t<ekPreis>2345</ekPreis>\n\t\t\t<listPreis>3999</listPreis>\n\t\t</produkt>\n\t\t<produkt ean="3-1111-654-3-99">\n\t\t\t<bezeichnung>Lautsprecher</bezeichnung>\n\t\t\t<kategorie>Audio</kategorie>\n\t\t\t<ekPreis>999</ekPreis>\n\t\t\t<listPreis>1599</listPreis>\n\t\t</produkt>\n\t\t<produkt ean="3-5674-904-5-13">\n\t\t\t<bezeichnung>Subwoofer</bezeichnung>\n\t\t\t<kategorie>Audio</kategorie>\n\t\t\t<ekPreis>1749</ekPreis>\n\t\t\t<listPreis>2279</listPreis>\n\t\t</produkt>\n\t\t<produkt ean="6-581-1766-3-45">\n\t\t\t<bezeichnung>Telefonhalter</bezeichnung>\n\t\t\t<kategorie>Sonstiges</kategorie>\n\t\t\t<ekPreis>130</ekPreis>\n\t\t\t<listPreis>225</listPreis>\n\t\t</produkt>\n\t\t<produkt ean="6-231-4777-3-15">\n\t\t\t<bezeichnung>Lenkradueberzug</bezeichnung>\n\t\t\t<kategorie>Sonstiges</kategorie>\n\t\t\t<ekPreis>125</ekPreis>\n\t\t\t<listPreis>529</listPreis>\n\t\t</produkt>\n\t\t<produkt ean="4-1161-730-3-88">\n\t\t\t<bezeichnung>Warndreieck</bezeichnung>\n\t\t\t<kategorie>Sonstiges</kategorie>\n\t\t\t<ekPreis>350</ekPreis>\n\t\t\t<listPreis>499</listPreis>\n\t\t</produkt>\n\t\t<produkt ean="0-4381-880-7-00">\n\t\t\t<bezeichnung>Verbandskasten DIN</bezeichnung>\n\t\t\t<kategorie>Sonstiges</kategorie>\n\t\t\t<ekPreis>965</ekPreis>\n\t\t\t<listPreis>999</listPreis>\n\t\t</produkt>\n\t\t<produkt ean="5-6661-000-0-00">\n\t\t\t<bezeichnung>Abschleppseil</bezeichnung>\n\t\t\t<kategorie>Sonstiges</kategorie>\n\t\t\t<ekPreis>225</ekPreis>\n\t\t\t<listPreis>475</listPreis>\n\t\t</produkt>\n\t</produkte>\n\t<filialen>\n\t\t<filiale filNr="1">\n\t\t\t<inhName>Leitner</inhName>\n\t\t\t<strasse>Strubergasse 3</strasse>\n\t\t\t<plz>4040</plz>\n\t\t\t<sortiment>\n\t\t\t\t<!--\n\t\t\t\t<prodInSortiment>\n\t\t\t\t\t<ean>0-666-4567-2-22</ean>\n\t\t\t\t\t<vkPreis>69</vkPreis>\n\t\t\t\t\t<preisRed>0</preisRed>\n\t\t\t\t\t<bestand>100</bestand>\n\t\t\t\t</prodInSortiment>\n\t\t\t\t-->\n\t\t\t\t<prodInSortiment>\n\t\t\t\t\t<ean>0-777-4997-2-43</ean>\n\t\t\t\t\t<vkPreis>120</vkPreis>\n\t\t\t\t\t<preisRed>30</preisRed>\n\t\t\t\t\t<bestand>150</bestand>\n\t\t\t\t</prodInSortiment>\n\t\t\t\t<prodInSortiment>\n\t\t\t\t\t<ean>0-456-4887-3-22</ean>\n\t\t\t\t\t<vkPreis>229</vkPreis>\n\t\t\t\t\t<preisRed>0</preisRed>\n\t\t\t\t\t<bestand>130</bestand>\n\t\t\t\t</prodInSortiment>\n\t\t\t\t<prodInSortiment>\n\t\t\t\t\t<ean>1-626-7767-2-99</ean>\n\t\t\t\t\t<vkPreis>420</vkPreis>\n\t\t\t\t\t<preisRed>10</preisRed>\n\t\t\t\t\t<bestand>100</bestand>\n\t\t\t\t</prodInSortiment>\n\t\t\t\t<!--\n\t\t\t\t<prodInSortiment>\n\t\t\t\t\t<ean>1-333-7788-2-31</ean>\n\t\t\t\t\t<vkPreis>999</vkPreis>\n\t\t\t\t\t<preisRed>0</preisRed>\n\t\t\t\t\t<bestand>30</bestand>\n\t\t\t\t</prodInSortiment>\n\t\t\t\t-->\n\t\t\t\t<prodInSortiment>\n\t\t\t\t\t<ean>9-396-7510-9-00</ean>\n\t\t\t\t\t<vkPreis>13000</vkPreis>\n\t\t\t\t\t<preisRed>1000</preisRed>\n\t\t\t\t\t<bestand>15</bestand>\n\t\t\t\t</prodInSortiment>\n\t\t\t\t<prodInSortiment>\n\t\t\t\t\t<ean>5-2671-955-5-55</ean>\n\t\t\t\t\t<vkPreis>7000</vkPreis>\n\t\t\t\t\t<preisRed>0</preisRed>\n\t\t\t\t\t<bestand>12</bestand>\n\t\t\t\t</prodInSortiment>\n\t\t\t\t<prodInSortiment>\n\t\t\t\t\t<ean>3-1111-654-3-99</ean>\n\t\t\t\t\t<vkPreis>1700</vkPreis>\n\t\t\t\t\t<preisRed>0</preisRed>\n\t\t\t\t\t<bestand>7</bestand>\n\t\t\t\t</prodInSortiment>\n\t\t\t\t<prodInSortiment>\n\t\t\t\t\t<ean>6-231-4777-3-15</ean>\n\t\t\t\t\t<vkPreis>500</vkPreis>\n\t\t\t\t\t<preisRed>0</preisRed>\n\t\t\t\t\t<bestand>35</bestand>\n\t\t\t\t</prodInSortiment>\n\t\t\t\t<prodInSortiment>\n\t\t\t\t\t<ean>5-6661-000-0-00</ean>\n\t\t\t\t\t<vkPreis>450</vkPreis>\n\t\t\t\t\t<preisRed>0</preisRed>\n\t\t\t\t\t<bestand>11</bestand>\n\t\t\t\t</prodInSortiment>\n\t\t\t\t<prodInSortiment>\n\t\t\t\t\t<ean>0-4381-880-7-00</ean>\n\t\t\t\t\t<vkPreis>1250</vkPreis>\n\t\t\t\t\t<preisRed>250</preisRed>\n\t\t\t\t\t<bestand>85</bestand>\n\t\t\t\t</prodInSortiment>\n\t\t\t\t<prodInSortiment>\n\t\t\t\t\t<ean>4-1161-730-3-88</ean>\n\t\t\t\t\t<vkPreis>500</vkPreis>\n\t\t\t\t\t<preisRed>0</preisRed>\n\t\t\t\t\t<bestand>25</bestand>\n\t\t\t\t</prodInSortiment>\n\t\t\t\t<prodInSortiment>\n\t\t\t\t\t<ean>6-581-1766-3-45</ean>\n\t\t\t\t\t<vkPreis>200</vkPreis>\n\t\t\t\t\t<preisRed>0</preisRed>\n\t\t\t\t\t<bestand>40</bestand>\n\t\t\t\t</prodInSortiment>\n\t\t\t\t<prodInSortiment>\n\t\t\t\t\t<ean>1-4444-652-8-88</ean>\n\t\t\t\t\t<vkPreis>4500</vkPreis>\n\t\t\t\t\t<preisRed>0</preisRed>\n\t\t\t\t\t<bestand>4</bestand>\n\t\t\t\t</prodInSortiment>\n\t\t\t\t<prodInSortiment>\n\t\t\t\t\t<ean>7-2881-760-3-70</ean>\n\t\t\t\t\t<vkPreis>1500</vkPreis>\n\t\t\t\t\t<preisRed>0</preisRed>\n\t\t\t\t\t<bestand>23</bestand>\n\t\t\t\t</prodInSortiment>\n\t\t\t\t<prodInSortiment>\n\t\t\t\t\t<ean>2-446-7240-9-15</ean>\n\t\t\t\t\t<vkPreis>22500</vkPreis>\n\t\t\t\t\t<preisRed>0</preisRed>\n\t\t\t\t\t<bestand>7</bestand>\n\t\t\t\t</prodInSortiment>\n\t\t\t\t<prodInSortiment>\n\t\t\t\t\t<ean>1-256-7700-2-00</ean>\n\t\t\t\t\t<vkPreis>1999</vkPreis>\n\t\t\t\t\t<preisRed>0</preisRed>\n\t\t\t\t\t<bestand>30</bestand>\n\t\t\t\t</prodInSortiment>\n\t\t\t\t<prodInSortiment>\n\t\t\t\t\t<ean>0-55-48567-16-2</ean>\n\t\t\t\t\t<vkPreis>300</vkPreis>\n\t\t\t\t\t<preisRed>0</preisRed>\n\t\t\t\t\t<bestand>100</bestand>\n\t\t\t\t</prodInSortiment>\n\t\t\t</sortiment>\n\t\t</filiale>\n\t\t<filiale filNr="2">\n\t\t\t<inhName>Schraubner</inhName>\n\t\t\t<strasse>Blattallee 7</strasse>\n\t\t\t<plz>4040</plz>\n\t\t\t<sortiment>\n\t\t\t\t<prodInSortiment>\n\t\t\t\t\t<ean>0-666-4567-2-22</ean>\n\t\t\t\t\t<vkPreis>69</vkPreis>\n\t\t\t\t\t<preisRed>0</preisRed>\n\t\t\t\t\t<bestand>90</bestand>\n\t\t\t\t</prodInSortiment>\n\t\t\t\t<prodInSortiment>\n\t\t\t\t\t<ean>0-55-48567-16-2</ean>\n\t\t\t\t\t<vkPreis>390</vkPreis>\n\t\t\t\t\t<preisRed>0</preisRed>\n\t\t\t\t\t<bestand>100</bestand>\n\t\t\t\t</prodInSortiment>\n\t\t\t\t<prodInSortiment>\n\t\t\t\t\t<ean>1-256-7700-2-00</ean>\n\t\t\t\t\t<vkPreis>1900</vkPreis>\n\t\t\t\t\t<preisRed>0</preisRed>\n\t\t\t\t\t<bestand>40</bestand>\n\t\t\t\t</prodInSortiment>\n\t\t\t\t<prodInSortiment>\n\t\t\t\t\t<ean>9-396-7510-9-00</ean>\n\t\t\t\t\t<vkPreis>14000</vkPreis>\n\t\t\t\t\t<preisRed>0</preisRed>\n\t\t\t\t\t<bestand>25</bestand>\n\t\t\t\t</prodInSortiment>\n\t\t\t\t<prodInSortiment>\n\t\t\t\t\t<ean>5-2671-955-5-55</ean>\n\t\t\t\t\t<vkPreis>6800</vkPreis>\n\t\t\t\t\t<preisRed>250</preisRed>\n\t\t\t\t\t<bestand>9</bestand>\n\t\t\t\t</prodInSortiment>\n\t\t\t\t<prodInSortiment>\n\t\t\t\t\t<ean>3-1111-654-3-99</ean>\n\t\t\t\t\t<vkPreis>1500</vkPreis>\n\t\t\t\t\t<preisRed>125</preisRed>\n\t\t\t\t\t<bestand>1</bestand>\n\t\t\t\t</prodInSortiment>\n\t\t\t\t<prodInSortiment>\n\t\t\t\t\t<ean>5-6661-000-0-00</ean>\n\t\t\t\t\t<vkPreis>400</vkPreis>\n\t\t\t\t\t<preisRed>0</preisRed>\n\t\t\t\t\t<bestand>1</bestand>\n\t\t\t\t</prodInSortiment>\n\t\t\t\t<prodInSortiment>\n\t\t\t\t\t<ean>0-4381-880-7-00</ean>\n\t\t\t\t\t<vkPreis>1220</vkPreis>\n\t\t\t\t\t<preisRed>0</preisRed>\n\t\t\t\t\t<bestand>5</bestand>\n\t\t\t\t</prodInSortiment>\n\t\t\t\t<prodInSortiment>\n\t\t\t\t\t<ean>4-1161-730-3-88</ean>\n\t\t\t\t\t<vkPreis>500</vkPreis>\n\t\t\t\t\t<preisRed>11</preisRed>\n\t\t\t\t\t<bestand>8</bestand>\n\t\t\t\t</prodInSortiment>\n\t\t\t\t<prodInSortiment>\n\t\t\t\t\t<ean>6-231-4777-3-15</ean>\n\t\t\t\t\t<vkPreis>530</vkPreis>\n\t\t\t\t\t<preisRed>0</preisRed>\n\t\t\t\t\t<bestand>0</bestand>\n\t\t\t\t</prodInSortiment>\n\t\t\t\t<prodInSortiment>\n\t\t\t\t\t<ean>6-581-1766-3-45</ean>\n\t\t\t\t\t<vkPreis>230</vkPreis>\n\t\t\t\t\t<preisRed>0</preisRed>\n\t\t\t\t\t<bestand>44</bestand>\n\t\t\t\t</prodInSortiment>\n\t\t\t\t<prodInSortiment>\n\t\t\t\t\t<ean>1-4444-652-8-88</ean>\n\t\t\t\t\t<vkPreis>4000</vkPreis>\n\t\t\t\t\t<preisRed>0</preisRed>\n\t\t\t\t\t<bestand>3</bestand>\n\t\t\t\t</prodInSortiment>\n\t\t\t\t<prodInSortiment>\n\t\t\t\t\t<ean>7-2881-760-3-70</ean>\n\t\t\t\t\t<vkPreis>1300</vkPreis>\n\t\t\t\t\t<preisRed>0</preisRed>\n\t\t\t\t\t<bestand>9</bestand>\n\t\t\t\t</prodInSortiment>\n\t\t\t\t<prodInSortiment>\n\t\t\t\t\t<ean>2-446-7240-9-15</ean>\n\t\t\t\t\t<vkPreis>21999</vkPreis>\n\t\t\t\t\t<preisRed>0</preisRed>\n\t\t\t\t\t<bestand>0</bestand>\n\t\t\t\t</prodInSortiment>\n\t\t\t\t<prodInSortiment>\n\t\t\t\t\t<ean>1-626-7767-2-99</ean>\n\t\t\t\t\t<vkPreis>400</vkPreis>\n\t\t\t\t\t<preisRed>0</preisRed>\n\t\t\t\t\t<bestand>110</bestand>\n\t\t\t\t</prodInSortiment>\n\t\t\t\t<prodInSortiment>\n\t\t\t\t\t<ean>0-456-4887-3-22</ean>\n\t\t\t\t\t<vkPreis>200</vkPreis>\n\t\t\t\t\t<preisRed>0</preisRed>\n\t\t\t\t\t<bestand>120</bestand>\n\t\t\t\t</prodInSortiment>\n\t\t\t\t<prodInSortiment>\n\t\t\t\t\t<ean>0-777-4997-2-43</ean>\n\t\t\t\t\t<vkPreis>125</vkPreis>\n\t\t\t\t\t<preisRed>0</preisRed>\n\t\t\t\t\t<bestand>155</bestand>\n\t\t\t\t</prodInSortiment>\n\t\t\t</sortiment>\n\t\t</filiale>\n\t\t<filiale filNr="3">\n\t\t\t<inhName>Rathgeb</inhName>\n\t\t\t<strasse>Hauptstrasse 22</strasse>\n\t\t\t<plz>5020</plz>\n\t\t\t<sortiment>\n\t\t\t\t<prodInSortiment>\n\t\t\t\t\t<ean>0-666-4567-2-22</ean>\n\t\t\t\t\t<vkPreis>90</vkPreis>\n\t\t\t\t\t<preisRed>0</preisRed>\n\t\t\t\t\t<bestand>85</bestand>\n\t\t\t\t</prodInSortiment>\n\t\t\t\t<prodInSortiment>\n\t\t\t\t\t<ean>9-396-7510-9-00</ean>\n\t\t\t\t\t<vkPreis>13800</vkPreis>\n\t\t\t\t\t<preisRed>0</preisRed>\n\t\t\t\t\t<bestand>5</bestand>\n\t\t\t\t</prodInSortiment>\n\t\t\t\t<prodInSortiment>\n\t\t\t\t\t<ean>5-2671-955-5-55</ean>\n\t\t\t\t\t<vkPreis>6800</vkPreis>\n\t\t\t\t\t<preisRed>0</preisRed>\n\t\t\t\t\t<bestand>0</bestand>\n\t\t\t\t</prodInSortiment>\n\t\t\t\t<prodInSortiment>\n\t\t\t\t\t<ean>6-581-1766-3-45</ean>\n\t\t\t\t\t<vkPreis>230</vkPreis>\n\t\t\t\t\t<preisRed>0</preisRed>\n\t\t\t\t\t<bestand>14</bestand>\n\t\t\t\t</prodInSortiment>\n\t\t\t\t<prodInSortiment>\n\t\t\t\t\t<ean>5-6661-000-0-00</ean>\n\t\t\t\t\t<vkPreis>380</vkPreis>\n\t\t\t\t\t<preisRed>0</preisRed>\n\t\t\t\t\t<bestand>4</bestand>\n\t\t\t\t</prodInSortiment>\n\t\t\t\t<prodInSortiment>\n\t\t\t\t\t<ean>0-4381-880-7-00</ean>\n\t\t\t\t\t<vkPreis>1211</vkPreis>\n\t\t\t\t\t<preisRed>0</preisRed>\n\t\t\t\t\t<bestand>4</bestand>\n\t\t\t\t</prodInSortiment>\n\t\t\t\t<prodInSortiment>\n\t\t\t\t\t<ean>6-231-4777-3-15</ean>\n\t\t\t\t\t<vkPreis>530</vkPreis>\n\t\t\t\t\t<preisRed>0</preisRed>\n\t\t\t\t\t<bestand>4</bestand>\n\t\t\t\t</prodInSortiment>\n\t\t\t\t<prodInSortiment>\n\t\t\t\t\t<ean>1-4444-652-8-88</ean>\n\t\t\t\t\t<vkPreis>3999</vkPreis>\n\t\t\t\t\t<preisRed>0</preisRed>\n\t\t\t\t\t<bestand>0</bestand>\n\t\t\t\t</prodInSortiment>\n\t\t\t\t<prodInSortiment>\n\t\t\t\t\t<ean>7-2881-760-3-70</ean>\n\t\t\t\t\t<vkPreis>1300</vkPreis>\n\t\t\t\t\t<preisRed>0</preisRed>\n\t\t\t\t\t<bestand>0</bestand>\n\t\t\t\t</prodInSortiment>\n\t\t\t\t<prodInSortiment>\n\t\t\t\t\t<ean>1-256-7700-2-00</ean>\n\t\t\t\t\t<vkPreis>1900</vkPreis>\n\t\t\t\t\t<preisRed>0</preisRed>\n\t\t\t\t\t<bestand>10</bestand>\n\t\t\t\t</prodInSortiment>\n\t\t\t\t<prodInSortiment>\n\t\t\t\t\t<ean>0-456-4887-3-22</ean>\n\t\t\t\t\t<vkPreis>199</vkPreis>\n\t\t\t\t\t<preisRed>0</preisRed>\n\t\t\t\t\t<bestand>80</bestand>\n\t\t\t\t</prodInSortiment>\n\t\t\t\t<prodInSortiment>\n\t\t\t\t\t<ean>0-55-48567-16-2</ean>\n\t\t\t\t\t<vkPreis>390</vkPreis>\n\t\t\t\t\t<preisRed>0</preisRed>\n\t\t\t\t\t<bestand>90</bestand>\n\t\t\t\t</prodInSortiment>\n\t\t\t\t<prodInSortiment>\n\t\t\t\t\t<ean>1-626-7767-2-99</ean>\n\t\t\t\t\t<vkPreis>400</vkPreis>\n\t\t\t\t\t<preisRed>0</preisRed>\n\t\t\t\t\t<bestand>50</bestand>\n\t\t\t\t</prodInSortiment>\n\t\t\t</sortiment>\n\t\t</filiale>\n\t\t<filiale filNr="4">\n\t\t\t<inhName>Fiedler</inhName>\n\t\t\t<strasse>Feldweg 8</strasse>\n\t\t\t<plz>4040</plz>\n\t\t\t<sortiment>\n\t\t\t\t<prodInSortiment>\n\t\t\t\t\t<ean>0-666-4567-2-22</ean>\n\t\t\t\t\t<vkPreis>23</vkPreis>\n\t\t\t\t\t<preisRed>4</preisRed>\n\t\t\t\t\t<bestand>200</bestand>\n\t\t\t\t</prodInSortiment>\n\t\t\t\t<prodInSortiment>\n\t\t\t\t\t<ean>2-446-7240-9-15</ean>\n\t\t\t\t\t<vkPreis>22480</vkPreis>\n\t\t\t\t\t<preisRed>0</preisRed>\n\t\t\t\t\t<bestand>6</bestand>\n\t\t\t\t</prodInSortiment>\n\t\t\t\t<prodInSortiment>\n\t\t\t\t\t<ean>5-2671-955-5-55</ean>\n\t\t\t\t\t<vkPreis>6900</vkPreis>\n\t\t\t\t\t<preisRed>0</preisRed>\n\t\t\t\t\t<bestand>34</bestand>\n\t\t\t\t</prodInSortiment>\n\t\t\t\t<prodInSortiment>\n\t\t\t\t\t<ean>3-1111-654-3-99</ean>\n\t\t\t\t\t<vkPreis>1600</vkPreis>\n\t\t\t\t\t<preisRed>0</preisRed>\n\t\t\t\t\t<bestand>7</bestand>\n\t\t\t\t</prodInSortiment>\n\t\t\t\t<prodInSortiment>\n\t\t\t\t\t<ean>6-581-1766-3-45</ean>\n\t\t\t\t\t<vkPreis>200</vkPreis>\n\t\t\t\t\t<preisRed>20</preisRed>\n\t\t\t\t\t<bestand>9</bestand>\n\t\t\t\t</prodInSortiment>\n\t\t\t\t<prodInSortiment>\n\t\t\t\t\t<ean>1-4444-652-8-88</ean>\n\t\t\t\t\t<vkPreis>4490</vkPreis>\n\t\t\t\t\t<preisRed>0</preisRed>\n\t\t\t\t\t<bestand>5</bestand>\n\t\t\t\t</prodInSortiment>\n\t\t\t\t<prodInSortiment>\n\t\t\t\t\t<ean>7-2881-760-3-70</ean>\n\t\t\t\t\t<vkPreis>1300</vkPreis>\n\t\t\t\t\t<preisRed>111</preisRed>\n\t\t\t\t\t<bestand>5</bestand>\n\t\t\t\t</prodInSortiment>\n\t\t\t\t<prodInSortiment>\n\t\t\t\t\t<ean>9-396-7510-9-00</ean>\n\t\t\t\t\t<vkPreis>12900</vkPreis>\n\t\t\t\t\t<preisRed>0</preisRed>\n\t\t\t\t\t<bestand>2</bestand>\n\t\t\t\t</prodInSortiment>\n\t\t\t</sortiment>\n\t\t</filiale>\n\t\t<filiale filNr="5">\n\t\t\t<inhName>Hauser</inhName>\n\t\t\t<strasse>Klessheimer Allee 6</strasse>\n\t\t\t<plz>5020</plz>\n\t\t\t<sortiment>\n\t\t\t\t<prodInSortiment>\n\t\t\t\t\t<ean>0-666-4567-2-22</ean>\n\t\t\t\t\t<vkPreis>80</vkPreis>\n\t\t\t\t\t<preisRed>5</preisRed>\n\t\t\t\t\t<bestand>0</bestand>\n\t\t\t\t</prodInSortiment>\n\t\t\t\t<!--\n\t\t\t\t<prodInSortiment>\n\t\t\t\t\t<ean>9-396-7510-9-00</ean>\n\t\t\t\t\t<vkPreis>58</vkPreis>\n\t\t\t\t\t<preisRed>2</preisRed>\n\t\t\t\t\t<bestand>120</bestand>\n\t\t\t\t</prodInSortiment>\n\t\t\t\t-->\n\t\t\t\t<prodInSortiment>\n\t\t\t\t\t<ean>0-55-48567-16-2</ean>\n\t\t\t\t\t<vkPreis>330</vkPreis>\n\t\t\t\t\t<preisRed>0</preisRed>\n\t\t\t\t\t<bestand>108</bestand>\n\t\t\t\t</prodInSortiment>\n\t\t\t\t<prodInSortiment>\n\t\t\t\t\t<ean>4-1161-730-3-88</ean>\n\t\t\t\t\t<vkPreis>510</vkPreis>\n\t\t\t\t\t<preisRed>0</preisRed>\n\t\t\t\t\t<bestand>66</bestand>\n\t\t\t\t</prodInSortiment>\n\t\t\t\t<prodInSortiment>\n\t\t\t\t\t<ean>5-6661-000-0-00</ean>\n\t\t\t\t\t<vkPreis>500</vkPreis>\n\t\t\t\t\t<preisRed>0</preisRed>\n\t\t\t\t\t<bestand>3</bestand>\n\t\t\t\t</prodInSortiment>\n\t\t\t\t<prodInSortiment>\n\t\t\t\t\t<ean>0-4381-880-7-00</ean>\n\t\t\t\t\t<vkPreis>1425</vkPreis>\n\t\t\t\t\t<preisRed>125</preisRed>\n\t\t\t\t\t<bestand>2</bestand>\n\t\t\t\t</prodInSortiment>\n\t\t\t\t<prodInSortiment>\n\t\t\t\t\t<ean>6-231-4777-3-15</ean>\n\t\t\t\t\t<vkPreis>525</vkPreis>\n\t\t\t\t\t<preisRed>25</preisRed>\n\t\t\t\t\t<bestand>12</bestand>\n\t\t\t\t</prodInSortiment>\n\t\t\t\t<prodInSortiment>\n\t\t\t\t\t<ean>0-456-4887-3-22</ean>\n\t\t\t\t\t<vkPreis>250</vkPreis>\n\t\t\t\t\t<preisRed>0</preisRed>\n\t\t\t\t\t<bestand>130</bestand>\n\t\t\t\t</prodInSortiment>\n\t\t\t\t<prodInSortiment>\n\t\t\t\t\t<ean>0-777-4997-2-43</ean>\n\t\t\t\t\t<vkPreis>160</vkPreis>\n\t\t\t\t\t<preisRed>0</preisRed>\n\t\t\t\t\t<bestand>150</bestand>\n\t\t\t\t</prodInSortiment>\n\t\t\t</sortiment>\n\t\t</filiale>\n\t\t<filiale filNr="6">\n\t\t\t<inhName>Huber</inhName>\n\t\t\t<strasse>Ring 2</strasse>\n\t\t\t<plz>1010</plz>\n\t\t\t<sortiment>\n\t\t\t\t<prodInSortiment>\n\t\t\t\t\t<ean>0-666-4567-2-22</ean>\n\t\t\t\t\t<vkPreis>70</vkPreis>\n\t\t\t\t\t<preisRed>11</preisRed>\n\t\t\t\t\t<bestand>100</bestand>\n\t\t\t\t</prodInSortiment>\n\t\t\t\t<!--\n\t\t\t\t<prodInSortiment>\n\t\t\t\t\t<ean>1-333-7788-2-31</ean>\n\t\t\t\t\t<vkPreis>960</vkPreis>\n\t\t\t\t\t<preisRed>0</preisRed>\n\t\t\t\t\t<bestand>9</bestand>\n\t\t\t\t</prodInSortiment>\n\t\t\t\t-->\n\t\t\t\t<prodInSortiment>\n\t\t\t\t\t<ean>7-2881-760-3-70</ean>\n\t\t\t\t\t<vkPreis>1420</vkPreis>\n\t\t\t\t\t<preisRed>120</preisRed>\n\t\t\t\t\t<bestand>23</bestand>\n\t\t\t\t</prodInSortiment>\n\t\t\t\t<prodInSortiment>\n\t\t\t\t\t<ean>1-4444-652-8-88</ean>\n\t\t\t\t\t<vkPreis>4225</vkPreis>\n\t\t\t\t\t<preisRed>0</preisRed>\n\t\t\t\t\t<bestand>8</bestand>\n\t\t\t\t</prodInSortiment>\n\t\t\t\t<prodInSortiment>\n\t\t\t\t\t<ean>0-4381-880-7-00</ean>\n\t\t\t\t\t<vkPreis>1350</vkPreis>\n\t\t\t\t\t<preisRed>0</preisRed>\n\t\t\t\t\t<bestand>25</bestand>\n\t\t\t\t</prodInSortiment>\n\t\t\t\t<prodInSortiment>\n\t\t\t\t\t<ean>5-6661-000-0-00</ean>\n\t\t\t\t\t<vkPreis>553</vkPreis>\n\t\t\t\t\t<preisRed>23</preisRed>\n\t\t\t\t\t<bestand>11</bestand>\n\t\t\t\t</prodInSortiment>\n\t\t\t\t<prodInSortiment>\n\t\t\t\t\t<ean>3-1111-654-3-99</ean>\n\t\t\t\t\t<vkPreis>1300</vkPreis>\n\t\t\t\t\t<preisRed>0</preisRed>\n\t\t\t\t\t<bestand>7</bestand>\n\t\t\t\t</prodInSortiment>\n\t\t\t\t<prodInSortiment>\n\t\t\t\t\t<ean>5-2671-955-5-55</ean>\n\t\t\t\t\t<vkPreis>6800</vkPreis>\n\t\t\t\t\t<preisRed>0</preisRed>\n\t\t\t\t\t<bestand>12</bestand>\n\t\t\t\t</prodInSortiment>\n\t\t\t\t<prodInSortiment>\n\t\t\t\t\t<ean>9-396-7510-9-00</ean>\n\t\t\t\t\t<vkPreis>11500</vkPreis>\n\t\t\t\t\t<preisRed>0</preisRed>\n\t\t\t\t\t<bestand>15</bestand>\n\t\t\t\t</prodInSortiment>\n\t\t\t\t<prodInSortiment>\n\t\t\t\t\t<ean>1-256-7700-2-00</ean>\n\t\t\t\t\t<vkPreis>2109</vkPreis>\n\t\t\t\t\t<preisRed>0</preisRed>\n\t\t\t\t\t<bestand>0</bestand>\n\t\t\t\t</prodInSortiment>\n\t\t\t\t<prodInSortiment>\n\t\t\t\t\t<ean>0-777-4997-2-43</ean>\n\t\t\t\t\t<vkPreis>95</vkPreis>\n\t\t\t\t\t<preisRed>0</preisRed>\n\t\t\t\t\t<bestand>0</bestand>\n\t\t\t\t</prodInSortiment>\n\t\t\t\t<prodInSortiment>\n\t\t\t\t\t<ean>1-626-7767-2-99</ean>\n\t\t\t\t\t<vkPreis>380</vkPreis>\n\t\t\t\t\t<preisRed>25</preisRed>\n\t\t\t\t\t<bestand>100</bestand>\n\t\t\t\t</prodInSortiment>\n\t\t\t</sortiment>\n\t\t</filiale>\n\t</filialen>\n\t<kunden>\n\t\t<kunde kundeNr="11111">\n\t\t\t<name>Roller</name>\n\t\t\t<bonStufe>C</bonStufe>\n\t\t</kunde>\n\t\t<kunde kundeNr="15882">\n\t\t\t<name>Schieber</name>\n\t\t\t<bonStufe>B</bonStufe>\n\t\t</kunde>\n\t\t<kunde kundeNr="78436">\n\t\t\t<name>Flitzer</name>\n\t\t\t<bonStufe>A</bonStufe>\n\t\t</kunde>\n\t\t<kunde kundeNr="98077">\n\t\t\t<name>Sauser</name>\n\t\t\t<bonStufe>A</bonStufe>\n\t\t</kunde>\n\t\t<kunde kundeNr="24537">\n\t\t\t<name>Raser</name>\n\t\t\t<bonStufe>B</bonStufe>\n\t\t</kunde>\n\t\t<kunde kundeNr="13451">\n\t\t\t<name>Stuerzer</name>\n\t\t\t<bonStufe>C</bonStufe>\n\t\t</kunde>\n\t\t<kunde kundeNr="22221">\n\t\t\t<name>Bremser</name>\n\t\t\t<bonStufe>B</bonStufe>\n\t\t</kunde>\n\t\t<kunde kundeNr="99332">\n\t\t\t<name>Kuppler</name>\n\t\t\t<bonStufe>A</bonStufe>\n\t\t</kunde>\n\t\t<kunde kundeNr="67891">\n\t\t\t<name>Schleifer</name>\n\t\t\t<bonStufe>C</bonStufe>\n\t\t</kunde>\n\t\t<kunde kundeNr="95543">\n\t\t\t<name>Kurver</name>\n\t\t\t<bonStufe>B</bonStufe>\n\t\t</kunde>\n\t\t<kunde kundeNr="55789">\n\t\t\t<name>Schleuderer</name>\n\t\t\t<bonStufe>A</bonStufe>\n\t\t</kunde>\n\t\t<kunde kundeNr="87654">\n\t\t\t<name>Unfaller</name>\n\t\t\t<bonStufe>C</bonStufe>\n\t\t</kunde>\n\t\t<!--\n\t\t<kunde kundeNr="77777">\n\t\t\t<name>Stenzer</name>\n\t\t\t<bonStufe>A</bonStufe>\n\t\t</kunde>\n\t\t-->\n\t</kunden>\n\t<rechnungen>\n\t\t<!--\n\t\t<rechnung rechnungNr="10" datum="11.08.00">\n\t\t\t<bezahlt>Y</bezahlt>\n\t\t\t<kundeNr>11111</kundeNr>\n\t\t\t<filNr>1</filNr>\n\t\t\t<rposition>\n\t\t\t\t<ean>0-666-4567-2-22</ean>\n\t\t\t\t<einzelPreis>58</einzelPreis>\n\t\t\t\t<menge>5</menge>\n\t\t\t</rposition>\n\t\t</rechnung>\n\t\t-->\n\t\t<rechnung rechnungNr="11" datum="15.09.00">\n\t\t\t<bezahlt>Y</bezahlt>\n\t\t\t<kundeNr>11111</kundeNr>\n\t\t\t<filNr>1</filNr>\n\t\t\t<rposition>\n\t\t\t\t<ean>4-1161-730-3-88</ean>\n\t\t\t\t<einzelPreis>500</einzelPreis>\n\t\t\t\t<menge>2</menge>\n\t\t\t</rposition>\n\t\t</rechnung>\n\t\t<rechnung rechnungNr="12" datum="03.10.00">\n\t\t\t<bezahlt>Y</bezahlt>\n\t\t\t<kundeNr>11111</kundeNr>\n\t\t\t<filNr>6</filNr>\n\t\t\t<rposition>\n\t\t\t\t<ean>5-6661-000-0-00</ean>\n\t\t\t\t<einzelPreis>530</einzelPreis>\n\t\t\t\t<menge>3</menge>\n\t\t\t</rposition>\n\t\t\t<rposition>\n\t\t\t\t<ean>7-2881-760-3-70</ean>\n\t\t\t\t<einzelPreis>1300</einzelPreis>\n\t\t\t\t<menge>1</menge>\n\t\t\t</rposition>\n\t\t\t<rposition>\n\t\t\t\t<ean>0-4381-880-7-00</ean>\n\t\t\t\t<einzelPreis>1350</einzelPreis>\n\t\t\t\t<menge>1</menge>\n\t\t\t</rposition>\n\t\t</rechnung>\n\t\t<rechnung rechnungNr="13" datum="10.10.00">\n\t\t\t<bezahlt>N</bezahlt>\n\t\t\t<kundeNr>77777</kundeNr>\n\t\t\t<filNr>5</filNr>\n\t\t\t<rposition>\n\t\t\t\t<ean>5-6661-000-0-00</ean>\n\t\t\t\t<einzelPreis>500</einzelPreis>\n\t\t\t\t<menge>3</menge>\n\t\t\t</rposition>\n\t\t</rechnung>\n\t\t<rechnung rechnungNr="14" datum="20.10.00">\n\t\t\t<bezahlt>Y</bezahlt>\n\t\t\t<kundeNr>67891</kundeNr>\n\t\t\t<filNr>2</filNr>\n\t\t\t<rposition>\n\t\t\t\t<ean>3-1111-654-3-99</ean>\n\t\t\t\t<einzelPreis>1300</einzelPreis>\n\t\t\t\t<menge>2</menge>\n\t\t\t</rposition>\n\t\t</rechnung>\n\t\t<rechnung rechnungNr="15" datum="21.10.00">\n\t\t\t<bezahlt>Y</bezahlt>\n\t\t\t<kundeNr>87654</kundeNr>\n\t\t\t<filNr>4</filNr>\n\t\t\t<rposition>\n\t\t\t\t<ean>6-581-1766-3-45</ean>\n\t\t\t\t<einzelPreis>150</einzelPreis>\n\t\t\t\t<menge>1</menge>\n\t\t\t</rposition>\n\t\t</rechnung>\n\t\t<rechnung rechnungNr="16" datum="25.10.00">\n\t\t\t<bezahlt>N</bezahlt>\n\t\t\t<kundeNr>13451</kundeNr>\n\t\t\t<filNr>2</filNr>\n\t\t\t<rposition>\n\t\t\t\t<ean>0-55-48567-16-2</ean>\n\t\t\t\t<einzelPreis>390</einzelPreis>\n\t\t\t\t<menge>5</menge>\n\t\t\t</rposition>\n\t\t</rechnung>\n\t\t<rechnung rechnungNr="20" datum="11.08.00">\n\t\t\t<bezahlt>N</bezahlt>\n\t\t\t<kundeNr>15882</kundeNr>\n\t\t\t<filNr>1</filNr>\n\t\t\t<rposition>\n\t\t\t\t<ean>0-456-4887-3-22</ean>\n\t\t\t\t<einzelPreis>229</einzelPreis>\n\t\t\t\t<menge>1</menge>\n\t\t\t</rposition>\n\t\t\t<rposition>\n\t\t\t\t<ean>2-446-7240-9-15</ean>\n\t\t\t\t<einzelPreis>22500</einzelPreis>\n\t\t\t\t<menge>1</menge>\n\t\t\t</rposition>\n\t\t</rechnung>\n\t\t<rechnung rechnungNr="21" datum="15.09.00">\n\t\t\t<bezahlt>Y</bezahlt>\n\t\t\t<kundeNr>22221</kundeNr>\n\t\t\t<filNr>3</filNr>\n\t\t\t<rposition>\n\t\t\t\t<ean>5-2671-955-5-55</ean>\n\t\t\t\t<einzelPreis>6800</einzelPreis>\n\t\t\t\t<menge>1</menge>\n\t\t\t</rposition>\n\t\t</rechnung>\n\t\t<rechnung rechnungNr="22" datum="03.10.00">\n\t\t\t<bezahlt>Y</bezahlt>\n\t\t\t<kundeNr>95543</kundeNr>\n\t\t\t<filNr>5</filNr>\n\t\t\t<rposition>\n\t\t\t\t<ean>0-55-48567-16-2</ean>\n\t\t\t\t<einzelPreis>330</einzelPreis>\n\t\t\t\t<menge>2</menge>\n\t\t\t</rposition>\n\t\t</rechnung>\n\t\t<rechnung rechnungNr="23" datum="10.10.00">\n\t\t\t<bezahlt>Y</bezahlt>\n\t\t\t<kundeNr>99332</kundeNr>\n\t\t\t<filNr>2</filNr>\n\t\t\t<rposition>\n\t\t\t\t<ean>6-231-4777-3-15</ean>\n\t\t\t\t<einzelPreis>525</einzelPreis>\n\t\t\t\t<menge>3</menge>\n\t\t\t</rposition>\n\t\t\t<rposition>\n\t\t\t\t<ean>5-6661-000-0-00</ean>\n\t\t\t\t<einzelPreis>490</einzelPreis>\n\t\t\t\t<menge>5</menge>\n\t\t\t</rposition>\n\t\t\t<rposition>\n\t\t\t\t<ean>9-396-7510-9-00</ean>\n\t\t\t\t<einzelPreis>14000</einzelPreis>\n\t\t\t\t<menge>1</menge>\n\t\t\t</rposition>\n\t\t</rechnung>\n\t\t<rechnung rechnungNr="24" datum="20.10.00">\n\t\t\t<bezahlt>N</bezahlt>\n\t\t\t<kundeNr>15882</kundeNr>\n\t\t\t<filNr>3</filNr>\n\t\t\t<rposition>\n\t\t\t\t<ean>1-256-7700-2-00</ean>\n\t\t\t\t<einzelPreis>2200</einzelPreis>\n\t\t\t\t<menge>1</menge>\n\t\t\t</rposition>\n\t\t</rechnung>\n\t\t<rechnung rechnungNr="25" datum="21.10.00">\n\t\t\t<bezahlt>Y</bezahlt>\n\t\t\t<kundeNr>22221</kundeNr>\n\t\t\t<filNr>4</filNr>\n\t\t\t<rposition>\n\t\t\t\t<ean>5-2671-955-5-55</ean>\n\t\t\t\t<einzelPreis>6900</einzelPreis>\n\t\t\t\t<menge>1</menge>\n\t\t\t</rposition>\n\t\t</rechnung>\n\t\t<rechnung rechnungNr="26" datum="25.10.00">\n\t\t\t<bezahlt>Y</bezahlt>\n\t\t\t<kundeNr>99332</kundeNr>\n\t\t\t<filNr>1</filNr>\n\t\t\t<rposition>\n\t\t\t\t<ean>5-6661-000-0-00</ean>\n\t\t\t\t<einzelPreis>450</einzelPreis>\n\t\t\t\t<menge>1</menge>\n\t\t\t</rposition>\n\t\t</rechnung>\n\t\t<rechnung rechnungNr="30" datum="11.08.00">\n\t\t\t<bezahlt>Y</bezahlt>\n\t\t\t<kundeNr>24537</kundeNr>\n\t\t\t<filNr>1</filNr>\n\t\t\t<rposition>\n\t\t\t\t<ean>5-2671-955-5-55</ean>\n\t\t\t\t<einzelPreis>7000</einzelPreis>\n\t\t\t\t<menge>1</menge>\n\t\t\t</rposition>\n\t\t</rechnung>\n\t\t<rechnung rechnungNr="31" datum="15.09.00">\n\t\t\t<bezahlt>Y</bezahlt>\n\t\t\t<kundeNr>87654</kundeNr>\n\t\t\t<filNr>4</filNr>\n\t\t\t<rposition>\n\t\t\t\t<ean>9-396-7510-9-00</ean>\n\t\t\t\t<einzelPreis>12900</einzelPreis>\n\t\t\t\t<menge>1</menge>\n\t\t\t</rposition>\n\t\t\t<rposition>\n\t\t\t\t<ean>3-1111-654-3-99</ean>\n\t\t\t\t<einzelPreis>1600</einzelPreis>\n\t\t\t\t<menge>2</menge>\n\t\t\t</rposition>\n\t\t</rechnung>\n\t\t<rechnung rechnungNr="32" datum="20.10.00">\n\t\t\t<bezahlt>Y</bezahlt>\n\t\t\t<kundeNr>98077</kundeNr>\n\t\t\t<filNr>3</filNr>\n\t\t\t<rposition>\n\t\t\t\t<ean>5-6661-000-0-00</ean>\n\t\t\t\t<einzelPreis>380</einzelPreis>\n\t\t\t\t<menge>2</menge>\n\t\t\t</rposition>\n\t\t</rechnung>\n\t\t<rechnung rechnungNr="33" datum="21.10.00">\n\t\t\t<bezahlt>Y</bezahlt>\n\t\t\t<kundeNr>87654</kundeNr>\n\t\t\t<filNr>5</filNr>\n\t\t\t<rposition>\n\t\t\t\t<ean>6-231-4777-3-15</ean>\n\t\t\t\t<einzelPreis>500</einzelPreis>\n\t\t\t\t<menge>2</menge>\n\t\t\t</rposition>\n\t\t</rechnung>\n\t\t<rechnung rechnungNr="40" datum="11.08.00">\n\t\t\t<bezahlt>Y</bezahlt>\n\t\t\t<kundeNr>78436</kundeNr>\n\t\t\t<filNr>1</filNr>\n\t\t\t<rposition>\n\t\t\t\t<ean>6-581-1766-3-45</ean>\n\t\t\t\t<einzelPreis>200</einzelPreis>\n\t\t\t\t<menge>3</menge>\n\t\t\t</rposition>\n\t\t</rechnung>\n\t\t<rechnung rechnungNr="41" datum="20.10.00">\n\t\t\t<bezahlt>N</bezahlt>\n\t\t\t<kundeNr>78436</kundeNr>\n\t\t\t<filNr>3</filNr>\n\t\t\t<rposition>\n\t\t\t\t<ean>0-4381-880-7-00</ean>\n\t\t\t\t<einzelPreis>1100</einzelPreis>\n\t\t\t\t<menge>1</menge>\n\t\t\t</rposition>\n\t\t</rechnung>\n\t\t<rechnung rechnungNr="50" datum="11.08.00">\n\t\t\t<bezahlt>Y</bezahlt>\n\t\t\t<kundeNr>95543</kundeNr>\n\t\t\t<filNr>1</filNr>\n\t\t\t<rposition>\n\t\t\t\t<ean>9-396-7510-9-00</ean>\n\t\t\t\t<einzelPreis>12000</einzelPreis>\n\t\t\t\t<menge>1</menge>\n\t\t\t</rposition>\n\t\t\t<rposition>\n\t\t\t\t<ean>1-4444-652-8-88</ean>\n\t\t\t\t<einzelPreis>4500</einzelPreis>\n\t\t\t\t<menge>1</menge>\n\t\t\t</rposition>\n\t\t</rechnung>\n\t\t<rechnung rechnungNr="51" datum="20.10.00">\n\t\t\t<bezahlt>Y</bezahlt>\n\t\t\t<kundeNr>95543</kundeNr>\n\t\t\t<filNr>5</filNr>\n\t\t\t<rposition>\n\t\t\t\t<ean>4-1161-730-3-88</ean>\n\t\t\t\t<einzelPreis>510</einzelPreis>\n\t\t\t\t<menge>3</menge>\n\t\t\t</rposition>\n\t\t</rechnung>\n\t\t<rechnung rechnungNr="60" datum="11.08.00">\n\t\t\t<bezahlt>N</bezahlt>\n\t\t\t<kundeNr>13451</kundeNr>\n\t\t\t<filNr>2</filNr>\n\t\t\t<rposition>\n\t\t\t\t<ean>0-777-4997-2-43</ean>\n\t\t\t\t<einzelPreis>125</einzelPreis>\n\t\t\t\t<menge>3</menge>\n\t\t\t</rposition>\n\t\t</rechnung>\n\t\t<rechnung rechnungNr="61" datum="20.10.00">\n\t\t\t<bezahlt>N</bezahlt>\n\t\t\t<kundeNr>13451</kundeNr>\n\t\t\t<filNr>5</filNr>\n\t\t\t<rposition>\n\t\t\t\t<ean>5-6661-000-0-00</ean>\n\t\t\t\t<einzelPreis>500</einzelPreis>\n\t\t\t\t<menge>2</menge>\n\t\t\t</rposition>\n\t\t</rechnung>\n\t</rechnungen>\n</handelskette>\n	handelskette3.xml
5002	 <Bilanzen>\n \t<Bilanz jahr="2002">\n \t\t<Aktiva>\n \t\t\t<LangfristigesVermoegen>\n \t\t\t\t<Sachanlagen summe="1286575.8"/>\n \t\t\t\t<ImmateriellesVermoegen summe="37767.2"/>\n \t\t\t\t<Patente summe="27767.2"/>\n \t\t\t\t<AssoziierteUnternehmen summe="390826.3"/>\n \t\t\t\t<AndereBeteiligungen summe="707692.7"/>\n \t\t\t\t<Uebrige summe="32916.4"/>\n \t\t\t</LangfristigesVermoegen>\n \t\t\t<KurzfristigesVermoegen>\n \t\t\t\t<Vorraete summe="98830.9"/>\n \t\t\t\t<Forderungen summe="398210.3"/>\n \t\t\t\t<Finanzmittel summe="141102.0"/>\n \t\t\t</KurzfristigesVermoegen>\n \t\t</Aktiva>\n \t\t<Passiva>\n \t\t\t<Eigenkapital>\n \t\t\t\t<Grundkapital summe="61072.4"/>\n \t\t\t\t<Kapitalruecklagen summe="146789.5"/>\n \t\t\t\t<Gewinnruecklagen summe="758176.2"/>\n \t\t\t\t<Bewertungsruecklagen summe="-32922.4"/>\n \t\t\t\t<Waehrungsumrechnung summe="10000.0"/>\n \t\t\t\t<EigeneAktien summe="0"/>\n \t\t\t</Eigenkapital>\n \t\t\t<AnteileGesellschafter summe="22613.1"/>\n \t\t\t<LangfristigeVerb>\n \t\t\t\t<Finanzverbindlichkeiten summe="660007.1"/>\n \t\t\t\t<Wechselbetrugsrueckstellungen summe="666.66"/>\n \t\t\t\t<Steuern summe="36655.8"/>\n \t\t\t\t<Rueckstellungen summe="422286.1"/>\n \t\t\t\t<Baukostenzuschuesse summe="162246.0"/>\n \t\t\t\t<Uebrige summe="32166.9"/>\n \t\t\t</LangfristigeVerb>\n \t\t\t<KurzfristigeVerb>\n \t\t\t\t<Finanzverbindlichkeiten summe="14414.6"/>\n \t\t\t\t<Steuern summe="65547.6"/>\n \t\t\t\t<Lieferanten summe="92939.2"/>\n \t\t\t\t<Rueckstellungen summe="113664.8"/>\n \t\t\t\t<Uebrige summe="82464.8"/>\n \t\t\t</KurzfristigeVerb>\n \t\t</Passiva>\n \t</Bilanz>\n \t<Bilanz jahr="2003">\n \t\t<Aktiva>\n \t\t\t<LangfristigesVermoegen>\n \t\t\t\t<Sachanlagen summe="1790313.7"/>\n \t\t\t\t<ImmateriellesVermoegen summe="66693.2"/>\n \t\t\t\t<Patente summe="27767.2"/>\n \t\t\t\t<AssoziierteUnternehmen summe="168224.7"/>\n \t\t\t\t<AndereBeteiligungen summe="468489.3"/>\n \t\t\t\t<Uebrige summe="164566.7"/>\n \t\t\t</LangfristigesVermoegen>\n \t\t\t<KurzfristigesVermoegen>\n \t\t\t\t<Vorraete summe="26609.8"/>\n \t\t\t\t<Forderungen summe="269458.5"/>\n \t\t\t\t<Finanzmittel summe="362445.9"/>\n \t\t\t</KurzfristigesVermoegen>\n \t\t</Aktiva>\n \t\t<Passiva>\n \t\t\t<Eigenkapital>\n \t\t\t\t<Grundkapital summe="96072.4"/>\n \t\t\t\t<Kapitalruecklagen summe="166789.5"/>\n \t\t\t\t<Gewinnruecklagen summe="865723.4"/>\n \t\t\t\t<Bewertungsruecklagen summe="-16459.5"/>\n \t\t\t\t<Waehrungsumrechnung summe="-663.7"/>\n \t\t\t\t<EigeneAktien summe="0"/>\n \t\t\t</Eigenkapital>\n \t\t\t<AnteileGesellschafter summe="26669.8"/>\n \t\t\t<LangfristigeVerb>\n \t\t\t\t<Finanzverbindlichkeiten summe="763990.2"/>\n \t\t\t\t<Wechselbetrugsrueckstellungen summe="666.66"/>\n \t\t\t\t<Steuern summe="66156.8"/>\n \t\t\t\t<Rueckstellungen summe="365997.2"/>\n \t\t\t\t<Baukostenzuschuesse summe="167338.5"/>\n \t\t\t\t<Uebrige summe="36064.9"/>\n \t\t\t</LangfristigeVerb>\n \t\t\t<KurzfristigeVerb>\n \t\t\t\t<Finanzverbindlichkeiten summe="6664.7"/>\n \t\t\t\t<Steuern summe="96119.1"/>\n \t\t\t\t<Lieferanten summe="86606.0"/>\n \t\t\t\t<Rueckstellungen summe="168237.5"/>\n \t\t\t\t<Uebrige summe="96495.2"/>\n \t\t\t</KurzfristigeVerb>\n \t\t</Passiva>\n \t</Bilanz>\n </Bilanzen>\n	abschluesse_s.xml
5001	<Bilanzen>\n \t<Bilanz jahr="2002">\n \t\t<Aktiva>\n \t\t\t<LangfristigesVermoegen>\n \t\t\t\t<Sachanlagen summe="1486575.8"/>\n \t\t\t\t<ImmateriellesVermoegen summe="67767.2"/>\n \t\t\t\t<AssoziierteUnternehmen summe="190826.3"/>\n \t\t\t\t<AndereBeteiligungen summe="507692.7"/>\n \t\t\t\t<Uebrige summe="92916.4"/>\n \t\t\t</LangfristigesVermoegen>\n \t\t\t<KurzfristigesVermoegen>\n \t\t\t\t<Vorraete summe="78830.9"/>\n \t\t\t\t<Forderungen summe="198210.3"/>\n \t\t\t\t<Finanzmittel summe="181102.0"/>\n \t\t\t</KurzfristigesVermoegen>\n \t\t</Aktiva>\n \t\t<Passiva>\n \t\t\t<Eigenkapital>\n \t\t\t\t<Grundkapital summe="91072.4"/>\n \t\t\t\t<Kapitalruecklagen summe="186789.5"/>\n \t\t\t\t<Gewinnruecklagen summe="798176.2"/>\n \t\t\t\t<Bewertungsruecklagen summe="-34922.4"/>\n \t\t\t\t<Waehrungsumrechnung summe="0"/>\n \t\t\t\t<EigeneAktien summe="0"/>\n \t\t\t</Eigenkapital>\n \t\t\t<AnteileGesellschafter summe="23613.1"/>\n \t\t\t<LangfristigeVerb>\n \t\t\t\t<Finanzverbindlichkeiten summe="680007.1"/>\n \t\t\t\t<Steuern summe="36555.8"/>\n \t\t\t\t<Rueckstellungen summe="429286.1"/>\n \t\t\t\t<Baukostenzuschuesse summe="169246.0"/>\n \t\t\t\t<Uebrige summe="36166.9"/>\n \t\t\t</LangfristigeVerb>\n \t\t\t<KurzfristigeVerb>\n \t\t\t\t<Finanzverbindlichkeiten summe="14614.6"/>\n \t\t\t\t<Steuern summe="65247.6"/>\n \t\t\t\t<Lieferanten summe="94939.2"/>\n \t\t\t\t<Rueckstellungen summe="123664.8"/>\n \t\t\t\t<Uebrige summe="89464.8"/>\n \t\t\t</KurzfristigeVerb>\n \t\t</Passiva>\n \t</Bilanz>\n \t<Bilanz jahr="2003">\n \t\t<Aktiva>\n \t\t\t<LangfristigesVermoegen>\n \t\t\t\t<Sachanlagen summe="1590313.7"/>\n \t\t\t\t<ImmateriellesVermoegen summe="69693.2"/>\n \t\t\t\t<AssoziierteUnternehmen summe="198224.7"/>\n \t\t\t\t<AndereBeteiligungen summe="418489.3"/>\n \t\t\t\t<Uebrige summe="104566.7"/>\n \t\t\t</LangfristigesVermoegen>\n \t\t\t<KurzfristigesVermoegen>\n \t\t\t\t<Vorraete summe="20609.8"/>\n \t\t\t\t<Forderungen summe="289458.5"/>\n \t\t\t\t<Finanzmittel summe="302445.9"/>\n \t\t\t</KurzfristigesVermoegen>\n \t\t</Aktiva>\n \t\t<Passiva>\n \t\t\t<Eigenkapital>\n \t\t\t\t<Grundkapital summe="91072.4"/>\n \t\t\t\t<Kapitalruecklagen summe="186789.5"/>\n \t\t\t\t<Gewinnruecklagen summe="875723.4"/>\n \t\t\t\t<Bewertungsruecklagen summe="-15459.5"/>\n \t\t\t\t<Waehrungsumrechnung summe="-633.7"/>\n \t\t\t\t<EigeneAktien summe="0"/>\n \t\t\t</Eigenkapital>\n \t\t\t<AnteileGesellschafter summe="22669.8"/>\n \t\t\t<LangfristigeVerb>\n \t\t\t\t<Finanzverbindlichkeiten summe="733990.2"/>\n \t\t\t\t<Steuern summe="68156.8"/>\n \t\t\t\t<Rueckstellungen summe="395997.2"/>\n \t\t\t\t<Baukostenzuschuesse summe="177338.5"/>\n \t\t\t\t<Uebrige summe="38064.9"/>\n \t\t\t</LangfristigeVerb>\n \t\t\t<KurzfristigeVerb>\n \t\t\t\t<Finanzverbindlichkeiten summe="6634.7"/>\n \t\t\t\t<Steuern summe="97119.1"/>\n \t\t\t\t<Lieferanten summe="89606.0"/>\n \t\t\t\t<Rueckstellungen summe="128237.5"/>\n \t\t\t\t<Uebrige summe="98495.2"/>\n \t\t\t</KurzfristigeVerb>\n \t\t</Passiva>\n \t</Bilanz>\n </Bilanzen>\n	abschluesse.xml
5006	 <Bilanzen>\n \t<Bilanz jahr="2002">\n \t\t<Aktiva>\n \t\t\t<LangfristigesVermoegen>\n \t\t\t\t<Sachanlagen summe="1286575.8"/>\n \t\t\t\t<ImmateriellesVermoegen summe="37767.2"/>\n \t\t\t\t<Patente summe="27767.2"/>\n \t\t\t\t<AssoziierteUnternehmen summe="390826.3"/>\n \t\t\t\t<AndereBeteiligungen summe="707692.7"/>\n \t\t\t\t<Uebrige summe="32916.4"/>\n \t\t\t</LangfristigesVermoegen>\n \t\t\t<KurzfristigesVermoegen>\n \t\t\t\t<Vorraete summe="98830.9"/>\n \t\t\t\t<Forderungen summe="398210.3"/>\n \t\t\t\t<Finanzmittel summe="141102.0"/>\n \t\t\t</KurzfristigesVermoegen>\n \t\t</Aktiva>\n \t\t<Passiva>\n \t\t\t<Eigenkapital>\n \t\t\t\t<Grundkapital summe="61072.4"/>\n \t\t\t\t<Kapitalruecklagen summe="146789.5"/>\n \t\t\t\t<Gewinnruecklagen summe="758176.2"/>\n \t\t\t\t<Bewertungsruecklagen summe="-32922.4"/>\n \t\t\t\t<Waehrungsumrechnung summe="10000.0"/>\n \t\t\t\t<EigeneAktien summe="0"/>\n \t\t\t</Eigenkapital>\n \t\t\t<AnteileGesellschafter summe="22613.1"/>\n \t\t\t<LangfristigeVerb>\n \t\t\t\t<Finanzverbindlichkeiten summe="660007.1"/>\n \t\t\t\t<Wechselbetrugsrueckstellungen summe="666.66"/>\n \t\t\t\t<Steuern summe="36655.8"/>\n \t\t\t\t<Rueckstellungen summe="422286.1"/>\n \t\t\t\t<Baukostenzuschuesse summe="162246.0"/>\n \t\t\t\t<Uebrige summe="32166.9"/>\n \t\t\t</LangfristigeVerb>\n \t\t\t<KurzfristigeVerb>\n \t\t\t\t<Finanzverbindlichkeiten summe="14414.6"/>\n \t\t\t\t<Steuern summe="65547.6"/>\n \t\t\t\t<Lieferanten summe="92939.2"/>\n \t\t\t\t<Rueckstellungen summe="113664.8"/>\n \t\t\t\t<Uebrige summe="82464.8"/>\n \t\t\t</KurzfristigeVerb>\n \t\t</Passiva>\n \t</Bilanz>\n \t<Bilanz jahr="2003">\n \t\t<Aktiva>\n \t\t\t<LangfristigesVermoegen>\n \t\t\t\t<Sachanlagen summe="1790313.7"/>\n \t\t\t\t<ImmateriellesVermoegen summe="66693.2"/>\n \t\t\t\t<Patente summe="27767.2"/>\n \t\t\t\t<AssoziierteUnternehmen summe="168224.7"/>\n \t\t\t\t<AndereBeteiligungen summe="468489.3"/>\n \t\t\t\t<Uebrige summe="164566.7"/>\n \t\t\t</LangfristigesVermoegen>\n \t\t\t<KurzfristigesVermoegen>\n \t\t\t\t<Vorraete summe="26609.8"/>\n \t\t\t\t<Forderungen summe="269458.5"/>\n \t\t\t\t<Finanzmittel summe="362445.9"/>\n \t\t\t</KurzfristigesVermoegen>\n \t\t</Aktiva>\n \t\t<Passiva>\n \t\t\t<Eigenkapital>\n \t\t\t\t<Grundkapital summe="96072.4"/>\n \t\t\t\t<Kapitalruecklagen summe="166789.5"/>\n \t\t\t\t<Gewinnruecklagen summe="865723.4"/>\n \t\t\t\t<Bewertungsruecklagen summe="-16459.5"/>\n \t\t\t\t<Waehrungsumrechnung summe="-663.7"/>\n \t\t\t\t<EigeneAktien summe="0"/>\n \t\t\t</Eigenkapital>\n \t\t\t<AnteileGesellschafter summe="26669.8"/>\n \t\t\t<LangfristigeVerb>\n \t\t\t\t<Finanzverbindlichkeiten summe="763990.2"/>\n \t\t\t\t<Wechselbetrugsrueckstellungen summe="666.66"/>\n \t\t\t\t<Steuern summe="66156.8"/>\n \t\t\t\t<Rueckstellungen summe="365997.2"/>\n \t\t\t\t<Baukostenzuschuesse summe="167338.5"/>\n \t\t\t\t<Uebrige summe="36064.9"/>\n \t\t\t</LangfristigeVerb>\n \t\t\t<KurzfristigeVerb>\n \t\t\t\t<Finanzverbindlichkeiten summe="6664.7"/>\n \t\t\t\t<Steuern summe="96119.1"/>\n \t\t\t\t<Lieferanten summe="86606.0"/>\n \t\t\t\t<Rueckstellungen summe="168237.5"/>\n \t\t\t\t<Uebrige summe="96495.2"/>\n \t\t\t</KurzfristigeVerb>\n \t\t</Passiva>\n \t</Bilanz>\n </Bilanzen>\n	abschluesse.xml
5005	<Bilanzen>\n \t<Bilanz jahr="2002">\n \t\t<Aktiva>\n \t\t\t<LangfristigesVermoegen>\n \t\t\t\t<Sachanlagen summe="1286575.8"/>\n \t\t\t\t<ImmateriellesVermoegen summe="37767.2"/>\n \t\t\t\t<Patente summe="27767.2"/>\n \t\t\t\t<AssoziierteUnternehmen summe="390826.3"/>\n \t\t\t\t<AndereBeteiligungen summe="707692.7"/>\n \t\t\t\t<Uebrige summe="32916.4"/>\n \t\t\t</LangfristigesVermoegen>\n \t\t\t<KurzfristigesVermoegen>\n \t\t\t\t<Vorraete summe="98830.9"/>\n \t\t\t\t<Forderungen summe="398210.3"/>\n \t\t\t\t<Finanzmittel summe="141102.0"/>\n \t\t\t</KurzfristigesVermoegen>\n \t\t</Aktiva>\n \t\t<Passiva>\n \t\t\t<Eigenkapital>\n \t\t\t\t<Grundkapital summe="61072.4"/>\n \t\t\t\t<Kapitalruecklagen summe="146789.5"/>\n \t\t\t\t<Gewinnruecklagen summe="758176.2"/>\n \t\t\t\t<Bewertungsruecklagen summe="-32922.4"/>\n \t\t\t\t<Waehrungsumrechnung summe="10000.0"/>\n \t\t\t\t<EigeneAktien summe="0"/>\n \t\t\t</Eigenkapital>\n \t\t\t<AnteileGesellschafter summe="22613.1"/>\n \t\t\t<LangfristigeVerb>\n \t\t\t\t<Finanzverbindlichkeiten summe="660007.1"/>\n \t\t\t\t<Wechselbetrugsrueckstellungen summe="666.66"/>\n \t\t\t\t<Steuern summe="36655.8"/>\n \t\t\t\t<Rueckstellungen summe="422286.1"/>\n \t\t\t\t<Baukostenzuschuesse summe="162246.0"/>\n \t\t\t\t<Uebrige summe="32166.9"/>\n \t\t\t</LangfristigeVerb>\n \t\t\t<KurzfristigeVerb>\n \t\t\t\t<Finanzverbindlichkeiten summe="14414.6"/>\n \t\t\t\t<Steuern summe="65547.6"/>\n \t\t\t\t<Lieferanten summe="92939.2"/>\n \t\t\t\t<Rueckstellungen summe="113664.8"/>\n \t\t\t\t<Uebrige summe="82464.8"/>\n \t\t\t</KurzfristigeVerb>\n \t\t</Passiva>\n \t</Bilanz>\n \t<Bilanz jahr="2003">\n \t\t<Aktiva>\n \t\t\t<LangfristigesVermoegen>\n \t\t\t\t<Sachanlagen summe="1790313.7"/>\n \t\t\t\t<ImmateriellesVermoegen summe="66693.2"/>\n \t\t\t\t<Patente summe="27767.2"/>\n \t\t\t\t<AssoziierteUnternehmen summe="168224.7"/>\n \t\t\t\t<AndereBeteiligungen summe="468489.3"/>\n \t\t\t\t<Uebrige summe="164566.7"/>\n \t\t\t</LangfristigesVermoegen>\n \t\t\t<KurzfristigesVermoegen>\n \t\t\t\t<Vorraete summe="26609.8"/>\n \t\t\t\t<Forderungen summe="269458.5"/>\n \t\t\t\t<Finanzmittel summe="362445.9"/>\n \t\t\t</KurzfristigesVermoegen>\n \t\t</Aktiva>\n \t\t<Passiva>\n \t\t\t<Eigenkapital>\n \t\t\t\t<Grundkapital summe="96072.4"/>\n \t\t\t\t<Kapitalruecklagen summe="166789.5"/>\n \t\t\t\t<Gewinnruecklagen summe="865723.4"/>\n \t\t\t\t<Bewertungsruecklagen summe="-16459.5"/>\n \t\t\t\t<Waehrungsumrechnung summe="-663.7"/>\n \t\t\t\t<EigeneAktien summe="0"/>\n \t\t\t</Eigenkapital>\n \t\t\t<AnteileGesellschafter summe="26669.8"/>\n \t\t\t<LangfristigeVerb>\n \t\t\t\t<Finanzverbindlichkeiten summe="763990.2"/>\n \t\t\t\t<Wechselbetrugsrueckstellungen summe="666.66"/>\n \t\t\t\t<Steuern summe="66156.8"/>\n \t\t\t\t<Rueckstellungen summe="365997.2"/>\n \t\t\t\t<Baukostenzuschuesse summe="167338.5"/>\n \t\t\t\t<Uebrige summe="36064.9"/>\n \t\t\t</LangfristigeVerb>\n \t\t\t<KurzfristigeVerb>\n \t\t\t\t<Finanzverbindlichkeiten summe="6664.7"/>\n \t\t\t\t<Steuern summe="96119.1"/>\n \t\t\t\t<Lieferanten summe="86606.0"/>\n \t\t\t\t<Rueckstellungen summe="168237.5"/>\n \t\t\t\t<Uebrige summe="96495.2"/>\n \t\t\t</KurzfristigeVerb>\n \t\t</Passiva>\n \t</Bilanz>\n </Bilanzen>\n	abschluesse.xml
5009	<Bilanzen xmlns:xsi="http://www.w3.org/2001/XMLSchema-instance" xsi:noNamespaceSchemaLocation="http://etutor.dke.uni-linz.ac.at/etutor/images/assignments/evn_bilanz.xsd">\n\t<Bilanz jahr="2002">\n\t\t<Aktiva>\n\t\t\t<LangfristigesVermoegen>\n\t\t\t\t<Sachanlagen summe="1486575.8"/>\n\t\t\t\t<ImmateriellesVermoegen summe="67767.2"/>\n\t\t\t\t<AssoziierteUnternehmen summe="190826.3"/>\n\t\t\t\t<AndereBeteiligungen summe="507692.7"/>\n\t\t\t\t<Uebrige summe="92916.4"/>\n\t\t\t</LangfristigesVermoegen>\n\t\t\t<KurzfristigesVermoegen>\n\t\t\t\t<Vorraete summe="78830.9"/>\n\t\t\t\t<Forderungen summe="198210.3"/>\n\t\t\t\t<Finanzmittel summe="181102.0"/>\n\t\t\t</KurzfristigesVermoegen>\n\t\t</Aktiva>\n\t\t<Passiva>\n\t\t\t<Eigenkapital>\n\t\t\t\t<Grundkapital summe="91072.4"/>\n\t\t\t\t<Kapitalruecklagen summe="186789.5"/>\n\t\t\t\t<Gewinnruecklagen summe="798176.2"/>\n\t\t\t\t<Bewertungsruecklagen summe="-34922.4"/>\n\t\t\t\t<Waehrungsumrechnung summe="0"/>\n\t\t\t\t<EigeneAktien summe="0"/>\n\t\t\t</Eigenkapital>\n\t\t\t<AnteileGesellschafter summe="23613.1"/>\n\t\t\t<LangfristigeVerb>\n\t\t\t\t<Finanzverbindlichkeiten summe="680007.1"/>\n\t\t\t\t<Steuern summe="36555.8"/>\n\t\t\t\t<Rueckstellungen summe="429286.1"/>\n\t\t\t\t<Baukostenzuschuesse summe="169246.0"/>\n\t\t\t\t<Uebrige summe="36166.9"/>\n\t\t\t</LangfristigeVerb>\n\t\t\t<KurzfristigeVerb>\n\t\t\t\t<Finanzverbindlichkeiten summe="14614.6"/>\n\t\t\t\t<Steuern summe="65247.6"/>\n\t\t\t\t<Lieferanten summe="94939.2"/>\n\t\t\t\t<Rueckstellungen summe="123664.8"/>\n\t\t\t\t<Uebrige summe="89464.8"/>\n\t\t\t</KurzfristigeVerb>\n\t\t</Passiva>\n\t</Bilanz>\n\t<Bilanz jahr="2003">\n\t\t<Aktiva>\n\t\t\t<LangfristigesVermoegen>\n\t\t\t\t<Sachanlagen summe="1590313.7"/>\n\t\t\t\t<ImmateriellesVermoegen summe="69693.2"/>\n\t\t\t\t<AssoziierteUnternehmen summe="198224.7"/>\n\t\t\t\t<AndereBeteiligungen summe="418489.3"/>\n\t\t\t\t<Uebrige summe="104566.7"/>\n\t\t\t</LangfristigesVermoegen>\n\t\t\t<KurzfristigesVermoegen>\n\t\t\t\t<Vorraete summe="20609.8"/>\n\t\t\t\t<Forderungen summe="289458.5"/>\n\t\t\t\t<Finanzmittel summe="302445.9"/>\n\t\t\t</KurzfristigesVermoegen>\n\t\t</Aktiva>\n\t\t<Passiva>\n\t\t\t<Eigenkapital>\n\t\t\t\t<Grundkapital summe="91072.4"/>\n\t\t\t\t<Kapitalruecklagen summe="186789.5"/>\n\t\t\t\t<Gewinnruecklagen summe="875723.4"/>\n\t\t\t\t<Bewertungsruecklagen summe="-15459.5"/>\n\t\t\t\t<Waehrungsumrechnung summe="-633.7"/>\n\t\t\t\t<EigeneAktien summe="0"/>\n\t\t\t</Eigenkapital>\n\t\t\t<AnteileGesellschafter summe="22669.8"/>\n\t\t\t<LangfristigeVerb>\n\t\t\t\t<Finanzverbindlichkeiten summe="733990.2"/>\n\t\t\t\t<Steuern summe="68156.8"/>\n\t\t\t\t<Rueckstellungen summe="395997.2"/>\n\t\t\t\t<Baukostenzuschuesse summe="177338.5"/>\n\t\t\t\t<Uebrige summe="38064.9"/>\n\t\t\t</LangfristigeVerb>\n\t\t\t<KurzfristigeVerb>\n\t\t\t\t<Finanzverbindlichkeiten summe="6634.7"/>\n\t\t\t\t<Steuern summe="97119.1"/>\n\t\t\t\t<Lieferanten summe="89606.0"/>\n\t\t\t\t<Rueckstellungen summe="128237.5"/>\n\t\t\t\t<Uebrige summe="98495.2"/>\n\t\t\t</KurzfristigeVerb>\n\t\t</Passiva>\n\t</Bilanz>\n</Bilanzen>\n	<Bilanz jahr="2002">
5010	<Bilanzen xmlns:xsi="http://www.w3.org/2001/XMLSchema-instance" xsi:noNamespaceSchemaLocation="http://etutor.dke.uni-linz.ac.at/etutor/images/assignments/evn_bilanz_shadow.xsd">\n\t<Bilanz jahr="2002">\n\t\t<Aktiva>\n\t\t\t<LangfristigesVermoegen>\n\t\t\t\t<Sachanlagen summe="1286575.8"/>\n\t\t\t\t<ImmateriellesVermoegen summe="37767.2"/>\n\t\t\t\t<Patente summe="27767.2"/>\n\t\t\t\t<AssoziierteUnternehmen summe="390826.3"/>\n\t\t\t\t<AndereBeteiligungen summe="707692.7"/>\n\t\t\t\t<Uebrige summe="32916.4"/>\n\t\t\t</LangfristigesVermoegen>\n\t\t\t<KurzfristigesVermoegen>\n\t\t\t\t<Vorraete summe="98830.9"/>\n\t\t\t\t<Forderungen summe="398210.3"/>\n\t\t\t\t<Finanzmittel summe="141102.0"/>\n\t\t\t</KurzfristigesVermoegen>\n\t\t</Aktiva>\n\t\t<Passiva>\n\t\t\t<Eigenkapital>\n\t\t\t\t<Grundkapital summe="61072.4"/>\n\t\t\t\t<Kapitalruecklagen summe="146789.5"/>\n\t\t\t\t<Gewinnruecklagen summe="758176.2"/>\n\t\t\t\t<Bewertungsruecklagen summe="-32922.4"/>\n\t\t\t\t<Waehrungsumrechnung summe="10000.0"/>\n\t\t\t\t<EigeneAktien summe="0"/>\n\t\t\t</Eigenkapital>\n\t\t\t<AnteileGesellschafter summe="22613.1"/>\n\t\t\t<LangfristigeVerb>\n\t\t\t\t<Finanzverbindlichkeiten summe="660007.1"/>\n\t\t\t\t<Wechselbetrugsrueckstellungen summe="666.66"/>\n\t\t\t\t<Steuern summe="36655.8"/>\n\t\t\t\t<Rueckstellungen summe="422286.1"/>\n\t\t\t\t<Baukostenzuschuesse summe="162246.0"/>\n\t\t\t\t<Uebrige summe="32166.9"/>\n\t\t\t</LangfristigeVerb>\n\t\t\t<KurzfristigeVerb>\n\t\t\t\t<Finanzverbindlichkeiten summe="14414.6"/>\n\t\t\t\t<Steuern summe="65547.6"/>\n\t\t\t\t<Lieferanten summe="92939.2"/>\n\t\t\t\t<Rueckstellungen summe="113664.8"/>\n\t\t\t\t<Uebrige summe="82464.8"/>\n\t\t\t</KurzfristigeVerb>\n\t\t</Passiva>\n\t</Bilanz>\n\t<Bilanz jahr="2003">\n\t\t<Aktiva>\n\t\t\t<LangfristigesVermoegen>\n\t\t\t\t<Sachanlagen summe="1790313.7"/>\n\t\t\t\t<ImmateriellesVermoegen summe="66693.2"/>\n\t\t\t\t<Patente summe="27767.2"/>\n\t\t\t\t<AssoziierteUnternehmen summe="168224.7"/>\n\t\t\t\t<AndereBeteiligungen summe="468489.3"/>\n\t\t\t\t<Uebrige summe="164566.7"/>\n\t\t\t</LangfristigesVermoegen>\n\t\t\t<KurzfristigesVermoegen>\n\t\t\t\t<Vorraete summe="26609.8"/>\n\t\t\t\t<Forderungen summe="269458.5"/>\n\t\t\t\t<Finanzmittel summe="362445.9"/>\n\t\t\t</KurzfristigesVermoegen>\n\t\t</Aktiva>\n\t\t<Passiva>\n\t\t\t<Eigenkapital>\n\t\t\t\t<Grundkapital summe="96072.4"/>\n\t\t\t\t<Kapitalruecklagen summe="166789.5"/>\n\t\t\t\t<Gewinnruecklagen summe="865723.4"/>\n\t\t\t\t<Bewertungsruecklagen summe="-16459.5"/>\n\t\t\t\t<Waehrungsumrechnung summe="-663.7"/>\n\t\t\t\t<EigeneAktien summe="0"/>\n\t\t\t</Eigenkapital>\n\t\t\t<AnteileGesellschafter summe="26669.8"/>\n\t\t\t<LangfristigeVerb>\n\t\t\t\t<Finanzverbindlichkeiten summe="763990.2"/>\n\t\t\t\t<Wechselbetrugsrueckstellungen summe="666.66"/>\n\t\t\t\t<Steuern summe="66156.8"/>\n\t\t\t\t<Rueckstellungen summe="365997.2"/>\n\t\t\t\t<Baukostenzuschuesse summe="167338.5"/>\n\t\t\t\t<Uebrige summe="36064.9"/>\n\t\t\t</LangfristigeVerb>\n\t\t\t<KurzfristigeVerb>\n\t\t\t\t<Finanzverbindlichkeiten summe="6664.7"/>\n\t\t\t\t<Steuern summe="96119.1"/>\n\t\t\t\t<Lieferanten summe="86606.0"/>\n\t\t\t\t<Rueckstellungen summe="168237.5"/>\n\t\t\t\t<Uebrige summe="96495.2"/>\n\t\t\t</KurzfristigeVerb>\n\t\t</Passiva>\n\t</Bilanz>\n</Bilanzen>\n	\N
\.


--
-- Name: error_categories cat_id; Type: CONSTRAINT; Schema: public; Owner: postgres
--

ALTER TABLE ONLY public.error_categories
    ADD CONSTRAINT cat_id PRIMARY KEY (id);


--
-- Name: exercise exercise_pkey; Type: CONSTRAINT; Schema: public; Owner: postgres
--

ALTER TABLE ONLY public.exercise
    ADD CONSTRAINT exercise_pkey PRIMARY KEY (id);


--
-- Name: error_gradings grad_unique; Type: CONSTRAINT; Schema: public; Owner: postgres
--

ALTER TABLE ONLY public.error_gradings
    ADD CONSTRAINT grad_unique UNIQUE (grading_group, grading_category);


--
-- Name: xmldocs xmldocs_pkey; Type: CONSTRAINT; Schema: public; Owner: postgres
--

ALTER TABLE ONLY public.xmldocs
    ADD CONSTRAINT xmldocs_pkey PRIMARY KEY (id);


--
-- PostgreSQL database dump complete
--


